Country/Region,population,1/22/20,1/23/20,1/24/20,1/25/20,1/26/20,1/27/20,1/28/20,1/29/20,1/30/20,1/31/20,2/1/20,2/2/20,2/3/20,2/4/20,2/5/20,2/6/20,2/7/20,2/8/20,2/9/20,2/10/20,2/11/20,2/12/20,2/13/20,2/14/20,2/15/20,2/16/20,2/17/20,2/18/20,2/19/20,2/20/20,2/21/20,2/22/20,2/23/20,2/24/20,2/25/20,2/26/20,2/27/20,2/28/20,2/29/20,3/1/20,3/2/20,3/3/20,3/4/20,3/5/20,3/6/20,3/7/20,3/8/20,3/9/20,3/10/20,3/11/20,3/12/20,3/13/20,3/14/20,3/15/20,3/16/20,3/17/20,3/18/20,3/19/20,3/20/20,3/21/20,3/22/20,3/23/20,3/24/20,3/25/20,3/26/20,3/27/20,3/28/20,3/29/20,3/30/20,3/31/20,4/1/20,4/2/20,4/3/20,4/4/20,4/5/20,4/6/20,4/7/20,4/8/20,4/9/20,4/10/20,4/11/20,4/12/20,4/13/20,4/14/20,4/15/20,4/16/20,4/17/20,4/18/20,4/19/20,4/20/20,4/21/20,4/22/20,4/23/20,4/24/20,4/25/20,4/26/20,4/27/20,4/28/20,4/29/20
Yemen,,,,,,,,,,,,,,,,,,,,,,,,,,,,,,,,,,,,,,,,,,,,,,,,,,,,,,,,,,,,,,,,,,,,,,,,,,,,,,,,,,,,,,,,,,,,,,,,,,,,
Western Sahara,,,,,,,,,,,,,,,,,,,,,,,,,,,,,,,,,,,,,,,,,,,,,,,,,,,,,,,,,,,,,,,,,,,,,,,,,,,,,,,,,,,,,,,,,,,,,,,,,,,,
Bhutan,797765.0,0.0,0.0,0.0,0.0,0.0,0.0,0.0,0.0,0.0,0.0,0.0,0.0,0.0,0.0,0.0,0.0,0.0,0.0,0.0,0.0,0.0,0.0,0.0,0.0,0.0,0.0,0.0,0.0,0.0,0.0,0.0,0.0,0.0,0.0,0.0,0.0,0.0,0.0,0.0,0.0,0.0,0.0,0.0,0.0,1.3,1.3,1.3,1.3,1.3,1.3,1.3,1.3,1.3,1.3,1.3,1.3,1.3,1.3,2.5,2.5,2.5,2.5,2.5,2.5,2.5,3.8,3.8,5.0,5.0,5.0,5.0,6.3,6.3,6.3,6.3,6.3,6.3,6.3,6.3,6.3,6.3,6.3,6.3,6.3,6.3,6.3,6.3,6.3,6.3,6.3,7.5,7.5,8.8,8.8,8.8,8.8,8.8,8.8,8.8
Sao Tome and Principe,,,,,,,,,,,,,,,,,,,,,,,,,,,,,,,,,,,,,,,,,,,,,,,,,,,,,,,,,,,,,,,,,,,,,,,,,,,,,,,,,,,,,,,,,,,,,,,,,,,,
Mauritania,4301018.0,0.0,0.0,0.0,0.0,0.0,0.0,0.0,0.0,0.0,0.0,0.0,0.0,0.0,0.0,0.0,0.0,0.0,0.0,0.0,0.0,0.0,0.0,0.0,0.0,0.0,0.0,0.0,0.0,0.0,0.0,0.0,0.0,0.0,0.0,0.0,0.0,0.0,0.0,0.0,0.0,0.0,0.0,0.0,0.0,0.0,0.0,0.0,0.0,0.0,0.0,0.0,0.0,0.2,0.2,0.2,0.2,0.2,0.5,0.5,0.5,0.5,0.5,0.5,0.5,0.7,0.7,1.2,1.2,1.2,1.4,1.4,1.4,1.4,1.4,1.4,1.4,1.4,1.4,1.6,1.6,1.6,1.6,1.6,1.6,1.6,1.6,1.6,1.6,1.6,1.6,1.6,1.6,1.6,1.6,1.6,1.6,1.6,1.6,1.9
Papua New Guinea,8084991.0,0.0,0.0,0.0,0.0,0.0,0.0,0.0,0.0,0.0,0.0,0.0,0.0,0.0,0.0,0.0,0.0,0.0,0.0,0.0,0.0,0.0,0.0,0.0,0.0,0.0,0.0,0.0,0.0,0.0,0.0,0.0,0.0,0.0,0.0,0.0,0.0,0.0,0.0,0.0,0.0,0.0,0.0,0.0,0.0,0.0,0.0,0.0,0.0,0.0,0.0,0.0,0.0,0.0,0.0,0.0,0.0,0.0,0.0,0.1,0.1,0.1,0.1,0.1,0.1,0.1,0.1,0.1,0.1,0.1,0.1,0.1,0.1,0.1,0.1,0.1,0.2,0.2,0.2,0.2,0.2,0.2,0.2,0.2,0.2,0.2,0.9,0.9,0.9,0.9,0.9,0.9,1.0,1.0,1.0,1.0,1.0,1.0,1.0,1.0
Suriname,558368.0,0.0,0.0,0.0,0.0,0.0,0.0,0.0,0.0,0.0,0.0,0.0,0.0,0.0,0.0,0.0,0.0,0.0,0.0,0.0,0.0,0.0,0.0,0.0,0.0,0.0,0.0,0.0,0.0,0.0,0.0,0.0,0.0,0.0,0.0,0.0,0.0,0.0,0.0,0.0,0.0,0.0,0.0,0.0,0.0,0.0,0.0,0.0,0.0,0.0,0.0,0.0,0.0,1.8,1.8,1.8,1.8,1.8,1.8,7.2,7.2,9.0,9.0,12.5,14.3,14.3,14.3,14.3,14.3,14.3,16.1,17.9,17.9,17.9,17.9,17.9,17.9,17.9,17.9,17.9,17.9,17.9,17.9,17.9,17.9,17.9,17.9,17.9,17.9,17.9,17.9,17.9,17.9,17.9,17.9,17.9,17.9,17.9,17.9,17.9
Holy See,,,,,,,,,,,,,,,,,,,,,,,,,,,,,,,,,,,,,,,,,,,,,,,,,,,,,,,,,,,,,,,,,,,,,,,,,,,,,,,,,,,,,,,,,,,,,,,,,,,,
Gambia,2038501.0,0.0,0.0,0.0,0.0,0.0,0.0,0.0,0.0,0.0,0.0,0.0,0.0,0.0,0.0,0.0,0.0,0.0,0.0,0.0,0.0,0.0,0.0,0.0,0.0,0.0,0.0,0.0,0.0,0.0,0.0,0.0,0.0,0.0,0.0,0.0,0.0,0.0,0.0,0.0,0.0,0.0,0.0,0.0,0.0,0.0,0.0,0.0,0.0,0.0,0.0,0.0,0.0,0.0,0.0,0.0,0.5,0.5,0.5,0.5,0.5,0.5,1.0,1.5,1.5,1.5,1.5,1.5,2.0,2.0,2.0,2.0,2.0,2.0,2.0,2.0,2.0,2.0,2.0,2.0,2.0,4.4,4.4,4.4,4.4,4.4,4.4,4.4,4.4,4.9,4.9,4.9,4.9,4.9,4.9,4.9,4.9,4.9,4.9,4.9
Burundi,10524117.0,0.0,0.0,0.0,0.0,0.0,0.0,0.0,0.0,0.0,0.0,0.0,0.0,0.0,0.0,0.0,0.0,0.0,0.0,0.0,0.0,0.0,0.0,0.0,0.0,0.0,0.0,0.0,0.0,0.0,0.0,0.0,0.0,0.0,0.0,0.0,0.0,0.0,0.0,0.0,0.0,0.0,0.0,0.0,0.0,0.0,0.0,0.0,0.0,0.0,0.0,0.0,0.0,0.0,0.0,0.0,0.0,0.0,0.0,0.0,0.0,0.0,0.0,0.0,0.0,0.0,0.0,0.0,0.0,0.0,0.2,0.2,0.3,0.3,0.3,0.3,0.3,0.3,0.3,0.3,0.3,0.5,0.5,0.5,0.5,0.5,0.5,0.5,0.5,0.5,0.5,0.5,1.0,1.0,1.0,1.0,1.0,1.0,1.0,1.0
Seychelles,94677.0,0.0,0.0,0.0,0.0,0.0,0.0,0.0,0.0,0.0,0.0,0.0,0.0,0.0,0.0,0.0,0.0,0.0,0.0,0.0,0.0,0.0,0.0,0.0,0.0,0.0,0.0,0.0,0.0,0.0,0.0,0.0,0.0,0.0,0.0,0.0,0.0,0.0,0.0,0.0,0.0,0.0,0.0,0.0,0.0,0.0,0.0,0.0,0.0,0.0,0.0,0.0,0.0,21.1,21.1,31.7,42.2,42.2,63.4,73.9,73.9,73.9,73.9,73.9,73.9,73.9,73.9,84.5,84.5,84.5,105.6,105.6,105.6,105.6,105.6,105.6,116.2,116.2,116.2,116.2,116.2,116.2,116.2,116.2,116.2,116.2,116.2,116.2,116.2,116.2,116.2,116.2,116.2,116.2,116.2,116.2,116.2,116.2,116.2,116.2
Nicaragua,6149928.0,0.0,0.0,0.0,0.0,0.0,0.0,0.0,0.0,0.0,0.0,0.0,0.0,0.0,0.0,0.0,0.0,0.0,0.0,0.0,0.0,0.0,0.0,0.0,0.0,0.0,0.0,0.0,0.0,0.0,0.0,0.0,0.0,0.0,0.0,0.0,0.0,0.0,0.0,0.0,0.0,0.0,0.0,0.0,0.0,0.0,0.0,0.0,0.0,0.0,0.0,0.0,0.0,0.0,0.0,0.0,0.0,0.0,0.2,0.2,0.3,0.3,0.3,0.3,0.3,0.3,0.3,0.7,0.7,0.7,0.8,0.8,0.8,0.8,0.8,1.0,1.0,1.0,1.0,1.1,1.1,1.3,1.5,1.5,1.5,1.5,1.5,1.5,1.5,1.6,1.6,1.6,1.6,1.8,1.8,2.0,2.1,2.1,2.1,2.1
Saint Kitts and Nevis,,,,,,,,,,,,,,,,,,,,,,,,,,,,,,,,,,,,,,,,,,,,,,,,,,,,,,,,,,,,,,,,,,,,,,,,,,,,,,,,,,,,,,,,,,,,,,,,,,,,
Dominica,,,,,,,,,,,,,,,,,,,,,,,,,,,,,,,,,,,,,,,,,,,,,,,,,,,,,,,,,,,,,,,,,,,,,,,,,,,,,,,,,,,,,,,,,,,,,,,,,,,,
Saint Vincent and the Grenadines,,,,,,,,,,,,,,,,,,,,,,,,,,,,,,,,,,,,,,,,,,,,,,,,,,,,,,,,,,,,,,,,,,,,,,,,,,,,,,,,,,,,,,,,,,,,,,,,,,,,
Namibia,2479713.0,0.0,0.0,0.0,0.0,0.0,0.0,0.0,0.0,0.0,0.0,0.0,0.0,0.0,0.0,0.0,0.0,0.0,0.0,0.0,0.0,0.0,0.0,0.0,0.0,0.0,0.0,0.0,0.0,0.0,0.0,0.0,0.0,0.0,0.0,0.0,0.0,0.0,0.0,0.0,0.0,0.0,0.0,0.0,0.0,0.0,0.0,0.0,0.0,0.0,0.0,0.0,0.0,0.8,0.8,0.8,0.8,0.8,1.2,1.2,1.2,1.2,1.6,2.8,2.8,3.2,3.2,3.2,4.4,4.4,4.4,5.6,5.6,5.6,5.6,6.5,6.5,6.5,6.5,6.5,6.5,6.5,6.5,6.5,6.5,6.5,6.5,6.5,6.5,6.5,6.5,6.5,6.5,6.5,6.5,6.5,6.5,6.5,6.5,6.5
Saint Lucia,,,,,,,,,,,,,,,,,,,,,,,,,,,,,,,,,,,,,,,,,,,,,,,,,,,,,,,,,,,,,,,,,,,,,,,,,,,,,,,,,,,,,,,,,,,,,,,,,,,,
Fiji,898760.0,0.0,0.0,0.0,0.0,0.0,0.0,0.0,0.0,0.0,0.0,0.0,0.0,0.0,0.0,0.0,0.0,0.0,0.0,0.0,0.0,0.0,0.0,0.0,0.0,0.0,0.0,0.0,0.0,0.0,0.0,0.0,0.0,0.0,0.0,0.0,0.0,0.0,0.0,0.0,0.0,0.0,0.0,0.0,0.0,0.0,0.0,0.0,0.0,0.0,0.0,0.0,0.0,0.0,0.0,0.0,0.0,0.0,1.1,1.1,1.1,2.2,3.3,4.5,5.6,5.6,5.6,5.6,5.6,5.6,5.6,5.6,7.8,7.8,13.4,13.4,15.6,16.7,16.7,16.7,17.8,17.8,17.8,17.8,17.8,17.8,18.9,18.9,18.9,18.9,20.0,20.0,20.0,20.0,20.0,20.0,20.0,20.0,20.0,20.0
Belize,366954.0,0.0,0.0,0.0,0.0,0.0,0.0,0.0,0.0,0.0,0.0,0.0,0.0,0.0,0.0,0.0,0.0,0.0,0.0,0.0,0.0,0.0,0.0,0.0,0.0,0.0,0.0,0.0,0.0,0.0,0.0,0.0,0.0,0.0,0.0,0.0,0.0,0.0,0.0,0.0,0.0,0.0,0.0,0.0,0.0,0.0,0.0,0.0,0.0,0.0,0.0,0.0,0.0,0.0,0.0,0.0,0.0,0.0,0.0,0.0,0.0,0.0,2.7,2.7,5.5,5.5,5.5,5.5,5.5,8.2,8.2,8.2,8.2,10.9,10.9,13.6,19.1,19.1,21.8,24.5,27.3,35.4,38.2,49.1,49.1,49.1,49.1,49.1,49.1,49.1,49.1,49.1,49.1,49.1,49.1,49.1,49.1,49.1,49.1,49.1
Laos,,,,,,,,,,,,,,,,,,,,,,,,,,,,,,,,,,,,,,,,,,,,,,,,,,,,,,,,,,,,,,,,,,,,,,,,,,,,,,,,,,,,,,,,,,,,,,,,,,,,
Grenada,,,,,,,,,,,,,,,,,,,,,,,,,,,,,,,,,,,,,,,,,,,,,,,,,,,,,,,,,,,,,,,,,,,,,,,,,,,,,,,,,,,,,,,,,,,,,,,,,,,,
Botswana,,,,,,,,,,,,,,,,,,,,,,,,,,,,,,,,,,,,,,,,,,,,,,,,,,,,,,,,,,,,,,,,,,,,,,,,,,,,,,,,,,,,,,,,,,,,,,,,,,,,
Timor-Leste,,,,,,,,,,,,,,,,,,,,,,,,,,,,,,,,,,,,,,,,,,,,,,,,,,,,,,,,,,,,,,,,,,,,,,,,,,,,,,,,,,,,,,,,,,,,,,,,,,,,
Antigua and Barbuda,100963.0,0.0,0.0,0.0,0.0,0.0,0.0,0.0,0.0,0.0,0.0,0.0,0.0,0.0,0.0,0.0,0.0,0.0,0.0,0.0,0.0,0.0,0.0,0.0,0.0,0.0,0.0,0.0,0.0,0.0,0.0,0.0,0.0,0.0,0.0,0.0,0.0,0.0,0.0,0.0,0.0,0.0,0.0,0.0,0.0,0.0,0.0,0.0,0.0,0.0,0.0,0.0,9.9,9.9,9.9,9.9,9.9,9.9,9.9,9.9,9.9,9.9,29.7,29.7,29.7,69.3,69.3,69.3,69.3,69.3,69.3,69.3,89.1,148.6,148.6,148.6,148.6,188.2,188.2,188.2,188.2,208.0,208.0,227.8,227.8,227.8,227.8,227.8,227.8,227.8,227.8,227.8,237.7,237.7,237.7,237.7,237.7,237.7,237.7,237.7
Angola,28813463.0,0.0,0.0,0.0,0.0,0.0,0.0,0.0,0.0,0.0,0.0,0.0,0.0,0.0,0.0,0.0,0.0,0.0,0.0,0.0,0.0,0.0,0.0,0.0,0.0,0.0,0.0,0.0,0.0,0.0,0.0,0.0,0.0,0.0,0.0,0.0,0.0,0.0,0.0,0.0,0.0,0.0,0.0,0.0,0.0,0.0,0.0,0.0,0.0,0.0,0.0,0.0,0.0,0.0,0.0,0.0,0.0,0.0,0.0,0.0,0.1,0.1,0.1,0.1,0.1,0.1,0.1,0.2,0.2,0.2,0.2,0.3,0.3,0.3,0.3,0.5,0.6,0.6,0.7,0.7,0.7,0.7,0.7,0.7,0.7,0.7,0.7,0.7,0.8,0.8,0.8,0.8,0.9,0.9,0.9,0.9,0.9,0.9,0.9,0.9
Zimbabwe,16150362.0,0.0,0.0,0.0,0.0,0.0,0.0,0.0,0.0,0.0,0.0,0.0,0.0,0.0,0.0,0.0,0.0,0.0,0.0,0.0,0.0,0.0,0.0,0.0,0.0,0.0,0.0,0.0,0.0,0.0,0.0,0.0,0.0,0.0,0.0,0.0,0.0,0.0,0.0,0.0,0.0,0.0,0.0,0.0,0.0,0.0,0.0,0.0,0.0,0.0,0.0,0.0,0.0,0.0,0.0,0.0,0.0,0.0,0.0,0.1,0.2,0.2,0.2,0.2,0.2,0.2,0.3,0.4,0.4,0.4,0.5,0.5,0.6,0.6,0.6,0.6,0.6,0.7,0.7,0.7,0.8,0.9,0.9,1.1,1.1,1.4,1.4,1.5,1.5,1.5,1.5,1.7,1.7,1.7,1.8,1.9,1.9,2.0,2.0,2.0
South Sudan,,,,,,,,,,,,,,,,,,,,,,,,,,,,,,,,,,,,,,,,,,,,,,,,,,,,,,,,,,,,,,,,,,,,,,,,,,,,,,,,,,,,,,,,,,,,,,,,,,,,
Malawi,18091575.0,0.0,0.0,0.0,0.0,0.0,0.0,0.0,0.0,0.0,0.0,0.0,0.0,0.0,0.0,0.0,0.0,0.0,0.0,0.0,0.0,0.0,0.0,0.0,0.0,0.0,0.0,0.0,0.0,0.0,0.0,0.0,0.0,0.0,0.0,0.0,0.0,0.0,0.0,0.0,0.0,0.0,0.0,0.0,0.0,0.0,0.0,0.0,0.0,0.0,0.0,0.0,0.0,0.0,0.0,0.0,0.0,0.0,0.0,0.0,0.0,0.0,0.0,0.0,0.0,0.0,0.0,0.0,0.0,0.0,0.0,0.0,0.2,0.2,0.2,0.2,0.3,0.4,0.4,0.4,0.5,0.7,0.7,0.9,0.9,0.9,0.9,0.9,0.9,0.9,0.9,1.0,1.3,1.8,1.8,1.8,1.9,2.0,2.0,2.0
Mongolia,3027398.0,0.0,0.0,0.0,0.0,0.0,0.0,0.0,0.0,0.0,0.0,0.0,0.0,0.0,0.0,0.0,0.0,0.0,0.0,0.0,0.0,0.0,0.0,0.0,0.0,0.0,0.0,0.0,0.0,0.0,0.0,0.0,0.0,0.0,0.0,0.0,0.0,0.0,0.0,0.0,0.0,0.0,0.0,0.0,0.0,0.0,0.0,0.0,0.0,0.3,0.3,0.3,0.3,0.3,0.3,0.3,1.7,2.0,2.0,2.0,3.3,3.3,3.3,3.3,3.3,3.6,3.6,4.0,4.0,4.0,4.0,4.6,4.6,4.6,4.6,4.6,5.0,5.0,5.3,5.3,5.3,5.3,5.3,5.6,9.9,9.9,10.2,10.2,10.2,10.6,10.9,11.2,11.6,11.9,12.2,12.2,12.6,12.6,12.6,12.6
Eritrea,,,,,,,,,,,,,,,,,,,,,,,,,,,,,,,,,,,,,,,,,,,,,,,,,,,,,,,,,,,,,,,,,,,,,,,,,,,,,,,,,,,,,,,,,,,,,,,,,,,,
Syria,18430453.0,0.0,0.0,0.0,0.0,0.0,0.0,0.0,0.0,0.0,0.0,0.0,0.0,0.0,0.0,0.0,0.0,0.0,0.0,0.0,0.0,0.0,0.0,0.0,0.0,0.0,0.0,0.0,0.0,0.0,0.0,0.0,0.0,0.0,0.0,0.0,0.0,0.0,0.0,0.0,0.0,0.0,0.0,0.0,0.0,0.0,0.0,0.0,0.0,0.0,0.0,0.0,0.0,0.0,0.0,0.0,0.0,0.0,0.0,0.0,0.0,0.1,0.1,0.1,0.3,0.3,0.3,0.3,0.5,0.5,0.5,0.5,0.9,0.9,0.9,1.0,1.0,1.0,1.0,1.0,1.0,1.4,1.4,1.4,1.6,1.8,1.8,2.1,2.1,2.1,2.1,2.3,2.3,2.3,2.3,2.3,2.3,2.3,2.3,2.3
Central African Republic,4594621.0,0.0,0.0,0.0,0.0,0.0,0.0,0.0,0.0,0.0,0.0,0.0,0.0,0.0,0.0,0.0,0.0,0.0,0.0,0.0,0.0,0.0,0.0,0.0,0.0,0.0,0.0,0.0,0.0,0.0,0.0,0.0,0.0,0.0,0.0,0.0,0.0,0.0,0.0,0.0,0.0,0.0,0.0,0.0,0.0,0.0,0.0,0.0,0.0,0.0,0.0,0.0,0.0,0.0,0.2,0.2,0.2,0.2,0.2,0.7,0.7,0.7,0.7,0.7,0.7,0.7,0.7,0.7,0.7,0.7,0.7,0.7,0.7,1.7,1.7,1.7,1.7,1.7,1.7,1.7,1.7,1.7,1.7,2.4,2.4,2.6,2.6,2.6,2.6,2.6,2.6,3.0,3.0,3.5,3.5,3.5,4.1,4.1,10.9,10.9
Chad,14452543.0,0.0,0.0,0.0,0.0,0.0,0.0,0.0,0.0,0.0,0.0,0.0,0.0,0.0,0.0,0.0,0.0,0.0,0.0,0.0,0.0,0.0,0.0,0.0,0.0,0.0,0.0,0.0,0.0,0.0,0.0,0.0,0.0,0.0,0.0,0.0,0.0,0.0,0.0,0.0,0.0,0.0,0.0,0.0,0.0,0.0,0.0,0.0,0.0,0.0,0.0,0.0,0.0,0.0,0.0,0.0,0.0,0.0,0.1,0.1,0.1,0.1,0.1,0.2,0.2,0.2,0.2,0.2,0.2,0.3,0.5,0.5,0.6,0.6,0.6,0.6,0.6,0.7,0.7,0.8,0.8,0.8,1.2,1.6,1.6,1.6,1.9,1.9,2.3,2.3,2.3,2.3,2.3,2.3,2.8,3.2,3.2,3.2,3.6,3.6
Nepal,28982771.0,0.0,0.0,0.0,0.0,0.0,0.0,0.0,0.0,0.0,0.0,0.0,0.0,0.0,0.0,0.0,0.0,0.0,0.0,0.0,0.0,0.0,0.0,0.0,0.0,0.0,0.0,0.0,0.0,0.0,0.0,0.0,0.0,0.0,0.0,0.0,0.0,0.0,0.0,0.0,0.0,0.0,0.0,0.0,0.0,0.0,0.0,0.0,0.0,0.0,0.0,0.0,0.0,0.0,0.0,0.0,0.0,0.0,0.0,0.0,0.0,0.0,0.1,0.1,0.1,0.1,0.1,0.2,0.2,0.2,0.2,0.2,0.2,0.2,0.3,0.3,0.3,0.3,0.3,0.3,0.3,0.3,0.4,0.5,0.6,0.6,0.6,1.0,1.1,1.1,1.1,1.5,1.6,1.7,1.7,1.7,1.8,1.8,1.9,2.0
Libya,6293253.0,0.0,0.0,0.0,0.0,0.0,0.0,0.0,0.0,0.0,0.0,0.0,0.0,0.0,0.0,0.0,0.0,0.0,0.0,0.0,0.0,0.0,0.0,0.0,0.0,0.0,0.0,0.0,0.0,0.0,0.0,0.0,0.0,0.0,0.0,0.0,0.0,0.0,0.0,0.0,0.0,0.0,0.0,0.0,0.0,0.0,0.0,0.0,0.0,0.0,0.0,0.0,0.0,0.0,0.0,0.0,0.0,0.0,0.0,0.0,0.0,0.0,0.0,0.2,0.2,0.2,0.2,0.5,1.3,1.3,1.6,1.6,1.7,1.7,2.9,2.9,3.0,3.2,3.3,3.8,3.8,3.8,4.0,4.1,5.6,7.6,7.8,7.8,7.8,8.1,8.1,8.1,9.4,9.5,9.7,9.7,9.7,9.7,9.7,9.7
Benin,10872298.0,0.0,0.0,0.0,0.0,0.0,0.0,0.0,0.0,0.0,0.0,0.0,0.0,0.0,0.0,0.0,0.0,0.0,0.0,0.0,0.0,0.0,0.0,0.0,0.0,0.0,0.0,0.0,0.0,0.0,0.0,0.0,0.0,0.0,0.0,0.0,0.0,0.0,0.0,0.0,0.0,0.0,0.0,0.0,0.0,0.0,0.0,0.0,0.0,0.0,0.0,0.0,0.0,0.0,0.0,0.1,0.1,0.2,0.2,0.2,0.2,0.2,0.5,0.6,0.6,0.6,0.6,0.6,0.6,0.6,0.8,1.2,1.2,1.5,1.5,2.0,2.4,2.4,2.4,2.4,3.2,3.2,3.2,3.2,3.2,3.2,3.2,3.2,3.2,3.2,5.0,5.0,5.0,5.0,5.0,5.0,5.9,5.9,5.9,5.9
Mozambique,28829476.0,0.0,0.0,0.0,0.0,0.0,0.0,0.0,0.0,0.0,0.0,0.0,0.0,0.0,0.0,0.0,0.0,0.0,0.0,0.0,0.0,0.0,0.0,0.0,0.0,0.0,0.0,0.0,0.0,0.0,0.0,0.0,0.0,0.0,0.0,0.0,0.0,0.0,0.0,0.0,0.0,0.0,0.0,0.0,0.0,0.0,0.0,0.0,0.0,0.0,0.0,0.0,0.0,0.0,0.0,0.0,0.0,0.0,0.0,0.0,0.0,0.0,0.0,0.1,0.2,0.2,0.2,0.3,0.3,0.3,0.3,0.3,0.3,0.3,0.3,0.3,0.3,0.3,0.6,0.6,0.7,0.7,0.7,0.7,1.0,1.0,1.1,1.2,1.2,1.4,1.4,1.4,1.4,1.6,2.3,2.4,2.6,2.6,2.6,2.6
Haiti,10847334.0,0.0,0.0,0.0,0.0,0.0,0.0,0.0,0.0,0.0,0.0,0.0,0.0,0.0,0.0,0.0,0.0,0.0,0.0,0.0,0.0,0.0,0.0,0.0,0.0,0.0,0.0,0.0,0.0,0.0,0.0,0.0,0.0,0.0,0.0,0.0,0.0,0.0,0.0,0.0,0.0,0.0,0.0,0.0,0.0,0.0,0.0,0.0,0.0,0.0,0.0,0.0,0.0,0.0,0.0,0.0,0.0,0.0,0.0,0.2,0.2,0.2,0.6,0.6,0.7,0.7,0.7,0.7,1.4,1.4,1.4,1.5,1.5,1.7,1.8,1.9,2.2,2.3,2.5,2.8,2.9,3.0,3.0,3.7,3.7,3.8,3.8,4.0,4.1,4.3,5.3,5.3,5.7,6.6,6.6,6.6,6.8,7.0,7.0,7.0
Guyana,773303.0,0.0,0.0,0.0,0.0,0.0,0.0,0.0,0.0,0.0,0.0,0.0,0.0,0.0,0.0,0.0,0.0,0.0,0.0,0.0,0.0,0.0,0.0,0.0,0.0,0.0,0.0,0.0,0.0,0.0,0.0,0.0,0.0,0.0,0.0,0.0,0.0,0.0,0.0,0.0,0.0,0.0,0.0,0.0,0.0,0.0,0.0,0.0,0.0,0.0,0.0,1.3,1.3,1.3,5.2,5.2,9.1,9.1,9.1,9.1,9.1,24.6,25.9,6.5,6.5,6.5,6.5,10.3,10.3,10.3,15.5,24.6,24.6,29.7,29.7,31.0,40.1,42.7,47.8,47.8,47.8,58.2,58.2,58.2,60.8,71.1,71.1,81.5,81.5,84.1,84.1,85.3,86.6,90.5,94.4,94.4,95.7,95.7,95.7,100.9
Bahamas,,,,,,,,,,,,,,,,,,,,,,,,,,,,,,,,,,,,,,,,,,,,,,,,,,,,,,,,,,,,,,,,,,,,,,,,,,,,,,,,,,,,,,,,,,,,,,,,,,,,
Barbados,,,,,,,,,,,,,,,,,,,,,,,,,,,,,,,,,,,,,,,,,,,,,,,,,,,,,,,,,,,,,,,,,,,,,,,,,,,,,,,,,,,,,,,,,,,,,,,,,,,,
Uganda,41487965.0,0.0,0.0,0.0,0.0,0.0,0.0,0.0,0.0,0.0,0.0,0.0,0.0,0.0,0.0,0.0,0.0,0.0,0.0,0.0,0.0,0.0,0.0,0.0,0.0,0.0,0.0,0.0,0.0,0.0,0.0,0.0,0.0,0.0,0.0,0.0,0.0,0.0,0.0,0.0,0.0,0.0,0.0,0.0,0.0,0.0,0.0,0.0,0.0,0.0,0.0,0.0,0.0,0.0,0.0,0.0,0.0,0.0,0.0,0.0,0.0,0.0,0.2,0.2,0.3,0.3,0.6,0.7,0.8,0.8,1.1,1.1,1.1,1.2,1.2,1.3,1.3,1.3,1.3,1.3,1.3,1.3,1.3,1.3,1.3,1.3,1.3,1.3,1.3,1.3,1.3,1.5,1.5,1.8,1.8,1.8,1.9,1.9,1.9,2.0
Liechtenstein,37666.0,0.0,0.0,0.0,0.0,0.0,0.0,0.0,0.0,0.0,0.0,0.0,0.0,0.0,0.0,0.0,0.0,0.0,0.0,0.0,0.0,0.0,0.0,0.0,0.0,0.0,0.0,0.0,0.0,0.0,0.0,0.0,0.0,0.0,0.0,0.0,0.0,0.0,0.0,0.0,0.0,0.0,0.0,26.5,26.5,26.5,26.5,26.5,26.5,26.5,26.5,26.5,26.5,106.2,106.2,106.2,185.8,743.4,743.4,743.4,982.3,982.3,1354.0,1354.0,1354.0,1486.8,1486.8,1486.8,1486.8,1646.0,1805.3,1805.3,1991.2,1991.2,2044.3,2044.3,2044.3,2070.8,2070.8,2070.8,2097.4,2097.4,2097.4,2097.4,2097.4,2097.4,2097.4,2097.4,2097.4,2150.5,2150.5,2150.5,2150.5,2150.5,2150.5,2150.5,2177.0,2177.0,2177.0,2177.0
Eswatini,1343098.0,0.0,0.0,0.0,0.0,0.0,0.0,0.0,0.0,0.0,0.0,0.0,0.0,0.0,0.0,0.0,0.0,0.0,0.0,0.0,0.0,0.0,0.0,0.0,0.0,0.0,0.0,0.0,0.0,0.0,0.0,0.0,0.0,0.0,0.0,0.0,0.0,0.0,0.0,0.0,0.0,0.0,0.0,0.0,0.0,0.0,0.0,0.0,0.0,0.0,0.0,0.0,0.0,0.7,0.7,0.7,0.7,0.7,0.7,0.7,0.7,3.0,3.0,3.0,3.0,4.5,6.7,6.7,6.7,6.7,6.7,6.7,6.7,6.7,6.7,6.7,7.4,7.4,8.9,8.9,8.9,8.9,10.4,11.2,11.2,11.2,11.9,11.9,16.4,16.4,17.9,23.1,23.1,23.1,26.8,41.7,43.9,48.4,52.9,67.8
Monaco,38499.0,0.0,0.0,0.0,0.0,0.0,0.0,0.0,0.0,0.0,0.0,0.0,0.0,0.0,0.0,0.0,0.0,0.0,0.0,0.0,0.0,0.0,0.0,0.0,0.0,0.0,0.0,0.0,0.0,0.0,0.0,0.0,0.0,0.0,0.0,0.0,0.0,0.0,0.0,26.0,26.0,26.0,26.0,26.0,26.0,26.0,26.0,26.0,26.0,26.0,26.0,51.9,51.9,51.9,51.9,181.8,181.8,181.8,181.8,285.7,285.7,597.4,597.4,597.4,805.2,857.2,1090.9,1090.9,1194.8,1272.8,1350.7,1428.6,1558.5,1662.4,1714.3,1896.2,2000.1,2052.0,2104.0,2181.9,2337.7,2389.7,2415.6,2415.6,2415.6,2415.6,2415.6,2441.6,2441.6,2441.6,2441.6,2441.6,2441.6,2441.6,2441.6,2441.6,2441.6,2467.6,2467.6,2467.6
Zambia,16591390.0,0.0,0.0,0.0,0.0,0.0,0.0,0.0,0.0,0.0,0.0,0.0,0.0,0.0,0.0,0.0,0.0,0.0,0.0,0.0,0.0,0.0,0.0,0.0,0.0,0.0,0.0,0.0,0.0,0.0,0.0,0.0,0.0,0.0,0.0,0.0,0.0,0.0,0.0,0.0,0.0,0.0,0.0,0.0,0.0,0.0,0.0,0.0,0.0,0.0,0.0,0.0,0.0,0.0,0.0,0.0,0.0,0.1,0.1,0.1,0.1,0.2,0.2,0.2,0.7,1.0,1.3,1.7,1.7,2.1,2.1,2.2,2.4,2.4,2.4,2.4,2.4,2.4,2.4,2.4,2.4,2.4,2.6,2.7,2.7,2.9,2.9,3.1,3.4,3.7,3.9,4.2,4.5,4.6,5.1,5.1,5.3,5.3,5.7,5.8
Sierra Leone,7396190.0,0.0,0.0,0.0,0.0,0.0,0.0,0.0,0.0,0.0,0.0,0.0,0.0,0.0,0.0,0.0,0.0,0.0,0.0,0.0,0.0,0.0,0.0,0.0,0.0,0.0,0.0,0.0,0.0,0.0,0.0,0.0,0.0,0.0,0.0,0.0,0.0,0.0,0.0,0.0,0.0,0.0,0.0,0.0,0.0,0.0,0.0,0.0,0.0,0.0,0.0,0.0,0.0,0.0,0.0,0.0,0.0,0.0,0.0,0.0,0.0,0.0,0.0,0.0,0.0,0.0,0.0,0.0,0.0,0.0,0.1,0.3,0.3,0.3,0.5,0.8,0.8,0.8,0.9,0.9,1.1,1.1,1.4,1.4,1.5,1.8,2.0,3.5,4.1,4.7,5.8,6.8,8.2,8.7,11.1,11.1,12.6,12.6,14.1,14.1
Togo,7606374.0,0.0,0.0,0.0,0.0,0.0,0.0,0.0,0.0,0.0,0.0,0.0,0.0,0.0,0.0,0.0,0.0,0.0,0.0,0.0,0.0,0.0,0.0,0.0,0.0,0.0,0.0,0.0,0.0,0.0,0.0,0.0,0.0,0.0,0.0,0.0,0.0,0.0,0.0,0.0,0.0,0.0,0.0,0.0,0.0,0.1,0.1,0.1,0.1,0.1,0.1,0.1,0.1,0.1,0.1,0.1,0.1,0.1,0.1,1.2,2.1,2.1,2.4,2.6,3.0,3.0,3.3,3.3,3.3,3.9,4.5,4.7,5.1,5.3,5.4,5.8,7.6,8.5,9.2,9.6,10.0,10.0,10.0,10.1,10.1,10.6,10.6,10.9,11.0,11.0,11.0,11.3,11.6,11.6,11.8,12.6,12.9,12.9,13.0,14.3
Cabo Verde,539560.0,0.0,0.0,0.0,0.0,0.0,0.0,0.0,0.0,0.0,0.0,0.0,0.0,0.0,0.0,0.0,0.0,0.0,0.0,0.0,0.0,0.0,0.0,0.0,0.0,0.0,0.0,0.0,0.0,0.0,0.0,0.0,0.0,0.0,0.0,0.0,0.0,0.0,0.0,0.0,0.0,0.0,0.0,0.0,0.0,0.0,0.0,0.0,0.0,0.0,0.0,0.0,0.0,0.0,0.0,0.0,0.0,0.0,0.0,1.9,5.6,5.6,5.6,5.6,7.4,7.4,9.3,9.3,11.1,11.1,11.1,11.1,11.1,11.1,13.0,13.0,13.0,13.0,13.0,13.0,13.0,14.8,14.8,18.5,20.4,103.8,103.8,103.8,107.5,113.1,124.2,126.0,135.3,152.0,163.1,166.8,196.5,202.0,211.3,211.3
Trinidad and Tobago,1364962.0,0.0,0.0,0.0,0.0,0.0,0.0,0.0,0.0,0.0,0.0,0.0,0.0,0.0,0.0,0.0,0.0,0.0,0.0,0.0,0.0,0.0,0.0,0.0,0.0,0.0,0.0,0.0,0.0,0.0,0.0,0.0,0.0,0.0,0.0,0.0,0.0,0.0,0.0,0.0,0.0,0.0,0.0,0.0,0.0,0.0,0.0,0.0,0.0,0.0,0.0,0.0,0.0,1.5,1.5,2.9,3.7,5.1,6.6,6.6,35.9,36.6,37.4,41.8,44.0,47.6,48.4,54.2,57.1,60.1,63.7,65.9,68.9,71.8,75.5,76.2,76.9,78.4,78.4,79.9,79.9,82.1,82.8,82.8,82.8,83.5,83.5,83.5,83.5,83.5,83.5,84.3,84.3,84.3,84.3,84.3,84.3,85.0,85.0,85.0
Cambodia,15762370.0,0.0,0.0,0.0,0.0,0.0,0.1,0.1,0.1,0.1,0.1,0.1,0.1,0.1,0.1,0.1,0.1,0.1,0.1,0.1,0.1,0.1,0.1,0.1,0.1,0.1,0.1,0.1,0.1,0.1,0.1,0.1,0.1,0.1,0.1,0.1,0.1,0.1,0.1,0.1,0.1,0.1,0.1,0.1,0.1,0.1,0.1,0.1,0.1,0.1,0.2,0.2,0.3,0.4,0.4,0.4,2.1,2.2,2.3,3.2,3.4,5.3,5.5,5.8,6.1,6.1,6.3,6.3,6.5,6.8,6.9,6.9,7.0,7.2,7.2,7.2,7.2,7.3,7.4,7.5,7.5,7.6,7.7,7.7,7.7,7.7,7.7,7.7,7.7,7.7,7.7,7.7,7.7,7.7,7.7,7.7,7.7,7.7,7.7,7.7
Madagascar,24894551.0,0.0,0.0,0.0,0.0,0.0,0.0,0.0,0.0,0.0,0.0,0.0,0.0,0.0,0.0,0.0,0.0,0.0,0.0,0.0,0.0,0.0,0.0,0.0,0.0,0.0,0.0,0.0,0.0,0.0,0.0,0.0,0.0,0.0,0.0,0.0,0.0,0.0,0.0,0.0,0.0,0.0,0.0,0.0,0.0,0.0,0.0,0.0,0.0,0.0,0.0,0.0,0.0,0.0,0.0,0.0,0.0,0.0,0.0,0.1,0.1,0.1,0.5,0.7,0.8,0.9,1.0,1.0,1.6,1.7,2.3,2.3,2.4,2.8,2.8,2.9,3.3,3.5,3.7,3.7,3.7,4.1,4.3,4.3,4.3,4.4,4.5,4.7,4.8,4.9,4.9,4.9,4.9,4.9,4.9,4.9,5.0,5.1,5.1,5.1
Ethiopia,102403196.0,0.0,0.0,0.0,0.0,0.0,0.0,0.0,0.0,0.0,0.0,0.0,0.0,0.0,0.0,0.0,0.0,0.0,0.0,0.0,0.0,0.0,0.0,0.0,0.0,0.0,0.0,0.0,0.0,0.0,0.0,0.0,0.0,0.0,0.0,0.0,0.0,0.0,0.0,0.0,0.0,0.0,0.0,0.0,0.0,0.0,0.0,0.0,0.0,0.0,0.0,0.0,0.0,0.0,0.0,0.0,0.0,0.1,0.1,0.1,0.1,0.1,0.1,0.1,0.1,0.1,0.2,0.2,0.2,0.2,0.3,0.3,0.3,0.3,0.4,0.4,0.4,0.5,0.5,0.5,0.6,0.7,0.7,0.7,0.8,0.8,0.9,0.9,1.0,1.1,1.1,1.1,1.1,1.1,1.1,1.2,1.2,1.2,1.2,1.3
Brunei,423196.0,0.0,0.0,0.0,0.0,0.0,0.0,0.0,0.0,0.0,0.0,0.0,0.0,0.0,0.0,0.0,0.0,0.0,0.0,0.0,0.0,0.0,0.0,0.0,0.0,0.0,0.0,0.0,0.0,0.0,0.0,0.0,0.0,0.0,0.0,0.0,0.0,0.0,0.0,0.0,0.0,0.0,0.0,0.0,0.0,0.0,0.0,0.0,2.4,2.4,26.0,26.0,87.4,94.5,118.1,127.6,132.3,160.7,177.2,184.3,196.1,207.9,215.0,245.7,257.6,269.4,271.7,283.6,297.7,300.1,304.8,309.5,314.3,316.6,319.0,319.0,319.0,319.0,319.0,319.0,321.4,321.4,321.4,321.4,321.4,321.4,321.4,321.4,323.7,326.1,326.1,326.1,326.1,326.1,326.1,326.1,326.1,326.1,326.1,326.1
Liberia,4613823.0,0.0,0.0,0.0,0.0,0.0,0.0,0.0,0.0,0.0,0.0,0.0,0.0,0.0,0.0,0.0,0.0,0.0,0.0,0.0,0.0,0.0,0.0,0.0,0.0,0.0,0.0,0.0,0.0,0.0,0.0,0.0,0.0,0.0,0.0,0.0,0.0,0.0,0.0,0.0,0.0,0.0,0.0,0.0,0.0,0.0,0.0,0.0,0.0,0.0,0.0,0.0,0.0,0.0,0.0,0.2,0.2,0.4,0.4,0.4,0.7,0.7,0.7,0.7,0.7,0.7,0.7,0.7,0.7,0.7,0.7,1.3,1.3,1.5,2.2,2.8,3.0,3.0,6.7,6.7,8.0,10.4,10.8,12.8,12.8,12.8,12.8,16.5,16.5,19.7,21.5,21.9,21.9,21.9,25.4,26.0,26.9,26.9,30.6,30.6
Burma,,,,,,,,,,,,,,,,,,,,,,,,,,,,,,,,,,,,,,,,,,,,,,,,,,,,,,,,,,,,,,,,,,,,,,,,,,,,,,,,,,,,,,,,,,,,,,,,,,,,
Guinea-Bissau,,,,,,,,,,,,,,,,,,,,,,,,,,,,,,,,,,,,,,,,,,,,,,,,,,,,,,,,,,,,,,,,,,,,,,,,,,,,,,,,,,,,,,,,,,,,,,,,,,,,
Congo (Brazzaville),5125821.0,0.0,0.0,0.0,0.0,0.0,0.0,0.0,0.0,0.0,0.0,0.0,0.0,0.0,0.0,0.0,0.0,0.0,0.0,0.0,0.0,0.0,0.0,0.0,0.0,0.0,0.0,0.0,0.0,0.0,0.0,0.0,0.0,0.0,0.0,0.0,0.0,0.0,0.0,0.0,0.0,0.0,0.0,0.0,0.0,0.0,0.0,0.0,0.0,0.0,0.0,0.0,0.0,0.0,0.2,0.2,0.2,0.2,0.6,0.6,0.6,0.6,0.8,0.8,0.8,0.8,0.8,0.8,3.7,3.7,3.7,3.7,4.3,4.3,4.3,8.8,8.8,8.8,8.8,11.7,11.7,11.7,11.7,11.7,11.7,22.8,22.8,27.9,27.9,27.9,31.2,32.2,36.3,36.3,39.0,39.0,39.0,39.0,40.4,40.4
Rwanda,11917508.0,0.0,0.0,0.0,0.0,0.0,0.0,0.0,0.0,0.0,0.0,0.0,0.0,0.0,0.0,0.0,0.0,0.0,0.0,0.0,0.0,0.0,0.0,0.0,0.0,0.0,0.0,0.0,0.0,0.0,0.0,0.0,0.0,0.0,0.0,0.0,0.0,0.0,0.0,0.0,0.0,0.0,0.0,0.0,0.0,0.0,0.0,0.0,0.0,0.0,0.0,0.0,0.0,0.1,0.1,0.4,0.6,0.7,0.7,1.4,1.4,1.6,3.0,3.4,3.4,4.2,4.5,5.0,5.9,5.9,6.3,6.9,7.0,7.5,8.6,8.7,8.8,8.8,9.2,9.2,9.9,10.1,10.6,10.7,11.2,11.4,11.6,12.0,12.1,12.3,12.3,12.6,12.8,12.9,14.8,15.4,16.0,17.4,17.8,18.9
Paraguay,6725308.0,0.0,0.0,0.0,0.0,0.0,0.0,0.0,0.0,0.0,0.0,0.0,0.0,0.0,0.0,0.0,0.0,0.0,0.0,0.0,0.0,0.0,0.0,0.0,0.0,0.0,0.0,0.0,0.0,0.0,0.0,0.0,0.0,0.0,0.0,0.0,0.0,0.0,0.0,0.0,0.0,0.0,0.0,0.0,0.0,0.0,0.0,0.1,0.1,0.1,0.7,0.7,0.9,0.9,0.9,1.2,1.3,1.6,1.6,1.9,2.7,3.3,3.3,4.0,5.5,6.1,7.7,8.3,8.8,9.5,9.7,10.3,11.4,13.7,14.3,15.5,16.8,17.1,17.7,18.4,19.2,19.8,19.9,21.9,23.6,23.9,25.9,29.6,30.0,30.6,30.9,30.9,31.7,31.7,33.2,33.9,33.9,33.9,35.5,35.5
Vietnam,92701100.0,0.0,0.0,0.0,0.0,0.0,0.0,0.0,0.0,0.0,0.0,0.1,0.1,0.1,0.1,0.1,0.1,0.1,0.1,0.1,0.2,0.2,0.2,0.2,0.2,0.2,0.2,0.2,0.2,0.2,0.2,0.2,0.2,0.2,0.2,0.2,0.2,0.2,0.2,0.2,0.2,0.2,0.2,0.2,0.2,0.2,0.2,0.3,0.3,0.3,0.4,0.4,0.5,0.6,0.6,0.7,0.7,0.8,0.9,1.0,1.0,1.2,1.3,1.4,1.5,1.7,1.8,1.9,2.0,2.2,2.3,2.4,2.5,2.6,2.6,2.6,2.6,2.7,2.7,2.8,2.8,2.8,2.8,2.9,2.9,2.9,2.9,2.9,2.9,2.9,2.9,2.9,2.9,2.9,2.9,2.9,2.9,2.9,2.9,2.9
Gabon,1979786.0,0.0,0.0,0.0,0.0,0.0,0.0,0.0,0.0,0.0,0.0,0.0,0.0,0.0,0.0,0.0,0.0,0.0,0.0,0.0,0.0,0.0,0.0,0.0,0.0,0.0,0.0,0.0,0.0,0.0,0.0,0.0,0.0,0.0,0.0,0.0,0.0,0.0,0.0,0.0,0.0,0.0,0.0,0.0,0.0,0.0,0.0,0.0,0.0,0.0,0.0,0.0,0.0,0.5,0.5,0.5,0.5,0.5,0.5,1.5,2.0,2.5,2.5,3.0,3.0,3.5,3.5,3.5,3.5,3.5,8.1,9.1,10.6,10.6,10.6,10.6,12.1,15.2,17.2,22.2,22.2,23.2,24.8,28.8,28.8,40.4,40.4,54.6,54.6,55.1,60.6,78.8,83.8,84.4,86.9,88.9,88.9,106.6,120.2,139.4
Maldives,417492.0,0.0,0.0,0.0,0.0,0.0,0.0,0.0,0.0,0.0,0.0,0.0,0.0,0.0,0.0,0.0,0.0,0.0,0.0,0.0,0.0,0.0,0.0,0.0,0.0,0.0,0.0,0.0,0.0,0.0,0.0,0.0,0.0,0.0,0.0,0.0,0.0,0.0,0.0,0.0,0.0,0.0,0.0,0.0,0.0,0.0,0.0,9.6,9.6,14.4,19.2,19.2,21.6,24.0,31.1,31.1,31.1,31.1,31.1,31.1,31.1,31.1,31.1,31.1,31.1,31.1,38.3,38.3,40.7,40.7,43.1,45.5,45.5,45.5,45.5,45.5,45.5,45.5,45.5,45.5,45.5,45.5,47.9,47.9,47.9,52.7,59.9,67.1,83.8,124.6,165.3,198.8,206.0,258.7,309.0,424.0,512.6,541.3,598.8,665.9
Equatorial Guinea,1221490.0,0.0,0.0,0.0,0.0,0.0,0.0,0.0,0.0,0.0,0.0,0.0,0.0,0.0,0.0,0.0,0.0,0.0,0.0,0.0,0.0,0.0,0.0,0.0,0.0,0.0,0.0,0.0,0.0,0.0,0.0,0.0,0.0,0.0,0.0,0.0,0.0,0.0,0.0,0.0,0.0,0.0,0.0,0.0,0.0,0.0,0.0,0.0,0.0,0.0,0.0,0.0,0.0,0.0,0.8,0.8,0.8,3.3,4.9,4.9,4.9,4.9,7.4,7.4,7.4,9.8,9.8,9.8,9.8,9.8,9.8,12.3,12.3,13.1,13.1,13.1,13.1,13.1,14.7,14.7,14.7,14.7,17.2,17.2,33.6,41.8,41.8,64.7,64.7,64.7,64.7,67.9,68.8,68.8,175.2,211.2,211.2,211.2,257.9,257.9
Montenegro,622781.0,0.0,0.0,0.0,0.0,0.0,0.0,0.0,0.0,0.0,0.0,0.0,0.0,0.0,0.0,0.0,0.0,0.0,0.0,0.0,0.0,0.0,0.0,0.0,0.0,0.0,0.0,0.0,0.0,0.0,0.0,0.0,0.0,0.0,0.0,0.0,0.0,0.0,0.0,0.0,0.0,0.0,0.0,0.0,0.0,0.0,0.0,0.0,0.0,0.0,0.0,0.0,0.0,0.0,0.0,0.0,3.2,3.2,4.8,22.5,22.5,33.7,43.4,75.5,83.5,110.8,131.7,134.9,136.5,146.1,175.0,197.5,231.2,279.4,322.7,343.6,374.1,387.0,398.2,404.6,409.5,422.3,436.8,440.0,454.4,462.4,486.5,486.5,493.0,494.6,501.0,502.6,505.8,507.4,512.2,513.8,515.4,515.4,515.4,517.0
Venezuela,31568179.0,0.0,0.0,0.0,0.0,0.0,0.0,0.0,0.0,0.0,0.0,0.0,0.0,0.0,0.0,0.0,0.0,0.0,0.0,0.0,0.0,0.0,0.0,0.0,0.0,0.0,0.0,0.0,0.0,0.0,0.0,0.0,0.0,0.0,0.0,0.0,0.0,0.0,0.0,0.0,0.0,0.0,0.0,0.0,0.0,0.0,0.0,0.0,0.0,0.0,0.0,0.0,0.0,0.1,0.3,0.5,1.0,1.1,1.3,1.3,2.2,2.2,2.4,2.7,2.9,3.4,3.4,3.8,3.8,4.3,4.3,4.5,4.6,4.8,4.9,5.0,5.2,5.2,5.3,5.4,5.4,5.5,5.7,6.0,6.0,6.2,6.5,6.5,7.2,8.1,8.1,9.0,9.1,9.9,10.1,10.2,10.3,10.4,10.4,10.5
Mauritius,1263473.0,0.0,0.0,0.0,0.0,0.0,0.0,0.0,0.0,0.0,0.0,0.0,0.0,0.0,0.0,0.0,0.0,0.0,0.0,0.0,0.0,0.0,0.0,0.0,0.0,0.0,0.0,0.0,0.0,0.0,0.0,0.0,0.0,0.0,0.0,0.0,0.0,0.0,0.0,0.0,0.0,0.0,0.0,0.0,0.0,0.0,0.0,0.0,0.0,0.0,0.0,0.0,0.0,0.0,0.0,0.0,0.0,2.4,2.4,9.5,11.1,22.2,28.5,33.2,38.0,64.1,74.4,80.7,84.7,101.3,113.2,127.4,133.8,147.2,155.1,179.7,193.1,212.1,216.1,248.5,251.7,252.5,256.4,256.4,256.4,256.4,256.4,256.4,257.2,259.6,259.6,259.6,260.4,262.0,262.0,262.0,262.8,264.4,264.4,262.8
West Bank and Gaza,,,,,,,,,,,,,,,,,,,,,,,,,,,,,,,,,,,,,,,,,,,,,,,,,,,,,,,,,,,,,,,,,,,,,,,,,,,,,,,,,,,,,,,,,,,,,,,,,,,,
Sudan,39578828.0,0.0,0.0,0.0,0.0,0.0,0.0,0.0,0.0,0.0,0.0,0.0,0.0,0.0,0.0,0.0,0.0,0.0,0.0,0.0,0.0,0.0,0.0,0.0,0.0,0.0,0.0,0.0,0.0,0.0,0.0,0.0,0.0,0.0,0.0,0.0,0.0,0.0,0.0,0.0,0.0,0.0,0.0,0.0,0.0,0.0,0.0,0.0,0.0,0.0,0.0,0.0,0.0,0.0,0.0,0.0,0.0,0.1,0.1,0.1,0.1,0.1,0.1,0.1,0.1,0.1,0.1,0.1,0.2,0.2,0.2,0.2,0.2,0.3,0.3,0.3,0.3,0.4,0.4,0.4,0.4,0.5,0.5,0.7,0.8,0.8,0.8,0.8,1.7,1.7,2.7,2.7,3.5,4.4,4.4,5.4,6.0,6.9,8.0,9.5
El Salvador,6344722.0,0.0,0.0,0.0,0.0,0.0,0.0,0.0,0.0,0.0,0.0,0.0,0.0,0.0,0.0,0.0,0.0,0.0,0.0,0.0,0.0,0.0,0.0,0.0,0.0,0.0,0.0,0.0,0.0,0.0,0.0,0.0,0.0,0.0,0.0,0.0,0.0,0.0,0.0,0.0,0.0,0.0,0.0,0.0,0.0,0.0,0.0,0.0,0.0,0.0,0.0,0.0,0.0,0.0,0.0,0.0,0.0,0.0,0.2,0.2,0.5,0.5,0.5,0.8,1.4,2.0,2.0,3.0,3.8,4.7,5.0,5.0,6.5,7.3,8.8,9.8,10.9,12.3,14.7,16.2,18.4,18.6,19.7,21.6,23.5,25.1,25.8,27.9,29.9,31.7,34.4,35.5,37.4,39.4,43.2,43.2,47.0,50.9,54.4,59.4
Kenya,48461567.0,0.0,0.0,0.0,0.0,0.0,0.0,0.0,0.0,0.0,0.0,0.0,0.0,0.0,0.0,0.0,0.0,0.0,0.0,0.0,0.0,0.0,0.0,0.0,0.0,0.0,0.0,0.0,0.0,0.0,0.0,0.0,0.0,0.0,0.0,0.0,0.0,0.0,0.0,0.0,0.0,0.0,0.0,0.0,0.0,0.0,0.0,0.0,0.0,0.0,0.0,0.0,0.0,0.0,0.1,0.1,0.1,0.1,0.1,0.1,0.1,0.3,0.3,0.5,0.6,0.6,0.6,0.8,0.9,1.0,1.2,1.7,2.3,2.5,2.6,2.9,3.3,3.5,3.7,3.8,3.9,3.9,4.1,4.3,4.5,4.6,4.8,5.1,5.4,5.6,5.8,6.1,6.3,6.6,6.9,7.1,7.3,7.5,7.7,7.9
Jamaica,2881355.0,0.0,0.0,0.0,0.0,0.0,0.0,0.0,0.0,0.0,0.0,0.0,0.0,0.0,0.0,0.0,0.0,0.0,0.0,0.0,0.0,0.0,0.0,0.0,0.0,0.0,0.0,0.0,0.0,0.0,0.0,0.0,0.0,0.0,0.0,0.0,0.0,0.0,0.0,0.0,0.0,0.0,0.0,0.0,0.0,0.0,0.0,0.0,0.0,0.0,0.3,0.7,2.8,2.8,3.5,3.5,4.2,4.5,5.2,5.6,5.6,6.6,6.6,7.3,9.0,9.0,9.0,10.4,11.1,12.5,12.5,15.3,16.3,16.3,18.4,20.1,20.1,21.9,21.9,21.9,21.9,22.6,23.9,25.3,25.3,43.4,49.6,49.6,56.6,60.0,77.4,77.4,80.9,89.2,100.0,105.9,121.5,126.3,126.3,137.4
Taiwan*,,,,,,,,,,,,,,,,,,,,,,,,,,,,,,,,,,,,,,,,,,,,,,,,,,,,,,,,,,,,,,,,,,,,,,,,,,,,,,,,,,,,,,,,,,,,,,,,,,,,
Jordan,9455802.0,0.0,0.0,0.0,0.0,0.0,0.0,0.0,0.0,0.0,0.0,0.0,0.0,0.0,0.0,0.0,0.0,0.0,0.0,0.0,0.0,0.0,0.0,0.0,0.0,0.0,0.0,0.0,0.0,0.0,0.0,0.0,0.0,0.0,0.0,0.0,0.0,0.0,0.0,0.0,0.0,0.0,0.1,0.1,0.1,0.1,0.1,0.1,0.1,0.1,0.1,0.1,0.1,0.1,0.8,1.8,3.6,5.5,7.3,9.0,9.0,11.8,13.4,16.3,18.2,22.4,24.9,26.0,27.4,28.3,29.0,29.4,31.6,32.8,34.2,36.5,36.9,37.3,37.9,39.3,39.3,40.3,41.1,41.4,42.0,42.4,42.5,43.0,43.7,44.1,44.9,45.3,46.0,46.2,46.6,47.0,47.3,47.5,47.5,47.7
Malta,436947.0,0.0,0.0,0.0,0.0,0.0,0.0,0.0,0.0,0.0,0.0,0.0,0.0,0.0,0.0,0.0,0.0,0.0,0.0,0.0,0.0,0.0,0.0,0.0,0.0,0.0,0.0,0.0,0.0,0.0,0.0,0.0,0.0,0.0,0.0,0.0,0.0,0.0,0.0,0.0,0.0,0.0,0.0,0.0,0.0,0.0,6.9,6.9,6.9,11.4,13.7,13.7,27.5,41.2,48.1,68.7,87.0,87.0,121.3,146.5,167.1,206.0,244.9,251.7,295.2,306.7,318.1,341.0,345.6,357.0,386.8,430.3,448.6,462.3,487.5,519.5,551.6,670.6,684.3,771.3,801.0,846.8,865.1,878.8,899.4,913.2,942.9,965.8,974.9,977.2,986.4,1013.9,1016.1,1018.4,1023.0,1025.3,1025.3,1029.9,1048.2,1059.6
Tanzania,55572201.0,0.0,0.0,0.0,0.0,0.0,0.0,0.0,0.0,0.0,0.0,0.0,0.0,0.0,0.0,0.0,0.0,0.0,0.0,0.0,0.0,0.0,0.0,0.0,0.0,0.0,0.0,0.0,0.0,0.0,0.0,0.0,0.0,0.0,0.0,0.0,0.0,0.0,0.0,0.0,0.0,0.0,0.0,0.0,0.0,0.0,0.0,0.0,0.0,0.0,0.0,0.0,0.0,0.0,0.0,0.0,0.0,0.1,0.1,0.1,0.1,0.2,0.2,0.2,0.2,0.2,0.2,0.3,0.3,0.3,0.3,0.4,0.4,0.4,0.4,0.4,0.4,0.4,0.4,0.4,0.6,0.6,0.6,0.9,1.0,1.6,1.7,2.6,2.6,3.1,4.6,4.6,5.1,5.1,5.4,5.4,5.4,5.4,5.4,8.6
Mali,17994837.0,0.0,0.0,0.0,0.0,0.0,0.0,0.0,0.0,0.0,0.0,0.0,0.0,0.0,0.0,0.0,0.0,0.0,0.0,0.0,0.0,0.0,0.0,0.0,0.0,0.0,0.0,0.0,0.0,0.0,0.0,0.0,0.0,0.0,0.0,0.0,0.0,0.0,0.0,0.0,0.0,0.0,0.0,0.0,0.0,0.0,0.0,0.0,0.0,0.0,0.0,0.0,0.0,0.0,0.0,0.0,0.0,0.0,0.0,0.0,0.0,0.0,0.0,0.0,0.1,0.2,0.6,1.0,1.0,1.4,1.6,1.7,2.0,2.2,2.3,2.5,2.6,3.1,3.3,4.1,4.8,4.8,5.8,6.8,8.0,8.2,9.5,9.5,12.0,12.4,13.7,14.3,16.3,17.2,18.1,20.6,21.6,22.7,23.6,26.8
Congo (Kinshasa),78736153.0,0.0,0.0,0.0,0.0,0.0,0.0,0.0,0.0,0.0,0.0,0.0,0.0,0.0,0.0,0.0,0.0,0.0,0.0,0.0,0.0,0.0,0.0,0.0,0.0,0.0,0.0,0.0,0.0,0.0,0.0,0.0,0.0,0.0,0.0,0.0,0.0,0.0,0.0,0.0,0.0,0.0,0.0,0.0,0.0,0.0,0.0,0.0,0.0,0.0,0.0,0.0,0.0,0.0,0.0,0.0,0.0,0.1,0.2,0.2,0.3,0.4,0.5,0.6,0.6,0.6,0.6,0.8,0.8,1.0,1.2,1.4,1.7,1.7,2.0,2.0,2.0,2.3,2.3,2.3,2.7,2.8,3.0,3.0,3.1,3.2,3.4,3.6,3.9,4.2,4.2,4.4,4.6,4.8,5.0,5.3,5.6,5.8,6.0,6.2
Kosovo,1816200.0,0.0,0.0,0.0,0.0,0.0,0.0,0.0,0.0,0.0,0.0,0.0,0.0,0.0,0.0,0.0,0.0,0.0,0.0,0.0,0.0,0.0,0.0,0.0,0.0,0.0,0.0,0.0,0.0,0.0,0.0,0.0,0.0,0.0,0.0,0.0,0.0,0.0,0.0,0.0,0.0,0.0,0.0,0.0,0.0,0.0,0.0,0.0,0.0,0.0,0.0,0.0,0.0,0.0,0.0,0.0,0.0,0.0,0.0,0.0,0.0,0.0,0.0,0.0,0.0,39.1,47.4,50.1,51.8,51.8,61.7,68.8,68.8,69.4,74.3,79.8,79.8,93.6,101.3,101.3,137.7,155.8,155.8,155.8,213.1,213.1,247.2,264.3,280.8,280.8,280.8,280.8,280.8,280.8,280.8,280.8,280.8,280.8,280.8,280.8
Georgia,3719300.0,0.0,0.0,0.0,0.0,0.0,0.0,0.0,0.0,0.0,0.0,0.0,0.0,0.0,0.0,0.0,0.0,0.0,0.0,0.0,0.0,0.0,0.0,0.0,0.0,0.0,0.0,0.0,0.0,0.0,0.0,0.0,0.0,0.0,0.0,0.0,0.3,0.3,0.3,0.3,0.8,0.8,0.8,0.8,1.1,1.1,1.1,3.5,4.0,4.0,6.5,6.5,6.7,8.1,8.9,8.9,9.1,10.2,10.8,11.6,13.2,14.5,16.4,18.8,20.2,21.2,22.3,24.2,24.5,27.7,29.6,31.5,36.0,41.7,43.6,46.8,50.5,52.7,56.7,58.6,62.9,65.1,69.1,73.1,80.7,82.3,93.6,99.5,104.3,105.9,108.1,109.7,111.8,114.3,119.4,122.6,130.7,133.6,137.4,139.0
Guatemala,16582469.0,0.0,0.0,0.0,0.0,0.0,0.0,0.0,0.0,0.0,0.0,0.0,0.0,0.0,0.0,0.0,0.0,0.0,0.0,0.0,0.0,0.0,0.0,0.0,0.0,0.0,0.0,0.0,0.0,0.0,0.0,0.0,0.0,0.0,0.0,0.0,0.0,0.0,0.0,0.0,0.0,0.0,0.0,0.0,0.0,0.0,0.0,0.0,0.0,0.0,0.0,0.0,0.0,0.1,0.1,0.1,0.4,0.4,0.5,0.7,1.0,1.1,1.2,1.3,1.4,1.5,1.7,2.1,2.1,2.2,2.3,2.4,2.8,3.0,3.7,3.7,4.2,4.6,5.2,5.7,7.6,8.3,9.3,9.4,10.1,10.9,11.8,12.9,14.2,15.5,17.4,17.7,19.1,23.2,25.9,28.5,30.2,32.0,32.0,33.6
San Marino,33203.0,0.0,0.0,0.0,0.0,0.0,0.0,0.0,0.0,0.0,0.0,0.0,0.0,0.0,0.0,0.0,0.0,0.0,0.0,0.0,0.0,0.0,0.0,0.0,0.0,0.0,0.0,0.0,0.0,0.0,0.0,0.0,0.0,0.0,0.0,0.0,0.0,30.1,30.1,30.1,30.1,240.9,301.2,481.9,632.5,632.5,692.7,1084.2,1084.2,1536.0,1867.3,2078.1,2409.4,2409.4,3041.9,3282.8,3282.8,3584.0,3584.0,4337.0,4337.0,5270.6,5632.0,5632.0,6264.5,6264.5,6716.3,6746.4,6746.4,6927.1,7107.8,7107.8,7378.9,7378.9,7800.5,8011.3,8011.3,8402.9,8402.9,10029.2,10360.5,10721.9,10721.9,10721.9,11173.7,11203.8,12830.2,13101.2,13703.6,13884.3,13914.4,14336.1,14697.5,15089.0,15450.4,15450.4,16203.4,16203.4,16655.1,16956.3
Somalia,14317996.0,0.0,0.0,0.0,0.0,0.0,0.0,0.0,0.0,0.0,0.0,0.0,0.0,0.0,0.0,0.0,0.0,0.0,0.0,0.0,0.0,0.0,0.0,0.0,0.0,0.0,0.0,0.0,0.0,0.0,0.0,0.0,0.0,0.0,0.0,0.0,0.0,0.0,0.0,0.0,0.0,0.0,0.0,0.0,0.0,0.0,0.0,0.0,0.0,0.0,0.0,0.0,0.0,0.0,0.0,0.1,0.1,0.1,0.1,0.1,0.1,0.1,0.1,0.1,0.1,0.1,0.2,0.2,0.2,0.2,0.3,0.3,0.3,0.5,0.5,0.5,0.5,0.6,0.8,0.8,1.5,1.5,1.7,4.2,4.2,5.6,5.6,8.1,9.4,11.5,16.6,20.0,20.0,22.9,22.9,27.2,30.5,33.5,36.9,40.6
Uruguay,3444006.0,0.0,0.0,0.0,0.0,0.0,0.0,0.0,0.0,0.0,0.0,0.0,0.0,0.0,0.0,0.0,0.0,0.0,0.0,0.0,0.0,0.0,0.0,0.0,0.0,0.0,0.0,0.0,0.0,0.0,0.0,0.0,0.0,0.0,0.0,0.0,0.0,0.0,0.0,0.0,0.0,0.0,0.0,0.0,0.0,0.0,0.0,0.0,0.0,0.0,0.0,0.0,0.0,1.2,1.2,2.3,8.4,14.5,22.9,27.3,31.9,45.9,47.0,47.0,54.9,63.0,69.1,79.6,88.3,90.0,98.1,98.1,101.6,107.1,116.1,116.1,117.9,123.1,123.1,132.4,137.3,143.4,139.4,139.4,140.2,142.9,145.8,145.8,147.5,150.1,155.3,155.3,157.7,161.7,163.5,173.1,176.0,180.0,181.5,182.9
Burkina Faso,18646433.0,0.0,0.0,0.0,0.0,0.0,0.0,0.0,0.0,0.0,0.0,0.0,0.0,0.0,0.0,0.0,0.0,0.0,0.0,0.0,0.0,0.0,0.0,0.0,0.0,0.0,0.0,0.0,0.0,0.0,0.0,0.0,0.0,0.0,0.0,0.0,0.0,0.0,0.0,0.0,0.0,0.0,0.0,0.0,0.0,0.0,0.0,0.0,0.0,0.1,0.1,0.1,0.1,0.1,0.2,0.8,0.8,1.1,1.8,2.1,3.4,4.0,5.3,6.1,7.8,8.2,9.7,11.1,11.9,13.2,14.0,15.1,15.4,16.2,17.1,18.5,19.5,20.6,22.2,23.8,23.8,26.0,26.7,26.7,28.3,29.1,29.3,29.9,30.3,30.9,31.2,32.2,32.7,33.0,33.7,33.7,33.9,34.1,34.2,34.4
Sri Lanka,21203000.0,0.0,0.0,0.0,0.0,0.0,0.0,0.0,0.0,0.0,0.0,0.0,0.0,0.0,0.0,0.0,0.0,0.0,0.0,0.0,0.0,0.0,0.0,0.0,0.0,0.0,0.0,0.0,0.0,0.0,0.0,0.0,0.0,0.0,0.0,0.0,0.0,0.0,0.0,0.0,0.0,0.0,0.0,0.0,0.0,0.0,0.0,0.0,0.0,0.0,0.1,0.1,0.3,0.5,0.8,1.3,2.1,2.4,2.8,3.4,3.6,3.9,4.6,4.8,4.8,5.0,5.0,5.3,5.5,5.8,6.7,6.9,7.1,7.5,7.8,8.3,8.4,8.7,8.9,9.0,9.0,9.3,9.9,10.2,11.0,11.2,11.2,11.5,12.0,12.8,14.3,14.6,15.6,17.4,19.8,21.7,24.7,27.7,29.2,30.6
Costa Rica,4857274.0,0.0,0.0,0.0,0.0,0.0,0.0,0.0,0.0,0.0,0.0,0.0,0.0,0.0,0.0,0.0,0.0,0.0,0.0,0.0,0.0,0.0,0.0,0.0,0.0,0.0,0.0,0.0,0.0,0.0,0.0,0.0,0.0,0.0,0.0,0.0,0.0,0.0,0.0,0.0,0.0,0.0,0.0,0.0,0.0,0.2,0.2,1.0,1.9,1.9,2.7,4.5,4.7,5.4,5.6,7.2,8.4,10.3,14.2,18.3,24.1,27.6,32.5,36.4,41.4,47.6,54.1,60.7,64.6,67.9,71.4,77.2,81.5,85.6,89.6,93.5,96.1,99.4,103.4,111.0,114.9,118.8,122.5,126.0,127.2,128.9,132.2,133.6,134.8,135.9,136.3,137.7,140.2,141.2,141.4,142.7,143.1,143.5,145.1,146.8
Niger,20672987.0,0.0,0.0,0.0,0.0,0.0,0.0,0.0,0.0,0.0,0.0,0.0,0.0,0.0,0.0,0.0,0.0,0.0,0.0,0.0,0.0,0.0,0.0,0.0,0.0,0.0,0.0,0.0,0.0,0.0,0.0,0.0,0.0,0.0,0.0,0.0,0.0,0.0,0.0,0.0,0.0,0.0,0.0,0.0,0.0,0.0,0.0,0.0,0.0,0.0,0.0,0.0,0.0,0.0,0.0,0.0,0.0,0.0,0.0,0.0,0.0,0.1,0.1,0.1,0.3,0.5,0.5,0.5,0.9,1.3,1.3,3.6,4.7,5.8,7.0,8.9,12.2,13.4,16.5,19.8,21.2,23.8,25.6,25.6,27.6,28.2,28.2,30.3,30.9,31.3,31.3,31.8,32.0,32.5,32.9,33.1,33.7,33.9,34.3,34.5
Lebanon,6006668.0,0.0,0.0,0.0,0.0,0.0,0.0,0.0,0.0,0.0,0.0,0.0,0.0,0.0,0.0,0.0,0.0,0.0,0.0,0.0,0.0,0.0,0.0,0.0,0.0,0.0,0.0,0.0,0.0,0.0,0.0,0.2,0.2,0.2,0.2,0.2,0.3,0.3,0.3,0.7,1.7,2.2,2.2,2.2,2.7,3.7,3.7,5.3,5.3,6.8,10.2,10.2,12.8,15.5,18.3,18.3,20.0,22.1,26.1,27.1,31.1,41.3,44.5,52.9,55.4,61.3,65.1,68.6,72.9,74.3,78.2,79.7,82.2,84.6,86.6,87.7,90.1,91.2,95.9,96.9,101.4,103.1,104.9,105.2,106.7,109.5,110.4,111.2,111.9,112.0,112.7,112.7,113.5,114.5,115.9,117.2,117.7,118.2,119.4,120.0
Kyrgyzstan,6082700.0,0.0,0.0,0.0,0.0,0.0,0.0,0.0,0.0,0.0,0.0,0.0,0.0,0.0,0.0,0.0,0.0,0.0,0.0,0.0,0.0,0.0,0.0,0.0,0.0,0.0,0.0,0.0,0.0,0.0,0.0,0.0,0.0,0.0,0.0,0.0,0.0,0.0,0.0,0.0,0.0,0.0,0.0,0.0,0.0,0.0,0.0,0.0,0.0,0.0,0.0,0.0,0.0,0.0,0.0,0.0,0.0,0.5,0.5,1.0,2.3,2.3,2.6,6.9,7.2,7.2,9.5,9.5,13.8,15.5,17.6,18.2,19.1,21.4,23.7,24.2,35.5,37.5,44.4,46.0,49.0,55.7,62.0,68.9,70.7,73.8,76.6,80.4,83.2,91.1,93.4,97.0,100.6,103.7,109.3,109.3,112.1,114.3,116.4,119.8
Honduras,9112867.0,0.0,0.0,0.0,0.0,0.0,0.0,0.0,0.0,0.0,0.0,0.0,0.0,0.0,0.0,0.0,0.0,0.0,0.0,0.0,0.0,0.0,0.0,0.0,0.0,0.0,0.0,0.0,0.0,0.0,0.0,0.0,0.0,0.0,0.0,0.0,0.0,0.0,0.0,0.0,0.0,0.0,0.0,0.0,0.0,0.0,0.0,0.0,0.0,0.0,0.2,0.2,0.2,0.2,0.3,0.7,0.9,1.0,1.3,2.6,2.6,2.9,3.3,3.3,4.0,5.7,7.5,10.4,12.1,15.3,15.5,18.9,24.0,24.4,29.0,29.4,32.7,33.5,34.2,37.6,41.9,43.0,43.1,43.6,44.7,46.0,46.7,48.5,50.1,51.8,52.3,54.2,56.0,57.0,64.9,68.8,68.8,72.5,77.0,81.0
Andorra,77281.0,0.0,0.0,0.0,0.0,0.0,0.0,0.0,0.0,0.0,0.0,0.0,0.0,0.0,0.0,0.0,0.0,0.0,0.0,0.0,0.0,0.0,0.0,0.0,0.0,0.0,0.0,0.0,0.0,0.0,0.0,0.0,0.0,0.0,0.0,0.0,0.0,0.0,0.0,0.0,0.0,12.9,12.9,12.9,12.9,12.9,12.9,12.9,12.9,12.9,12.9,12.9,12.9,12.9,12.9,25.9,504.7,504.7,685.8,970.5,1138.7,1462.2,1721.0,2122.1,2432.7,2898.5,3454.9,3985.5,4321.9,4787.7,4865.4,5046.5,5538.2,5680.6,6029.9,6482.8,6793.4,7052.2,7298.0,7543.9,7776.8,7776.8,8255.6,8359.1,8527.3,8708.5,8708.5,9006.1,9109.6,9226.1,9277.8,9277.8,9355.5,9355.5,9459.0,9549.6,9549.6,9614.3,9614.3,9614.3
Albania,2876101.0,0.0,0.0,0.0,0.0,0.0,0.0,0.0,0.0,0.0,0.0,0.0,0.0,0.0,0.0,0.0,0.0,0.0,0.0,0.0,0.0,0.0,0.0,0.0,0.0,0.0,0.0,0.0,0.0,0.0,0.0,0.0,0.0,0.0,0.0,0.0,0.0,0.0,0.0,0.0,0.0,0.0,0.0,0.0,0.0,0.0,0.0,0.0,0.7,3.5,4.2,8.0,11.5,13.2,14.6,17.7,19.1,20.5,22.3,24.3,26.4,30.9,36.2,42.8,50.8,60.5,64.7,68.5,73.7,77.5,84.5,90.1,96.3,105.7,115.8,125.5,131.1,133.2,139.1,142.2,144.6,150.6,155.1,162.4,165.2,171.8,180.1,187.4,190.5,195.4,203.1,211.7,220.4,230.5,235.7,247.6,252.4,255.9,260.8,266.3
Cyprus,1170125.0,0.0,0.0,0.0,0.0,0.0,0.0,0.0,0.0,0.0,0.0,0.0,0.0,0.0,0.0,0.0,0.0,0.0,0.0,0.0,0.0,0.0,0.0,0.0,0.0,0.0,0.0,0.0,0.0,0.0,0.0,0.0,0.0,0.0,0.0,0.0,0.0,0.0,0.0,0.0,0.0,0.0,0.0,0.0,0.0,0.0,0.0,0.0,1.7,2.6,5.1,5.1,12.0,22.2,22.2,28.2,39.3,41.9,57.3,57.3,71.8,81.2,99.1,106.0,112.8,124.8,138.4,153.0,182.9,196.6,223.9,273.5,304.2,338.4,364.1,381.2,397.4,422.2,449.5,482.0,508.5,526.4,541.0,565.8,594.0,611.0,628.1,641.0,650.4,655.5,659.8,670.0,675.1,679.4,687.1,692.2,698.2,702.5,715.3,720.4
Latvia,1960424.0,0.0,0.0,0.0,0.0,0.0,0.0,0.0,0.0,0.0,0.0,0.0,0.0,0.0,0.0,0.0,0.0,0.0,0.0,0.0,0.0,0.0,0.0,0.0,0.0,0.0,0.0,0.0,0.0,0.0,0.0,0.0,0.0,0.0,0.0,0.0,0.0,0.0,0.0,0.0,0.0,0.5,0.5,0.5,0.5,0.5,0.5,1.0,3.1,4.1,5.1,5.1,8.7,13.3,15.3,17.3,25.0,36.2,43.9,56.6,63.3,70.9,91.8,100.5,112.7,124.5,142.8,155.6,177.0,191.8,203.0,227.5,233.6,251.5,259.6,271.9,276.5,279.5,294.3,300.4,312.2,321.4,332.1,334.1,335.1,339.7,344.3,347.9,363.2,370.8,377.0,381.6,388.2,396.9,399.9,410.1,414.2,417.3,426.4,433.1
Senegal,15411614.0,0.0,0.0,0.0,0.0,0.0,0.0,0.0,0.0,0.0,0.0,0.0,0.0,0.0,0.0,0.0,0.0,0.0,0.0,0.0,0.0,0.0,0.0,0.0,0.0,0.0,0.0,0.0,0.0,0.0,0.0,0.0,0.0,0.0,0.0,0.0,0.0,0.0,0.0,0.0,0.0,0.1,0.1,0.3,0.3,0.3,0.3,0.3,0.3,0.3,0.3,0.3,0.6,0.6,1.6,1.6,1.7,2.0,2.0,2.5,3.0,4.3,5.1,5.6,6.4,6.8,7.7,8.4,9.2,10.5,11.4,12.3,12.7,13.4,14.2,14.4,14.7,15.4,15.8,16.2,17.2,18.0,18.2,18.9,19.4,20.4,21.7,22.2,22.7,23.8,24.5,26.7,28.7,31.1,35.4,39.8,43.5,47.8,53.4,57.2
Tunisia,11403248.0,0.0,0.0,0.0,0.0,0.0,0.0,0.0,0.0,0.0,0.0,0.0,0.0,0.0,0.0,0.0,0.0,0.0,0.0,0.0,0.0,0.0,0.0,0.0,0.0,0.0,0.0,0.0,0.0,0.0,0.0,0.0,0.0,0.0,0.0,0.0,0.0,0.0,0.0,0.0,0.0,0.0,0.0,0.1,0.1,0.1,0.1,0.2,0.2,0.4,0.6,0.6,1.4,1.6,1.6,1.8,2.1,2.5,3.4,4.7,5.3,6.6,7.8,10.0,15.2,17.3,19.9,24.4,27.4,27.4,34.6,37.1,39.9,43.4,48.5,50.3,52.3,54.6,55.1,56.4,58.8,60.1,62.0,63.7,65.5,68.4,72.1,75.8,75.8,77.1,77.5,77.5,79.7,80.5,80.9,82.3,83.2,84.8,85.5,85.9
Djibouti,942333.0,0.0,0.0,0.0,0.0,0.0,0.0,0.0,0.0,0.0,0.0,0.0,0.0,0.0,0.0,0.0,0.0,0.0,0.0,0.0,0.0,0.0,0.0,0.0,0.0,0.0,0.0,0.0,0.0,0.0,0.0,0.0,0.0,0.0,0.0,0.0,0.0,0.0,0.0,0.0,0.0,0.0,0.0,0.0,0.0,0.0,0.0,0.0,0.0,0.0,0.0,0.0,0.0,0.0,0.0,0.0,0.0,1.1,1.1,1.1,1.1,1.1,3.2,3.2,11.7,11.7,12.7,14.9,19.1,19.1,31.8,35.0,42.4,52.0,53.1,62.6,95.5,95.5,143.3,143.3,159.2,198.4,227.1,316.2,385.2,461.6,627.2,776.8,776.8,897.8,897.8,1002.8,1033.6,1046.3,1060.1,1069.7,1085.6,1098.3,1137.6,1142.9
Bolivia,10887882.0,0.0,0.0,0.0,0.0,0.0,0.0,0.0,0.0,0.0,0.0,0.0,0.0,0.0,0.0,0.0,0.0,0.0,0.0,0.0,0.0,0.0,0.0,0.0,0.0,0.0,0.0,0.0,0.0,0.0,0.0,0.0,0.0,0.0,0.0,0.0,0.0,0.0,0.0,0.0,0.0,0.0,0.0,0.0,0.0,0.0,0.0,0.0,0.0,0.0,0.2,0.2,0.3,0.9,0.9,1.0,1.0,1.1,1.1,1.4,1.7,2.2,2.5,2.7,2.9,3.9,5.6,6.8,7.4,8.9,9.8,10.6,11.3,12.1,12.8,14.4,16.8,17.8,19.3,24.2,24.6,25.3,27.6,30.3,32.5,36.5,40.5,42.7,45.3,47.8,51.8,54.9,55.9,64.6,74.1,79.5,87.3,93.1,93.1,101.9
Cote d'Ivoire,23695919.0,0.0,0.0,0.0,0.0,0.0,0.0,0.0,0.0,0.0,0.0,0.0,0.0,0.0,0.0,0.0,0.0,0.0,0.0,0.0,0.0,0.0,0.0,0.0,0.0,0.0,0.0,0.0,0.0,0.0,0.0,0.0,0.0,0.0,0.0,0.0,0.0,0.0,0.0,0.0,0.0,0.0,0.0,0.0,0.0,0.0,0.0,0.0,0.0,0.0,0.0,0.0,0.0,0.0,0.0,0.0,0.2,0.3,0.4,0.4,0.6,0.6,1.1,3.1,3.4,4.1,4.3,4.3,7.0,7.1,7.6,8.0,8.2,9.2,10.3,11.0,13.6,14.7,16.2,18.7,18.7,22.5,24.2,26.4,26.9,26.9,27.6,29.0,33.8,35.7,35.7,38.7,40.2,42.4,45.5,45.5,48.5,49.1,49.9,52.2
Guinea,12395924.0,0.0,0.0,0.0,0.0,0.0,0.0,0.0,0.0,0.0,0.0,0.0,0.0,0.0,0.0,0.0,0.0,0.0,0.0,0.0,0.0,0.0,0.0,0.0,0.0,0.0,0.0,0.0,0.0,0.0,0.0,0.0,0.0,0.0,0.0,0.0,0.0,0.0,0.0,0.0,0.0,0.0,0.0,0.0,0.0,0.0,0.0,0.0,0.0,0.0,0.0,0.0,0.1,0.1,0.1,0.1,0.1,0.1,0.1,0.1,0.2,0.2,0.3,0.3,0.3,0.3,0.6,0.6,1.3,1.8,1.8,2.4,4.2,5.9,9.0,9.8,10.3,11.6,13.2,15.7,17.1,20.2,20.2,25.7,29.3,32.6,35.3,38.5,41.8,46.7,50.2,55.5,61.4,69.5,77.0,80.3,80.3,93.8,100.0,109.0
Lithuania,2872298.0,0.0,0.0,0.0,0.0,0.0,0.0,0.0,0.0,0.0,0.0,0.0,0.0,0.0,0.0,0.0,0.0,0.0,0.0,0.0,0.0,0.0,0.0,0.0,0.0,0.0,0.0,0.0,0.0,0.0,0.0,0.0,0.0,0.0,0.0,0.0,0.0,0.0,0.3,0.3,0.3,0.3,0.3,0.3,0.3,0.3,0.3,0.3,0.3,0.3,1.0,1.0,2.1,2.8,4.2,5.9,8.7,9.4,12.5,17.1,28.9,49.8,62.3,72.8,95.4,104.1,124.6,137.2,160.2,170.9,187.0,202.3,226.0,242.3,268.4,282.4,293.5,306.4,317.5,332.5,347.8,357.2,366.6,369.7,372.5,379.8,392.7,400.0,431.4,451.9,461.7,470.0,477.0,486.7,490.9,496.5,500.6,504.5,467.9,478.7
Slovakia,5428704.0,0.0,0.0,0.0,0.0,0.0,0.0,0.0,0.0,0.0,0.0,0.0,0.0,0.0,0.0,0.0,0.0,0.0,0.0,0.0,0.0,0.0,0.0,0.0,0.0,0.0,0.0,0.0,0.0,0.0,0.0,0.0,0.0,0.0,0.0,0.0,0.0,0.0,0.0,0.0,0.0,0.0,0.0,0.0,0.0,0.2,0.2,0.6,0.6,1.3,1.8,2.9,5.9,8.1,9.9,11.6,13.3,19.3,22.7,25.2,32.8,34.1,34.3,37.6,39.8,41.6,49.6,53.8,57.8,61.9,66.9,73.7,78.5,82.9,86.8,89.3,98.4,107.0,125.6,129.1,131.7,134.1,136.7,141.7,153.8,159.0,180.0,193.2,200.6,213.9,216.1,220.9,229.2,244.1,250.5,252.9,254.0,254.4,254.9,256.2
Slovenia,2064845.0,0.0,0.0,0.0,0.0,0.0,0.0,0.0,0.0,0.0,0.0,0.0,0.0,0.0,0.0,0.0,0.0,0.0,0.0,0.0,0.0,0.0,0.0,0.0,0.0,0.0,0.0,0.0,0.0,0.0,0.0,0.0,0.0,0.0,0.0,0.0,0.0,0.0,0.0,0.0,0.0,0.0,0.0,0.0,1.0,3.4,3.4,7.7,7.7,15.0,27.6,43.1,68.3,87.7,106.1,122.5,133.2,133.2,138.5,165.1,185.5,200.5,214.1,232.5,255.7,272.2,306.1,331.3,353.5,366.1,388.4,407.3,434.4,452.3,473.2,482.8,494.5,512.9,528.4,544.4,561.8,575.3,583.6,587.0,590.8,604.4,614.1,631.5,637.8,644.1,646.5,650.9,655.3,661.6,664.9,672.2,676.1,679.0,681.9,686.7
North Macedonia,2081206.0,0.0,0.0,0.0,0.0,0.0,0.0,0.0,0.0,0.0,0.0,0.0,0.0,0.0,0.0,0.0,0.0,0.0,0.0,0.0,0.0,0.0,0.0,0.0,0.0,0.0,0.0,0.0,0.0,0.0,0.0,0.0,0.0,0.0,0.0,0.0,0.5,0.5,0.5,0.5,0.5,0.5,0.5,0.5,0.5,1.4,1.4,1.4,1.4,3.4,3.4,3.4,6.7,6.7,6.7,8.6,12.5,16.8,23.1,32.2,40.8,55.3,65.3,71.1,85.0,96.6,105.2,115.8,124.4,136.9,158.1,170.1,184.5,206.6,232.1,266.7,273.9,287.8,296.5,318.6,341.6,365.2,397.8,410.3,436.3,468.0,519.4,536.7,562.2,580.0,588.6,591.5,604.9,624.6,637.1,656.8,666.0,672.2,682.8,692.9
Bulgaria,7127822.0,0.0,0.0,0.0,0.0,0.0,0.0,0.0,0.0,0.0,0.0,0.0,0.0,0.0,0.0,0.0,0.0,0.0,0.0,0.0,0.0,0.0,0.0,0.0,0.0,0.0,0.0,0.0,0.0,0.0,0.0,0.0,0.0,0.0,0.0,0.0,0.0,0.0,0.0,0.0,0.0,0.0,0.0,0.0,0.0,0.0,0.0,0.6,0.6,0.6,1.0,1.0,3.2,5.8,7.2,7.3,9.4,12.9,13.2,17.8,22.9,26.2,28.2,30.6,34.0,37.0,41.1,46.4,48.5,50.4,56.0,59.2,64.1,68.0,70.6,74.5,77.0,81.0,83.2,86.7,89.1,92.7,94.7,96.1,100.0,104.8,112.2,118.7,123.2,125.4,130.3,136.8,143.7,153.9,173.1,174.9,182.4,191.2,196.3,203.0
Cuba,11475982.0,0.0,0.0,0.0,0.0,0.0,0.0,0.0,0.0,0.0,0.0,0.0,0.0,0.0,0.0,0.0,0.0,0.0,0.0,0.0,0.0,0.0,0.0,0.0,0.0,0.0,0.0,0.0,0.0,0.0,0.0,0.0,0.0,0.0,0.0,0.0,0.0,0.0,0.0,0.0,0.0,0.0,0.0,0.0,0.0,0.0,0.0,0.0,0.0,0.0,0.0,0.3,0.3,0.3,0.3,0.3,0.4,0.6,1.0,1.4,1.8,3.0,3.5,4.2,5.0,5.8,7.0,10.4,12.1,14.8,16.2,18.5,20.3,23.4,25.1,27.9,30.5,34.5,39.8,44.9,49.1,54.0,58.3,63.3,66.7,70.9,75.1,80.4,85.9,90.2,94.7,99.1,103.6,107.6,112.0,116.5,119.3,121.0,125.2,127.8
New Zealand,4692700.0,0.0,0.0,0.0,0.0,0.0,0.0,0.0,0.0,0.0,0.0,0.0,0.0,0.0,0.0,0.0,0.0,0.0,0.0,0.0,0.0,0.0,0.0,0.0,0.0,0.0,0.0,0.0,0.0,0.0,0.0,0.0,0.0,0.0,0.0,0.0,0.0,0.0,0.2,0.2,0.2,0.2,0.2,0.6,0.6,0.9,1.1,1.1,1.1,1.1,1.1,1.1,1.1,1.3,1.7,1.7,2.6,4.3,6.0,8.3,11.1,21.7,21.7,33.0,43.7,60.3,78.4,96.1,109.5,125.5,137.9,150.9,169.8,185.0,202.4,221.4,235.7,247.2,257.8,264.0,273.4,279.6,283.4,287.5,291.1,295.4,298.5,300.3,303.0,304.9,306.9,307.9,309.2,310.3,311.3,313.3,313.0,313.7,314.1,314.5
Estonia,1316481.0,0.0,0.0,0.0,0.0,0.0,0.0,0.0,0.0,0.0,0.0,0.0,0.0,0.0,0.0,0.0,0.0,0.0,0.0,0.0,0.0,0.0,0.0,0.0,0.0,0.0,0.0,0.0,0.0,0.0,0.0,0.0,0.0,0.0,0.0,0.0,0.0,0.8,0.8,0.8,0.8,0.8,1.5,1.5,2.3,7.6,7.6,7.6,7.6,9.1,12.2,12.2,60.0,87.4,129.9,155.7,170.9,196.0,202.8,215.0,232.4,247.6,267.4,280.3,306.9,408.7,436.8,489.9,515.8,543.1,565.9,591.7,651.7,730.0,789.2,833.3,841.6,872.8,900.1,916.8,955.6,990.5,994.3,1011.8,1042.9,1063.4,1089.3,1108.3,1148.5,1160.7,1166.0,1178.9,1184.2,1209.3,1219.2,1241.9,1248.0,1251.1,1260.9,1265.5
Ghana,28206728.0,0.0,0.0,0.0,0.0,0.0,0.0,0.0,0.0,0.0,0.0,0.0,0.0,0.0,0.0,0.0,0.0,0.0,0.0,0.0,0.0,0.0,0.0,0.0,0.0,0.0,0.0,0.0,0.0,0.0,0.0,0.0,0.0,0.0,0.0,0.0,0.0,0.0,0.0,0.0,0.0,0.0,0.0,0.0,0.0,0.0,0.0,0.0,0.0,0.0,0.0,0.0,0.0,0.1,0.2,0.2,0.2,0.2,0.4,0.6,0.7,0.8,1.0,1.9,3.3,4.7,4.9,5.0,5.4,5.4,5.7,6.9,7.2,7.3,7.3,7.6,7.6,10.2,11.1,13.4,13.4,14.5,20.1,20.1,22.5,22.5,22.7,22.7,29.6,36.9,36.9,36.9,40.9,40.9,45.3,45.3,55.0,55.0,59.2,59.2
Bosnia and Herzegovina,3516816.0,0.0,0.0,0.0,0.0,0.0,0.0,0.0,0.0,0.0,0.0,0.0,0.0,0.0,0.0,0.0,0.0,0.0,0.0,0.0,0.0,0.0,0.0,0.0,0.0,0.0,0.0,0.0,0.0,0.0,0.0,0.0,0.0,0.0,0.0,0.0,0.0,0.0,0.0,0.0,0.0,0.0,0.0,0.0,0.6,0.6,0.9,0.9,0.9,1.4,2.0,3.1,3.7,5.1,6.8,7.1,7.4,10.8,17.9,25.3,26.4,35.8,38.7,47.2,50.0,54.3,67.4,73.4,91.8,104.6,119.4,130.5,151.6,164.6,177.4,186.0,191.7,217.2,228.6,244.0,256.2,269.0,286.9,294.9,307.9,315.6,331.8,345.2,360.6,365.4,372.2,381.6,389.0,401.8,404.1,422.5,431.1,445.0,450.7,476.9
Nigeria,185989640.0,0.0,0.0,0.0,0.0,0.0,0.0,0.0,0.0,0.0,0.0,0.0,0.0,0.0,0.0,0.0,0.0,0.0,0.0,0.0,0.0,0.0,0.0,0.0,0.0,0.0,0.0,0.0,0.0,0.0,0.0,0.0,0.0,0.0,0.0,0.0,0.0,0.0,0.0,0.0,0.0,0.0,0.0,0.0,0.0,0.0,0.0,0.0,0.0,0.0,0.0,0.0,0.0,0.0,0.0,0.0,0.0,0.0,0.0,0.1,0.1,0.2,0.2,0.2,0.3,0.3,0.4,0.5,0.6,0.7,0.7,0.9,1.0,1.1,1.2,1.2,1.3,1.4,1.5,1.5,1.6,1.7,1.7,1.8,2.0,2.2,2.4,2.7,2.9,3.4,3.6,3.6,4.7,5.3,5.9,6.4,6.8,7.2,8.2,9.3
Azerbaijan,9762274.0,0.0,0.0,0.0,0.0,0.0,0.0,0.0,0.0,0.0,0.0,0.0,0.0,0.0,0.0,0.0,0.0,0.0,0.0,0.0,0.0,0.0,0.0,0.0,0.0,0.0,0.0,0.0,0.0,0.0,0.0,0.0,0.0,0.0,0.0,0.0,0.0,0.0,0.0,0.0,0.3,0.3,0.3,0.3,0.6,0.6,0.9,0.9,0.9,1.1,1.1,1.1,1.5,1.5,2.4,2.9,2.9,2.9,4.5,4.5,5.4,6.7,7.4,8.9,9.5,12.5,16.9,18.6,21.4,28.0,30.5,36.8,41.0,45.4,53.4,59.8,65.7,73.4,84.2,94.9,101.5,108.4,112.5,117.6,122.6,128.4,131.4,137.3,140.6,143.2,147.1,151.6,155.5,158.6,163.1,165.6,168.5,171.9,175.9,180.9
Iceland,334252.0,0.0,0.0,0.0,0.0,0.0,0.0,0.0,0.0,0.0,0.0,0.0,0.0,0.0,0.0,0.0,0.0,0.0,0.0,0.0,0.0,0.0,0.0,0.0,0.0,0.0,0.0,0.0,0.0,0.0,0.0,0.0,0.0,0.0,0.0,0.0,0.0,0.0,3.0,3.0,9.0,18.0,32.9,77.8,101.7,128.6,149.6,149.6,173.5,206.4,254.3,308.2,400.9,466.7,511.6,538.5,658.2,747.9,987.3,1223.6,1415.1,1699.3,1759.2,1938.7,2204.9,2399.4,2662.7,2881.1,3051.6,3249.0,3395.6,3649.9,3946.1,4080.8,4239.3,4445.7,4673.1,4744.9,4834.7,4930.4,5011.2,5053.1,5089.0,5118.9,5145.8,5166.8,5202.7,5247.5,5265.5,5298.4,5304.4,5319.3,5340.3,5352.2,5352.2,5355.2,5361.2,5361.2,5370.2,5376.2
Cameroon,23439189.0,0.0,0.0,0.0,0.0,0.0,0.0,0.0,0.0,0.0,0.0,0.0,0.0,0.0,0.0,0.0,0.0,0.0,0.0,0.0,0.0,0.0,0.0,0.0,0.0,0.0,0.0,0.0,0.0,0.0,0.0,0.0,0.0,0.0,0.0,0.0,0.0,0.0,0.0,0.0,0.0,0.0,0.0,0.0,0.0,0.0,0.0,0.1,0.1,0.1,0.1,0.1,0.1,0.1,0.1,0.2,0.4,0.4,0.6,0.9,1.2,1.7,2.4,2.8,3.2,3.2,3.9,3.9,5.9,5.9,8.2,9.9,13.1,21.7,23.7,27.7,28.1,28.1,31.1,31.1,35.0,35.0,35.0,35.0,36.2,36.2,42.5,42.5,43.4,43.4,49.6,49.6,49.6,56.9,61.0,64.8,69.2,72.7,72.7,78.2
Armenia,2924816.0,0.0,0.0,0.0,0.0,0.0,0.0,0.0,0.0,0.0,0.0,0.0,0.0,0.0,0.0,0.0,0.0,0.0,0.0,0.0,0.0,0.0,0.0,0.0,0.0,0.0,0.0,0.0,0.0,0.0,0.0,0.0,0.0,0.0,0.0,0.0,0.0,0.0,0.0,0.0,0.3,0.3,0.3,0.3,0.3,0.3,0.3,0.3,0.3,0.3,0.3,1.4,2.7,6.2,8.9,17.8,26.7,28.7,39.3,46.5,54.7,66.3,80.3,85.1,90.6,99.2,112.5,139.2,145.0,164.8,181.9,195.2,226.7,251.6,263.3,281.0,284.8,291.6,301.2,314.9,320.4,330.6,346.3,355.2,364.8,379.9,396.3,410.6,426.7,441.4,457.8,479.0,503.6,520.7,545.7,573.4,597.0,618.2,638.3,660.6
Afghanistan,34656032.0,0.0,0.0,0.0,0.0,0.0,0.0,0.0,0.0,0.0,0.0,0.0,0.0,0.0,0.0,0.0,0.0,0.0,0.0,0.0,0.0,0.0,0.0,0.0,0.0,0.0,0.0,0.0,0.0,0.0,0.0,0.0,0.0,0.0,0.0,0.0,0.0,0.0,0.0,0.0,0.0,0.0,0.0,0.0,0.0,0.0,0.0,0.1,0.1,0.1,0.2,0.2,0.2,0.3,0.5,0.6,0.6,0.6,0.6,0.7,0.7,1.2,1.2,2.1,2.4,2.7,3.2,3.2,3.5,4.9,5.0,6.8,7.9,8.1,8.6,10.1,10.6,12.2,12.8,14.0,15.0,16.0,17.5,19.2,20.6,22.6,24.2,26.1,26.9,28.7,29.6,31.5,33.9,36.9,39.0,42.2,44.2,49.1,52.7,55.9
Uzbekistan,31848200.0,0.0,0.0,0.0,0.0,0.0,0.0,0.0,0.0,0.0,0.0,0.0,0.0,0.0,0.0,0.0,0.0,0.0,0.0,0.0,0.0,0.0,0.0,0.0,0.0,0.0,0.0,0.0,0.0,0.0,0.0,0.0,0.0,0.0,0.0,0.0,0.0,0.0,0.0,0.0,0.0,0.0,0.0,0.0,0.0,0.0,0.0,0.0,0.0,0.0,0.0,0.0,0.0,0.0,0.0,0.2,0.3,0.5,0.7,1.0,1.4,1.4,1.4,1.6,1.9,2.4,2.8,3.3,4.5,4.7,5.4,5.7,6.4,7.1,8.4,10.7,14.3,16.3,17.1,18.3,19.6,24.1,27.2,31.3,36.6,40.9,42.4,44.1,46.8,49.1,51.1,52.7,53.9,55.2,56.6,58.5,58.7,59.8,60.9,62.9
Iraq,37202572.0,0.0,0.0,0.0,0.0,0.0,0.0,0.0,0.0,0.0,0.0,0.0,0.0,0.0,0.0,0.0,0.0,0.0,0.0,0.0,0.0,0.0,0.0,0.0,0.0,0.0,0.0,0.0,0.0,0.0,0.0,0.0,0.0,0.0,0.0,0.0,0.1,0.2,0.2,0.3,0.5,0.7,0.9,0.9,0.9,1.1,1.5,1.6,1.6,1.9,1.9,1.9,2.7,3.0,3.1,3.3,4.1,4.4,5.2,5.6,5.8,6.3,7.2,8.5,9.3,10.3,12.3,13.6,14.7,16.9,18.7,19.6,20.8,22.0,23.6,25.8,27.7,30.2,32.3,33.1,34.4,35.4,36.3,37.0,37.6,38.0,38.5,39.8,40.7,41.4,42.3,43.1,43.8,45.1,45.9,47.4,48.9,49.6,51.8,53.8
Croatia,4170600.0,0.0,0.0,0.0,0.0,0.0,0.0,0.0,0.0,0.0,0.0,0.0,0.0,0.0,0.0,0.0,0.0,0.0,0.0,0.0,0.0,0.0,0.0,0.0,0.0,0.0,0.0,0.0,0.0,0.0,0.0,0.0,0.0,0.0,0.0,0.2,0.7,0.7,1.2,1.4,1.7,1.7,2.2,2.4,2.4,2.6,2.9,2.9,2.9,3.4,4.6,4.6,7.7,9.1,11.7,13.7,15.6,19.4,25.2,30.7,49.4,60.9,75.5,91.6,106.0,118.7,140.5,157.5,171.0,189.4,207.9,230.9,242.4,258.7,270.0,283.4,293.0,307.4,322.0,337.4,358.5,367.8,383.6,395.6,408.6,417.4,429.4,434.9,439.3,448.6,451.0,457.5,467.6,475.0,481.7,483.4,486.7,488.9,490.8,494.4
Oman,4424762.0,0.0,0.0,0.0,0.0,0.0,0.0,0.0,0.0,0.0,0.0,0.0,0.0,0.0,0.0,0.0,0.0,0.0,0.0,0.0,0.0,0.0,0.0,0.0,0.0,0.0,0.0,0.0,0.0,0.0,0.0,0.0,0.0,0.0,0.5,0.5,0.9,0.9,0.9,1.4,1.4,1.4,2.7,3.4,3.6,3.6,3.6,3.6,3.6,4.1,4.1,4.1,4.3,4.3,5.0,5.0,5.4,8.8,10.8,10.8,11.8,12.4,14.9,19.0,22.4,24.6,29.6,34.4,37.7,40.5,43.4,47.5,52.2,57.0,62.6,67.3,74.8,83.8,94.7,103.3,109.4,123.4,135.4,164.3,183.7,205.7,230.3,241.6,266.7,286.1,318.7,340.8,364.8,387.8,404.5,430.5,451.5,463.1,481.6,513.9
Greece,10746740.0,0.0,0.0,0.0,0.0,0.0,0.0,0.0,0.0,0.0,0.0,0.0,0.0,0.0,0.0,0.0,0.0,0.0,0.0,0.0,0.0,0.0,0.0,0.0,0.0,0.0,0.0,0.0,0.0,0.0,0.0,0.0,0.0,0.0,0.0,0.0,0.1,0.3,0.4,0.4,0.7,0.7,0.7,0.8,2.9,4.2,4.3,6.8,6.8,8.3,9.2,9.2,17.7,21.2,30.8,30.8,36.0,38.9,38.9,46.1,49.3,58.1,64.7,69.1,76.4,83.0,89.9,98.7,107.6,112.8,122.3,131.7,143.7,150.1,155.7,161.4,163.3,170.5,175.3,181.9,187.1,193.6,196.7,199.6,201.9,204.0,205.4,206.9,208.0,208.0,208.9,223.4,224.1,229.2,231.7,233.2,234.2,235.8,238.8,239.7
Hungary,9817958.0,0.0,0.0,0.0,0.0,0.0,0.0,0.0,0.0,0.0,0.0,0.0,0.0,0.0,0.0,0.0,0.0,0.0,0.0,0.0,0.0,0.0,0.0,0.0,0.0,0.0,0.0,0.0,0.0,0.0,0.0,0.0,0.0,0.0,0.0,0.0,0.0,0.0,0.0,0.0,0.0,0.0,0.0,0.2,0.2,0.2,0.4,0.7,0.9,0.9,1.3,1.3,1.9,3.1,3.3,4.0,5.1,5.9,7.4,8.7,10.5,13.3,17.0,19.0,23.0,26.6,30.6,34.9,41.6,45.5,50.1,53.5,59.6,63.5,69.1,74.7,75.8,83.2,91.2,99.8,121.2,133.4,143.6,148.5,154.0,160.8,168.3,179.6,186.8,195.2,202.1,213.7,220.8,232.6,248.8,248.8,254.6,263.1,269.8,277.8
Bahrain,1425171.0,0.0,0.0,0.0,0.0,0.0,0.0,0.0,0.0,0.0,0.0,0.0,0.0,0.0,0.0,0.0,0.0,0.0,0.0,0.0,0.0,0.0,0.0,0.0,0.0,0.0,0.0,0.0,0.0,0.0,0.0,0.0,0.0,0.0,0.7,16.1,23.2,23.2,25.3,28.8,33.0,34.4,34.4,36.5,38.6,42.1,59.6,59.6,66.7,77.2,136.8,136.8,136.8,147.4,150.2,150.2,160.0,179.6,195.1,200.0,214.0,234.4,264.5,275.1,294.0,321.4,327.0,334.0,350.1,361.4,397.8,399.3,451.2,471.5,482.7,491.2,530.5,569.1,577.5,622.4,649.0,729.7,797.1,955.0,1072.2,1172.5,1192.8,1220.9,1244.1,1319.8,1338.1,1384.4,1422.3,1555.6,1766.8,1815.9,1857.3,1910.6,1972.4,2049.6
Thailand,68863514.0,0.0,0.0,0.1,0.1,0.1,0.1,0.2,0.2,0.2,0.3,0.3,0.3,0.3,0.4,0.4,0.4,0.4,0.5,0.5,0.5,0.5,0.5,0.5,0.5,0.5,0.5,0.5,0.5,0.5,0.5,0.5,0.5,0.5,0.5,0.5,0.6,0.6,0.6,0.6,0.6,0.6,0.6,0.6,0.7,0.7,0.7,0.7,0.7,0.8,0.9,1.0,1.1,1.2,1.7,2.1,2.6,3.1,3.9,4.7,6.0,8.7,10.5,12.0,13.6,15.2,16.5,18.1,20.2,22.1,24.0,25.7,27.2,28.7,30.0,31.5,32.2,32.8,34.4,35.2,35.9,36.6,37.0,37.5,37.9,38.4,38.8,39.2,39.7,40.2,40.5,40.8,41.0,41.2,42.2,42.2,42.4,42.6,42.7,42.8
Kazakhstan,17797032.0,0.0,0.0,0.0,0.0,0.0,0.0,0.0,0.0,0.0,0.0,0.0,0.0,0.0,0.0,0.0,0.0,0.0,0.0,0.0,0.0,0.0,0.0,0.0,0.0,0.0,0.0,0.0,0.0,0.0,0.0,0.0,0.0,0.0,0.0,0.0,0.0,0.0,0.0,0.0,0.0,0.0,0.0,0.0,0.0,0.0,0.0,0.0,0.0,0.0,0.0,0.0,0.2,0.3,0.5,0.6,1.9,2.0,2.5,2.8,3.0,3.4,3.5,4.0,4.6,6.2,8.4,12.8,16.0,17.0,19.3,21.4,24.4,26.1,29.8,32.8,37.2,39.2,40.8,43.9,45.6,48.6,53.4,61.3,69.2,72.8,78.8,86.9,90.7,94.2,104.1,112.1,120.0,128.6,139.5,146.1,152.7,159.3,170.1,176.3
Kuwait,4052584.0,0.0,0.0,0.0,0.0,0.0,0.0,0.0,0.0,0.0,0.0,0.0,0.0,0.0,0.0,0.0,0.0,0.0,0.0,0.0,0.0,0.0,0.0,0.0,0.0,0.0,0.0,0.0,0.0,0.0,0.0,0.0,0.0,0.0,0.2,2.7,6.4,10.6,11.1,11.1,11.1,13.8,13.8,13.8,14.3,14.3,15.1,15.8,15.8,17.0,17.8,19.7,19.7,25.7,27.6,30.4,32.1,35.0,36.5,39.2,43.4,46.4,46.6,47.1,48.1,51.3,55.5,58.0,62.9,65.6,71.3,78.2,84.4,102.9,118.2,137.2,164.1,183.3,211.0,224.5,245.0,284.8,304.5,320.8,334.4,346.7,376.1,409.1,432.1,472.5,492.3,513.3,554.7,592.0,645.0,713.6,758.8,811.3,848.8,922.9
Luxembourg,582972.0,0.0,0.0,0.0,0.0,0.0,0.0,0.0,0.0,0.0,0.0,0.0,0.0,0.0,0.0,0.0,0.0,0.0,0.0,0.0,0.0,0.0,0.0,0.0,0.0,0.0,0.0,0.0,0.0,0.0,0.0,0.0,0.0,0.0,0.0,0.0,0.0,0.0,0.0,1.7,1.7,1.7,1.7,1.7,1.7,3.4,3.4,5.1,5.1,8.6,12.0,32.6,58.3,87.5,101.2,132.1,240.1,348.2,574.6,830.2,1149.3,1368.8,1500.9,1885.2,2286.6,2492.4,2753.1,3140.8,3344.9,3410.1,3736.0,3977.9,4266.1,4480.5,4681.2,4809.8,4876.7,5094.6,5204.4,5343.3,5528.6,5609.2,5628.1,5646.9,5672.7,5785.9,5907.7,5969.4,6067.2,6089.5,6103.2,6206.1,6267.9,6286.8,6338.2,6365.7,6386.2,6396.5,6417.1,6465.1
Moldova,3552000.0,0.0,0.0,0.0,0.0,0.0,0.0,0.0,0.0,0.0,0.0,0.0,0.0,0.0,0.0,0.0,0.0,0.0,0.0,0.0,0.0,0.0,0.0,0.0,0.0,0.0,0.0,0.0,0.0,0.0,0.0,0.0,0.0,0.0,0.0,0.0,0.0,0.0,0.0,0.0,0.0,0.0,0.0,0.0,0.0,0.0,0.0,0.3,0.3,0.8,0.8,0.8,1.7,3.4,6.5,6.5,8.4,8.4,13.8,18.6,22.5,26.5,30.7,35.2,41.9,49.8,56.0,65.0,74.0,83.9,99.4,119.1,142.2,166.4,211.7,243.2,271.7,297.3,330.5,362.9,404.8,439.2,467.9,482.0,544.5,576.9,606.4,637.4,669.5,695.9,717.3,735.9,782.1,823.8,875.6,930.2,959.5,980.0,1024.2,1061.7
Algeria,40606052.0,0.0,0.0,0.0,0.0,0.0,0.0,0.0,0.0,0.0,0.0,0.0,0.0,0.0,0.0,0.0,0.0,0.0,0.0,0.0,0.0,0.0,0.0,0.0,0.0,0.0,0.0,0.0,0.0,0.0,0.0,0.0,0.0,0.0,0.0,0.0,0.0,0.0,0.0,0.0,0.0,0.1,0.1,0.3,0.3,0.4,0.4,0.5,0.5,0.5,0.5,0.6,0.6,0.9,1.2,1.3,1.5,1.8,2.1,2.2,3.4,5.0,5.7,6.5,7.4,9.0,10.1,11.2,12.6,14.4,17.6,20.9,24.3,28.8,30.8,32.5,35.0,36.2,38.7,41.0,43.4,44.9,47.1,48.8,51.0,53.2,55.9,59.5,62.4,64.7,66.9,69.2,71.7,74.1,77.0,80.2,83.3,86.6,89.9,94.8
Argentina,43847430.0,0.0,0.0,0.0,0.0,0.0,0.0,0.0,0.0,0.0,0.0,0.0,0.0,0.0,0.0,0.0,0.0,0.0,0.0,0.0,0.0,0.0,0.0,0.0,0.0,0.0,0.0,0.0,0.0,0.0,0.0,0.0,0.0,0.0,0.0,0.0,0.0,0.0,0.0,0.0,0.0,0.0,0.0,0.0,0.0,0.0,0.2,0.3,0.3,0.4,0.4,0.4,0.7,0.8,1.0,1.3,1.6,1.8,2.2,2.9,3.6,6.1,6.9,8.8,8.8,11.4,13.4,15.7,17.0,18.7,24.0,24.0,25.8,28.9,33.1,33.1,35.4,37.1,39.1,40.9,45.0,45.0,48.9,50.4,51.9,55.7,58.6,60.9,62.9,64.7,67.1,69.1,71.7,78.3,82.3,86.2,88.8,91.3,94.1,97.7
Morocco,35276786.0,0.0,0.0,0.0,0.0,0.0,0.0,0.0,0.0,0.0,0.0,0.0,0.0,0.0,0.0,0.0,0.0,0.0,0.0,0.0,0.0,0.0,0.0,0.0,0.0,0.0,0.0,0.0,0.0,0.0,0.0,0.0,0.0,0.0,0.0,0.0,0.0,0.0,0.0,0.0,0.0,0.0,0.0,0.0,0.1,0.1,0.1,0.1,0.1,0.1,0.1,0.2,0.2,0.5,0.8,0.8,1.1,1.4,1.8,2.2,2.7,3.3,4.1,4.8,6.4,7.8,9.8,11.4,13.6,15.8,17.5,18.5,20.1,22.4,26.1,28.9,31.7,33.6,36.1,38.9,41.0,43.8,47.1,50.0,53.5,57.4,64.7,72.7,76.1,80.9,86.3,91.0,97.7,101.1,106.5,110.5,115.2,116.8,120.5,122.5
Finland,5495096.0,0.0,0.0,0.0,0.0,0.0,0.0,0.0,0.2,0.2,0.2,0.2,0.2,0.2,0.2,0.2,0.2,0.2,0.2,0.2,0.2,0.2,0.2,0.2,0.2,0.2,0.2,0.2,0.2,0.2,0.2,0.2,0.2,0.2,0.2,0.2,0.4,0.4,0.4,0.5,1.1,1.1,1.1,1.1,2.2,2.7,2.7,4.2,5.5,7.3,10.7,10.7,28.2,40.9,44.4,50.4,58.4,61.1,72.8,81.9,95.2,113.9,127.4,144.1,160.1,174.3,189.4,212.4,225.7,246.0,258.0,263.1,276.2,293.9,342.5,350.7,396.0,420.0,452.6,474.1,503.9,528.7,541.2,557.6,575.2,589.1,613.1,634.9,669.9,688.4,703.9,730.5,751.4,779.6,799.8,814.4,832.7,854.4,862.6,892.8
Egypt,95688681.0,0.0,0.0,0.0,0.0,0.0,0.0,0.0,0.0,0.0,0.0,0.0,0.0,0.0,0.0,0.0,0.0,0.0,0.0,0.0,0.0,0.0,0.0,0.0,0.0,0.0,0.0,0.0,0.0,0.0,0.0,0.0,0.0,0.0,0.0,0.0,0.0,0.0,0.0,0.0,0.0,0.0,0.0,0.0,0.0,0.2,0.2,0.5,0.6,0.6,0.6,0.7,0.8,1.1,1.1,1.6,2.0,2.0,2.7,3.0,3.1,3.4,3.8,4.2,4.8,5.2,5.6,6.0,6.4,6.9,7.4,8.1,9.0,10.3,11.2,12.3,13.8,15.2,16.3,17.8,18.7,20.3,21.6,22.9,24.6,26.2,27.9,29.7,31.7,32.9,34.8,36.5,38.2,40.7,42.8,45.1,47.4,50.0,52.7,55.1
South Africa,55908865.0,0.0,0.0,0.0,0.0,0.0,0.0,0.0,0.0,0.0,0.0,0.0,0.0,0.0,0.0,0.0,0.0,0.0,0.0,0.0,0.0,0.0,0.0,0.0,0.0,0.0,0.0,0.0,0.0,0.0,0.0,0.0,0.0,0.0,0.0,0.0,0.0,0.0,0.0,0.0,0.0,0.0,0.0,0.0,0.0,0.0,0.0,0.1,0.1,0.1,0.2,0.3,0.4,0.7,0.9,1.1,1.1,2.1,2.7,3.6,4.3,4.9,7.2,9.9,12.7,16.6,20.9,21.2,22.9,23.7,24.2,24.7,26.1,26.9,28.3,29.6,30.2,31.3,33.0,34.6,35.8,36.3,38.9,40.6,43.2,44.8,46.6,49.8,54.3,56.5,59.0,62.0,65.0,70.7,75.5,78.0,81.3,85.7,89.4,95.7
Malaysia,31187265.0,0.0,0.0,0.0,0.1,0.1,0.1,0.1,0.2,0.3,0.3,0.3,0.3,0.3,0.3,0.4,0.4,0.4,0.5,0.5,0.6,0.6,0.6,0.6,0.6,0.7,0.7,0.7,0.7,0.7,0.7,0.7,0.7,0.7,0.7,0.7,0.7,0.7,0.7,0.8,0.9,0.9,1.2,1.6,1.6,2.7,3.0,3.2,3.8,4.1,4.8,4.8,6.3,7.6,13.7,18.1,21.6,25.3,28.9,33.0,37.9,41.9,48.7,52.1,57.6,65.1,69.3,74.4,79.2,84.2,88.7,93.2,99.9,106.9,111.7,117.4,121.6,127.1,132.1,135.6,139.4,145.3,150.2,154.5,159.9,162.6,166.2,168.4,170.1,172.8,173.9,175.8,177.4,179.7,182.5,184.1,185.3,186.6,187.6,190.6
Colombia,48653419.0,0.0,0.0,0.0,0.0,0.0,0.0,0.0,0.0,0.0,0.0,0.0,0.0,0.0,0.0,0.0,0.0,0.0,0.0,0.0,0.0,0.0,0.0,0.0,0.0,0.0,0.0,0.0,0.0,0.0,0.0,0.0,0.0,0.0,0.0,0.0,0.0,0.0,0.0,0.0,0.0,0.0,0.0,0.0,0.0,0.0,0.0,0.0,0.0,0.1,0.2,0.2,0.3,0.5,0.7,1.1,1.3,1.9,2.1,2.6,4.0,4.7,5.7,7.8,9.7,10.1,11.1,12.5,14.4,16.4,18.6,21.9,23.9,26.0,28.9,30.5,32.5,36.6,42.2,45.7,50.8,55.7,57.1,58.6,61.2,63.8,66.4,70.7,70.7,77.9,81.7,85.3,89.5,93.7,100.3,105.7,110.6,115.0,122.3,127.6
Panama,4034119.0,0.0,0.0,0.0,0.0,0.0,0.0,0.0,0.0,0.0,0.0,0.0,0.0,0.0,0.0,0.0,0.0,0.0,0.0,0.0,0.0,0.0,0.0,0.0,0.0,0.0,0.0,0.0,0.0,0.0,0.0,0.0,0.0,0.0,0.0,0.0,0.0,0.0,0.0,0.0,0.0,0.0,0.0,0.0,0.0,0.0,0.0,0.0,0.0,0.2,2.0,2.7,6.7,8.9,10.7,13.6,17.1,21.3,27.0,34.0,49.6,77.6,85.5,85.5,109.8,138.3,167.1,194.8,223.3,245.2,292.8,292.8,326.5,365.6,414.7,446.4,492.8,520.6,557.5,626.7,682.2,737.2,801.7,842.8,860.7,885.9,929.8,995.5,1043.6,1059.2,1107.3,1154.7,1195.1,1280.6,1323.2,1372.8,1432.5,1492.5,1492.5,1581.0
Serbia,7057412.0,0.0,0.0,0.0,0.0,0.0,0.0,0.0,0.0,0.0,0.0,0.0,0.0,0.0,0.0,0.0,0.0,0.0,0.0,0.0,0.0,0.0,0.0,0.0,0.0,0.0,0.0,0.0,0.0,0.0,0.0,0.0,0.0,0.0,0.0,0.0,0.0,0.0,0.0,0.0,0.0,0.0,0.0,0.0,0.0,0.1,0.1,0.1,0.1,0.7,1.7,2.7,5.0,6.5,6.8,7.8,9.2,11.8,14.6,19.1,24.2,31.5,35.3,42.9,54.4,54.4,64.8,93.4,105.0,111.2,127.5,150.2,165.9,209.1,230.1,270.4,311.7,346.7,377.8,406.2,440.0,478.9,514.4,574.4,632.7,690.5,753.5,806.2,849.3,895.2,939.4,939.4,939.4,939.4,939.4,939.4,939.4,939.4,939.4,939.4
Dominican Republic,10648791.0,0.0,0.0,0.0,0.0,0.0,0.0,0.0,0.0,0.0,0.0,0.0,0.0,0.0,0.0,0.0,0.0,0.0,0.0,0.0,0.0,0.0,0.0,0.0,0.0,0.0,0.0,0.0,0.0,0.0,0.0,0.0,0.0,0.0,0.0,0.0,0.0,0.0,0.0,0.0,0.1,0.1,0.1,0.1,0.1,0.2,0.2,0.5,0.5,0.5,0.5,0.5,0.5,1.0,1.0,1.0,2.0,2.0,3.2,6.8,10.5,19.0,23.0,29.3,36.8,45.8,54.6,67.5,80.7,84.6,104.1,120.6,129.6,139.7,139.7,163.9,171.7,183.7,198.2,220.6,246.0,259.1,278.6,297.4,308.6,339.4,352.6,387.5,407.1,439.5,466.2,473.7,497.7,520.5,539.9,556.5,576.1,591.0,602.5,624.7
Australia,24127159.0,0.0,0.0,0.0,0.0,0.2,0.2,0.2,0.2,0.4,0.4,0.5,0.5,0.5,0.5,0.5,0.6,0.6,0.6,0.6,0.6,0.6,0.6,0.6,0.6,0.6,0.6,0.6,0.6,0.6,0.6,0.6,0.6,0.6,0.6,0.6,0.6,0.6,0.6,1.0,1.1,1.2,1.6,2.2,2.3,2.5,2.6,3.1,3.8,4.4,5.3,5.3,8.3,10.4,12.3,15.6,18.7,23.5,28.2,32.8,44.4,64.2,69.7,84.7,98.0,116.5,130.3,150.9,165.1,180.8,189.0,201.5,212.0,220.9,230.0,235.7,240.3,244.3,249.1,253.2,257.6,261.2,261.7,263.2,265.9,266.9,267.8,270.3,272.2,274.0,274.5,275.4,275.7,276.1,276.7,277.4,278.3,278.6,279.5,279.9
Bangladesh,162951560.0,0.0,0.0,0.0,0.0,0.0,0.0,0.0,0.0,0.0,0.0,0.0,0.0,0.0,0.0,0.0,0.0,0.0,0.0,0.0,0.0,0.0,0.0,0.0,0.0,0.0,0.0,0.0,0.0,0.0,0.0,0.0,0.0,0.0,0.0,0.0,0.0,0.0,0.0,0.0,0.0,0.0,0.0,0.0,0.0,0.0,0.0,0.0,0.0,0.0,0.0,0.0,0.0,0.0,0.0,0.0,0.1,0.1,0.1,0.1,0.2,0.2,0.2,0.2,0.2,0.3,0.3,0.3,0.3,0.3,0.3,0.3,0.3,0.4,0.4,0.5,0.8,1.0,1.3,2.0,2.6,3.0,3.8,4.9,6.2,7.6,9.6,11.3,13.2,15.1,18.1,20.8,23.1,25.7,28.8,30.7,33.2,36.3,39.7,43.6
Czechia,10561633.0,0.0,0.0,0.0,0.0,0.0,0.0,0.0,0.0,0.0,0.0,0.0,0.0,0.0,0.0,0.0,0.0,0.0,0.0,0.0,0.0,0.0,0.0,0.0,0.0,0.0,0.0,0.0,0.0,0.0,0.0,0.0,0.0,0.0,0.0,0.0,0.0,0.0,0.0,0.0,0.3,0.3,0.5,0.8,1.1,1.7,1.8,2.9,2.9,3.9,8.6,8.9,13.4,17.9,24.0,28.2,37.5,43.9,65.7,78.9,94.2,106.0,117.0,132.0,156.6,182.3,215.8,249.1,266.7,284.1,313.2,332.1,365.3,387.3,423.4,434.3,456.6,475.0,503.0,527.3,542.7,552.1,567.2,573.7,578.6,588.5,609.1,620.1,625.5,638.7,653.3,665.9,675.3,680.5,688.6,696.1,701.0,704.9,710.5,717.6
Norway,5232929.0,0.0,0.0,0.0,0.0,0.0,0.0,0.0,0.0,0.0,0.0,0.0,0.0,0.0,0.0,0.0,0.0,0.0,0.0,0.0,0.0,0.0,0.0,0.0,0.0,0.0,0.0,0.0,0.0,0.0,0.0,0.0,0.0,0.0,0.0,0.0,0.2,0.2,1.1,2.9,3.6,4.8,6.1,10.7,16.6,20.6,28.1,33.6,39.2,76.4,114.3,134.2,190.3,208.3,233.3,254.7,279.6,296.2,333.7,365.8,404.7,455.8,500.9,547.1,589.3,643.8,717.6,767.3,818.7,849.4,886.9,929.3,983.6,1026.2,1060.6,1086.8,1120.8,1163.0,1163.0,1186.9,1206.6,1224.7,1246.9,1261.8,1265.6,1288.0,1317.8,1325.6,1344.6,1352.6,1367.5,1374.2,1402.3,1414.3,1426.2,1433.0,1438.4,1452.2,1463.8,1473.4
Philippines,103320222.0,0.0,0.0,0.0,0.0,0.0,0.0,0.0,0.0,0.0,0.0,0.0,0.0,0.0,0.0,0.0,0.0,0.0,0.0,0.0,0.0,0.0,0.0,0.0,0.0,0.0,0.0,0.0,0.0,0.0,0.0,0.0,0.0,0.0,0.0,0.0,0.0,0.0,0.0,0.0,0.0,0.0,0.0,0.0,0.0,0.0,0.1,0.1,0.2,0.3,0.5,0.5,0.6,1.1,1.4,1.4,1.8,2.0,2.1,2.2,3.0,3.7,4.5,5.3,6.2,6.8,7.8,10.4,13.7,15.0,20.2,22.4,25.5,29.2,29.9,31.4,35.4,36.4,37.5,39.5,40.6,42.9,45.0,47.7,50.6,52.8,54.8,56.9,58.9,60.6,62.5,63.9,64.9,67.6,69.6,70.6,73.4,75.3,77.0,79.5
Denmark,5731118.0,0.0,0.0,0.0,0.0,0.0,0.0,0.0,0.0,0.0,0.0,0.0,0.0,0.0,0.0,0.0,0.0,0.0,0.0,0.0,0.0,0.0,0.0,0.0,0.0,0.0,0.0,0.0,0.0,0.0,0.0,0.0,0.0,0.0,0.0,0.0,0.0,0.2,0.2,0.5,0.7,0.7,1.0,1.9,1.9,4.2,4.2,6.5,16.1,46.1,77.5,107.7,140.3,145.9,152.7,162.8,178.8,194.7,213.7,233.3,247.8,264.2,274.3,299.8,324.9,353.0,383.9,412.8,447.4,480.7,530.3,574.1,623.4,688.5,744.9,795.8,850.6,918.8,976.6,1017.3,1049.4,1080.2,1111.3,1136.4,1170.1,1199.8,1234.3,1268.2,1297.7,1322.6,1345.5,1376.9,1414.7,1443.2,1467.1,1508.1,1530.8,1552.2,1578.9,1606.3
Indonesia,261115456.0,0.0,0.0,0.0,0.0,0.0,0.0,0.0,0.0,0.0,0.0,0.0,0.0,0.0,0.0,0.0,0.0,0.0,0.0,0.0,0.0,0.0,0.0,0.0,0.0,0.0,0.0,0.0,0.0,0.0,0.0,0.0,0.0,0.0,0.0,0.0,0.0,0.0,0.0,0.0,0.0,0.0,0.0,0.0,0.0,0.0,0.0,0.0,0.1,0.1,0.1,0.1,0.3,0.4,0.4,0.5,0.7,0.9,1.2,1.4,1.7,2.0,2.2,2.6,3.0,3.4,4.0,4.4,4.9,5.4,5.9,6.4,6.9,7.6,8.0,8.7,9.5,10.5,11.3,12.6,13.4,14.7,16.2,17.5,18.5,19.7,21.1,22.7,23.9,25.2,25.9,27.3,28.4,29.8,31.4,33.0,34.0,34.8,36.4,37.4
Ukraine,45004645.0,0.0,0.0,0.0,0.0,0.0,0.0,0.0,0.0,0.0,0.0,0.0,0.0,0.0,0.0,0.0,0.0,0.0,0.0,0.0,0.0,0.0,0.0,0.0,0.0,0.0,0.0,0.0,0.0,0.0,0.0,0.0,0.0,0.0,0.0,0.0,0.0,0.0,0.0,0.0,0.0,0.0,0.0,0.0,0.0,0.0,0.0,0.0,0.0,0.0,0.0,0.0,0.1,0.1,0.1,0.2,0.3,0.3,0.4,0.6,1.0,1.6,1.6,2.2,3.2,4.4,6.9,7.9,10.6,12.2,14.3,17.6,19.9,23.8,27.2,29.1,29.3,32.5,37.1,42.0,49.0,55.8,61.7,68.9,74.9,83.6,92.5,103.6,113.5,121.1,126.9,136.1,146.5,159.3,169.9,180.5,191.5,200.2,209.1,219.2
South Korea,51245707.0,0.0,0.0,0.0,0.0,0.1,0.1,0.1,0.1,0.1,0.2,0.2,0.3,0.3,0.3,0.4,0.4,0.5,0.5,0.5,0.5,0.5,0.5,0.5,0.5,0.5,0.6,0.6,0.6,0.6,2.0,4.0,8.4,11.7,16.3,19.1,24.6,34.5,45.6,61.5,72.9,84.6,101.2,109.7,118.8,128.7,137.4,142.7,145.9,146.6,151.3,153.6,155.7,157.8,159.3,160.7,162.4,164.2,167.1,168.8,171.7,174.9,174.9,176.3,178.3,180.3,182.1,185.0,187.0,188.5,191.0,192.9,194.7,196.3,198.2,199.8,200.7,201.6,202.6,203.4,203.9,204.5,205.1,205.6,206.1,206.7,207.1,207.5,207.9,208.0,208.3,208.5,208.7,209.0,209.1,209.3,209.5,209.8,210.0,210.1
United Arab Emirates,9269612.0,0.0,0.0,0.0,0.0,0.0,0.0,0.0,0.4,0.4,0.4,0.4,0.5,0.5,0.5,0.5,0.5,0.5,0.8,0.8,0.9,0.9,0.9,0.9,0.9,0.9,1.0,1.0,1.0,1.0,1.0,1.0,1.4,1.4,1.4,1.4,1.4,1.4,2.0,2.3,2.3,2.3,2.9,2.9,3.1,3.1,4.9,4.9,4.9,8.0,8.0,9.2,9.2,9.2,10.6,10.6,10.6,12.2,15.1,15.1,16.5,16.5,21.4,26.8,35.9,35.9,43.7,50.5,61.5,65.9,71.6,87.8,110.5,136.4,162.4,194.1,224.0,254.5,286.9,322.6,362.5,403.0,444.8,487.7,532.2,578.8,628.4,679.9,679.9,731.5,783.7,836.6,888.7,944.6,1001.2,1058.6,1116.4,1169.3,1227.7,1286.9
Romania,19705301.0,0.0,0.0,0.0,0.0,0.0,0.0,0.0,0.0,0.0,0.0,0.0,0.0,0.0,0.0,0.0,0.0,0.0,0.0,0.0,0.0,0.0,0.0,0.0,0.0,0.0,0.0,0.0,0.0,0.0,0.0,0.0,0.0,0.0,0.0,0.0,0.1,0.1,0.2,0.2,0.2,0.2,0.2,0.2,0.3,0.5,0.5,0.8,0.8,1.3,2.3,2.5,4.5,6.2,6.6,8.0,9.3,13.2,14.1,15.6,18.6,22.0,29.2,40.3,46.0,52.2,65.6,73.7,92.1,107.0,113.9,124.8,138.9,161.5,183.4,196.1,205.9,224.2,241.6,264.0,277.4,304.0,319.7,336.6,349.1,366.2,391.1,409.4,427.2,443.8,453.5,469.0,492.8,512.3,528.6,539.7,560.1,575.4,589.5,607.9
Qatar,2569804.0,0.0,0.0,0.0,0.0,0.0,0.0,0.0,0.0,0.0,0.0,0.0,0.0,0.0,0.0,0.0,0.0,0.0,0.0,0.0,0.0,0.0,0.0,0.0,0.0,0.0,0.0,0.0,0.0,0.0,0.0,0.0,0.0,0.0,0.0,0.0,0.0,0.0,0.0,0.4,1.2,1.2,2.7,3.1,3.1,3.1,3.1,5.8,7.0,9.3,102.0,102.0,124.5,131.1,156.0,170.8,170.8,175.9,179.0,182.9,187.2,192.2,195.0,204.7,209.0,213.6,218.7,229.6,246.7,269.7,303.9,324.9,369.3,418.3,515.6,624.2,712.9,800.5,860.0,924.6,977.5,1061.6,1159.2,1257.3,1334.0,1444.1,1596.6,1814.5,1948.8,2120.0,2340.6,2542.2,2778.8,3021.2,3317.4,3641.5,4003.0,4375.4,4638.9,4889.1
Poland,37948016.0,0.0,0.0,0.0,0.0,0.0,0.0,0.0,0.0,0.0,0.0,0.0,0.0,0.0,0.0,0.0,0.0,0.0,0.0,0.0,0.0,0.0,0.0,0.0,0.0,0.0,0.0,0.0,0.0,0.0,0.0,0.0,0.0,0.0,0.0,0.0,0.0,0.0,0.0,0.0,0.0,0.0,0.0,0.0,0.0,0.1,0.1,0.3,0.4,0.6,0.8,1.3,1.8,2.7,3.1,4.7,6.3,6.6,9.4,11.2,14.1,16.7,19.7,23.7,27.7,32.2,36.6,43.2,49.1,54.2,60.9,67.3,77.6,89.1,95.6,108.1,116.3,127.8,137.2,146.9,156.9,167.5,175.9,182.7,189.8,199.8,208.7,220.8,230.4,244.7,252.8,259.7,268.0,277.0,287.0,297.1,306.1,313.6,322.0,333.1
Belarus,9507120.0,0.0,0.0,0.0,0.0,0.0,0.0,0.0,0.0,0.0,0.0,0.0,0.0,0.0,0.0,0.0,0.0,0.0,0.0,0.0,0.0,0.0,0.0,0.0,0.0,0.0,0.0,0.0,0.0,0.0,0.0,0.0,0.0,0.0,0.0,0.0,0.0,0.0,0.1,0.1,0.1,0.1,0.1,0.6,0.6,0.6,0.6,0.6,0.6,0.9,0.9,1.3,2.8,2.8,2.8,3.8,3.8,5.4,5.4,7.3,8.0,8.0,8.5,8.5,9.0,9.0,9.9,9.9,9.9,16.0,16.0,17.1,32.0,36.9,46.3,59.1,73.6,90.6,112.1,156.3,208.4,234.1,271.2,307.0,345.1,392.1,442.2,502.7,502.7,502.7,658.9,707.2,765.8,843.8,922.8,1008.7,1100.5,1187.4,1284.1,1386.4
Japan,126994511.0,0.0,0.0,0.0,0.0,0.0,0.0,0.1,0.1,0.1,0.1,0.2,0.2,0.2,0.2,0.2,0.2,0.2,0.2,0.2,0.2,0.2,0.2,0.2,0.2,0.3,0.5,0.5,0.6,0.7,0.7,0.8,1.0,1.2,1.3,1.3,1.5,1.7,1.8,1.9,2.0,2.2,2.3,2.6,2.8,3.3,3.6,4.0,4.0,4.6,5.0,5.0,5.5,6.1,6.6,6.6,6.9,7.0,7.3,7.6,7.9,8.7,8.9,9.4,10.3,10.9,11.6,13.3,14.7,14.7,15.4,17.2,19.6,20.6,24.7,24.7,28.8,30.8,33.5,36.7,43.5,47.3,53.1,58.0,60.2,63.8,67.9,77.1,81.1,85.0,85.0,87.7,90.6,97.4,101.0,104.2,105.8,111.4,108.2,109.4
Chile,17909754.0,0.0,0.0,0.0,0.0,0.0,0.0,0.0,0.0,0.0,0.0,0.0,0.0,0.0,0.0,0.0,0.0,0.0,0.0,0.0,0.0,0.0,0.0,0.0,0.0,0.0,0.0,0.0,0.0,0.0,0.0,0.0,0.0,0.0,0.0,0.0,0.0,0.0,0.0,0.0,0.0,0.0,0.1,0.1,0.2,0.2,0.2,0.4,0.4,0.7,1.3,1.3,2.4,3.4,4.1,8.7,11.2,13.3,13.3,24.2,30.0,35.3,41.7,51.5,63.8,72.9,89.9,106.6,119.4,136.7,152.9,169.2,190.1,208.7,232.3,249.6,268.8,285.7,309.7,333.4,363.0,386.8,402.7,420.2,442.0,461.9,491.7,516.6,543.3,563.3,586.7,604.8,630.7,659.5,687.1,717.9,744.3,771.3,802.1,831.1
Austria,8747358.0,0.0,0.0,0.0,0.0,0.0,0.0,0.0,0.0,0.0,0.0,0.0,0.0,0.0,0.0,0.0,0.0,0.0,0.0,0.0,0.0,0.0,0.0,0.0,0.0,0.0,0.0,0.0,0.0,0.0,0.0,0.0,0.0,0.0,0.0,0.2,0.2,0.3,0.3,1.0,1.6,2.1,2.4,3.3,4.7,6.3,9.0,11.9,15.0,20.8,28.1,34.5,57.6,74.9,98.3,116.4,152.3,188.2,230.1,273.0,321.7,409.5,511.5,604.0,638.8,789.8,875.4,945.5,1004.6,1099.5,1163.8,1224.5,1272.3,1317.4,1346.8,1377.7,1405.8,1444.9,1479.5,1514.1,1549.6,1578.3,1594.2,1605.2,1626.3,1638.9,1654.9,1668.5,1677.2,1686.1,1691.4,1700.3,1706.2,1715.0,1722.9,1731.7,1740.5,1746.1,1755.6,1760.8
Pakistan,193203476.0,0.0,0.0,0.0,0.0,0.0,0.0,0.0,0.0,0.0,0.0,0.0,0.0,0.0,0.0,0.0,0.0,0.0,0.0,0.0,0.0,0.0,0.0,0.0,0.0,0.0,0.0,0.0,0.0,0.0,0.0,0.0,0.0,0.0,0.0,0.0,0.0,0.0,0.0,0.0,0.0,0.0,0.0,0.0,0.0,0.0,0.0,0.0,0.0,0.1,0.1,0.1,0.1,0.2,0.3,0.7,1.2,1.5,2.3,2.6,3.8,4.0,4.5,5.0,5.5,6.2,7.1,7.7,8.3,8.9,10.0,11.0,12.5,13.9,14.6,16.3,19.5,20.9,22.1,23.2,24.3,25.9,27.1,28.4,30.2,33.0,35.8,36.4,39.5,43.2,43.6,49.5,52.2,57.7,61.8,65.9,69.0,72.0,75.6,80.4
Singapore,5607283.0,0.0,0.2,0.5,0.5,0.7,0.9,1.2,1.2,1.8,2.3,2.9,3.2,3.2,4.3,5.0,5.0,5.4,5.9,7.1,8.0,8.4,8.9,10.3,11.9,12.8,13.4,13.7,14.4,15.0,15.0,15.2,15.2,15.9,15.9,16.2,16.6,16.6,16.6,18.2,18.9,19.3,19.6,19.6,20.9,23.2,24.6,26.8,26.8,28.5,31.7,31.7,35.7,37.8,40.3,43.3,47.4,55.8,61.5,68.7,77.0,81.1,90.8,99.5,112.5,121.8,130.5,143.0,150.5,156.8,165.1,178.3,187.1,198.7,212.0,233.4,245.2,264.1,289.4,340.6,375.9,410.0,451.6,520.4,580.0,659.7,789.5,900.6,1068.6,1174.9,1429.2,1627.3,1808.5,1993.5,2153.4,2263.7,2429.7,2572.2,2666.4,2789.4
Israel,8547100.0,0.0,0.0,0.0,0.0,0.0,0.0,0.0,0.0,0.0,0.0,0.0,0.0,0.0,0.0,0.0,0.0,0.0,0.0,0.0,0.0,0.0,0.0,0.0,0.0,0.0,0.0,0.0,0.0,0.0,0.0,0.1,0.1,0.1,0.1,0.1,0.2,0.4,0.5,0.8,1.2,1.2,1.4,1.8,2.3,4.3,5.0,7.1,7.1,8.8,9.2,11.7,14.7,18.1,24.9,25.5,29.2,35.6,50.0,61.9,83.3,103.3,125.3,144.8,277.2,315.1,355.1,423.4,496.9,549.3,626.9,712.8,802.3,869.1,918.6,986.3,1041.8,1082.0,1100.3,1166.2,1217.7,1256.9,1304.0,1355.5,1409.4,1462.6,1492.7,1518.9,1552.0,1578.4,1604.4,1631.2,1696.2,1731.9,1761.8,1789.8,1806.8,1819.9,1840.2,1852.6
Mexico,127540423.0,0.0,0.0,0.0,0.0,0.0,0.0,0.0,0.0,0.0,0.0,0.0,0.0,0.0,0.0,0.0,0.0,0.0,0.0,0.0,0.0,0.0,0.0,0.0,0.0,0.0,0.0,0.0,0.0,0.0,0.0,0.0,0.0,0.0,0.0,0.0,0.0,0.0,0.0,0.0,0.0,0.0,0.0,0.0,0.0,0.0,0.0,0.1,0.1,0.1,0.1,0.1,0.2,0.3,0.4,0.6,0.7,0.9,1.3,1.6,2.0,2.5,2.9,3.2,3.7,4.6,5.6,6.6,7.8,8.6,9.5,10.8,11.8,13.2,14.8,16.8,19.1,21.8,24.9,27.0,30.1,33.1,36.5,39.3,42.3,45.8,49.4,53.9,58.8,64.8,68.8,74.5,82.7,91.2,100.9,108.5,115.1,121.8,131.3,139.6
Ireland,4773095.0,0.0,0.0,0.0,0.0,0.0,0.0,0.0,0.0,0.0,0.0,0.0,0.0,0.0,0.0,0.0,0.0,0.0,0.0,0.0,0.0,0.0,0.0,0.0,0.0,0.0,0.0,0.0,0.0,0.0,0.0,0.0,0.0,0.0,0.0,0.0,0.0,0.0,0.0,0.2,0.2,0.2,0.4,1.3,1.3,3.8,3.8,4.0,4.4,7.1,9.0,9.0,18.9,27.0,27.0,35.4,46.7,61.2,116.7,143.1,164.5,189.8,235.7,278.4,327.7,381.1,444.4,506.0,547.9,609.7,677.8,722.2,806.4,895.2,964.6,1046.3,1123.8,1196.1,1272.5,1377.3,1694.7,1870.5,2022.8,2230.6,2404.9,2628.7,2780.4,2928.9,3091.9,3195.2,3279.2,3360.5,3492.7,3688.8,3809.7,3888.7,4035.5,4116.4,4164.4,4243.2
Sweden,9903122.0,0.0,0.0,0.0,0.0,0.0,0.0,0.0,0.0,0.0,0.1,0.1,0.1,0.1,0.1,0.1,0.1,0.1,0.1,0.1,0.1,0.1,0.1,0.1,0.1,0.1,0.1,0.1,0.1,0.1,0.1,0.1,0.1,0.1,0.1,0.1,0.2,0.7,0.7,1.2,1.4,1.5,2.1,3.5,9.5,10.2,16.3,20.5,25.0,35.8,50.5,60.5,82.2,97.0,103.2,111.4,120.2,129.2,145.3,165.5,178.0,195.3,206.6,230.8,255.1,286.8,309.9,348.1,373.6,406.7,447.8,499.5,562.2,619.1,650.6,689.7,727.6,776.8,850.1,923.0,978.0,1025.0,1058.6,1105.5,1155.7,1204.4,1266.3,1334.5,1395.7,1452.6,1492.2,1547.2,1616.1,1691.9,1773.9,1835.5,1882.2,1911.1,1981.3,2050.1
Saudi Arabia,32275687.0,0.0,0.0,0.0,0.0,0.0,0.0,0.0,0.0,0.0,0.0,0.0,0.0,0.0,0.0,0.0,0.0,0.0,0.0,0.0,0.0,0.0,0.0,0.0,0.0,0.0,0.0,0.0,0.0,0.0,0.0,0.0,0.0,0.0,0.0,0.0,0.0,0.0,0.0,0.0,0.0,0.0,0.0,0.0,0.2,0.2,0.2,0.3,0.5,0.6,0.7,1.4,2.7,3.2,3.2,3.7,5.3,5.3,8.5,10.7,12.1,15.8,17.4,23.8,27.9,31.4,34.2,37.3,40.2,45.0,48.4,53.3,58.4,63.2,67.5,74.4,80.7,86.6,90.8,101.8,113.1,125.0,138.2,152.9,166.3,181.6,197.7,221.3,256.4,290.1,324.8,360.4,395.7,431.6,467.9,505.0,542.9,582.8,622.0,663.1
Portugal,10324611.0,0.0,0.0,0.0,0.0,0.0,0.0,0.0,0.0,0.0,0.0,0.0,0.0,0.0,0.0,0.0,0.0,0.0,0.0,0.0,0.0,0.0,0.0,0.0,0.0,0.0,0.0,0.0,0.0,0.0,0.0,0.0,0.0,0.0,0.0,0.0,0.0,0.0,0.0,0.0,0.0,0.2,0.2,0.5,0.8,1.3,1.9,2.9,2.9,4.0,5.7,5.7,10.8,16.4,23.7,32.1,43.4,43.4,76.0,98.8,124.0,155.0,199.5,228.8,290.1,343.3,413.4,500.7,577.5,620.7,720.9,799.2,875.0,957.5,1019.3,1092.3,1136.1,1205.1,1272.8,1351.7,1498.6,1548.4,1606.4,1640.2,1689.9,1752.2,1824.9,1842.4,1906.6,1957.1,2020.7,2070.7,2129.1,2165.0,2208.0,2265.7,2311.4,2327.2,2355.7,2373.5
Ecuador,16385068.0,0.0,0.0,0.0,0.0,0.0,0.0,0.0,0.0,0.0,0.0,0.0,0.0,0.0,0.0,0.0,0.0,0.0,0.0,0.0,0.0,0.0,0.0,0.0,0.0,0.0,0.0,0.0,0.0,0.0,0.0,0.0,0.0,0.0,0.0,0.0,0.0,0.0,0.0,0.0,0.4,0.4,0.4,0.6,0.8,0.8,0.8,0.9,0.9,0.9,1.0,1.0,1.0,1.7,1.7,2.3,3.5,6.8,12.1,22.4,30.9,48.2,59.9,66.0,71.6,85.6,97.3,111.3,117.4,119.7,136.7,167.7,193.0,205.6,211.5,222.5,228.7,228.7,271.6,303.0,437.0,442.9,455.7,459.5,464.0,479.6,502.0,515.7,550.6,577.8,618.1,634.6,662.2,682.5,1386.6,1386.6,1386.6,1418.4,1480.5,1505.9
Switzerland,8372098.0,0.0,0.0,0.0,0.0,0.0,0.0,0.0,0.0,0.0,0.0,0.0,0.0,0.0,0.0,0.0,0.0,0.0,0.0,0.0,0.0,0.0,0.0,0.0,0.0,0.0,0.0,0.0,0.0,0.0,0.0,0.0,0.0,0.0,0.0,0.1,0.1,1.0,1.0,2.1,3.2,5.0,6.7,10.7,13.6,25.6,32.0,40.3,44.7,58.6,77.9,77.9,136.0,162.3,262.8,262.8,322.5,361.7,486.7,632.3,785.3,892.7,1050.5,1179.8,1301.6,1410.8,1544.2,1681.3,1771.2,1901.8,1983.4,2122.3,2248.8,2341.8,2449.2,2520.3,2586.8,2658.0,2780.7,2872.8,2932.5,2998.9,3035.7,3068.3,3097.9,3145.7,3193.0,3234.3,3273.3,3313.4,3337.8,3352.0,3376.5,3403.7,3425.3,3451.2,3471.2,3483.5,3495.4,3512.5
India,1324171354.0,0.0,0.0,0.0,0.0,0.0,0.0,0.0,0.0,0.0,0.0,0.0,0.0,0.0,0.0,0.0,0.0,0.0,0.0,0.0,0.0,0.0,0.0,0.0,0.0,0.0,0.0,0.0,0.0,0.0,0.0,0.0,0.0,0.0,0.0,0.0,0.0,0.0,0.0,0.0,0.0,0.0,0.0,0.0,0.0,0.0,0.0,0.0,0.0,0.0,0.0,0.1,0.1,0.1,0.1,0.1,0.1,0.1,0.1,0.2,0.2,0.3,0.4,0.4,0.5,0.5,0.7,0.7,0.8,0.9,1.1,1.5,1.9,1.9,2.3,2.7,3.6,4.0,4.5,5.1,5.7,6.4,7.0,7.9,8.7,9.3,10.1,10.8,11.9,13.3,14.0,15.2,16.1,17.4,18.5,19.8,21.1,22.2,23.7,25.0
Peru,31773839.0,0.0,0.0,0.0,0.0,0.0,0.0,0.0,0.0,0.0,0.0,0.0,0.0,0.0,0.0,0.0,0.0,0.0,0.0,0.0,0.0,0.0,0.0,0.0,0.0,0.0,0.0,0.0,0.0,0.0,0.0,0.0,0.0,0.0,0.0,0.0,0.0,0.0,0.0,0.0,0.0,0.0,0.0,0.0,0.0,0.0,0.0,0.2,0.2,0.3,0.3,0.5,0.9,1.2,1.4,2.7,3.7,4.6,7.4,7.4,10.0,11.4,12.4,13.1,15.1,18.3,20.0,21.1,26.8,29.9,33.5,41.6,44.5,50.2,55.0,71.8,80.6,93.0,136.7,165.4,185.6,215.5,236.6,307.9,324.3,361.1,393.1,424.5,453.8,491.9,513.8,561.4,605.8,658.2,681.3,797.2,866.0,903.2,981.6,1067.9
Netherlands,17018408.0,0.0,0.0,0.0,0.0,0.0,0.0,0.0,0.0,0.0,0.0,0.0,0.0,0.0,0.0,0.0,0.0,0.0,0.0,0.0,0.0,0.0,0.0,0.0,0.0,0.0,0.0,0.0,0.0,0.0,0.0,0.0,0.0,0.0,0.0,0.0,0.0,0.1,0.1,0.4,0.6,1.1,1.4,2.2,4.8,7.5,11.0,15.6,18.9,22.4,29.6,29.6,47.4,56.5,66.9,83.2,100.5,120.9,145.0,176.5,213.9,247.8,279.9,327.9,378.3,438.8,508.1,577.0,642.2,694.4,744.3,804.8,868.9,929.6,982.9,1054.9,1112.1,1158.1,1215.3,1287.0,1366.1,1443.8,1512.8,1569.5,1620.6,1663.8,1726.5,1799.2,1866.6,1929.6,1973.6,2016.5,2058.5,2110.7,2158.2,2196.7,2235.2,2258.7,2268.8,2291.5
Belgium,11348159.0,0.0,0.0,0.0,0.0,0.0,0.0,0.0,0.0,0.0,0.0,0.0,0.0,0.0,0.1,0.1,0.1,0.1,0.1,0.1,0.1,0.1,0.1,0.1,0.1,0.1,0.1,0.1,0.1,0.1,0.1,0.1,0.1,0.1,0.1,0.1,0.1,0.1,0.1,0.1,0.2,0.7,1.1,2.0,4.4,9.6,14.9,17.6,21.1,23.5,27.7,27.7,49.3,60.7,78.1,93.2,109.5,130.9,158.2,198.9,248.1,299.7,329.8,376.2,435.0,549.4,641.9,804.9,954.9,1048.5,1125.7,1230.5,1352.5,1477.8,1624.1,1735.2,1834.1,1955.7,2062.3,2201.5,2349.9,2468.9,2612.5,2695.5,2742.2,2958.5,3067.4,3184.5,3276.6,3392.3,3523.3,3609.0,3691.3,3771.3,3903.1,3994.0,4065.3,4114.1,4171.1,4217.3
Canada,36286425.0,0.0,0.0,0.0,0.0,0.0,0.0,0.1,0.1,0.1,0.1,0.1,0.1,0.1,0.1,0.1,0.1,0.2,0.2,0.2,0.2,0.2,0.2,0.2,0.2,0.2,0.2,0.2,0.2,0.2,0.2,0.2,0.2,0.2,0.3,0.3,0.3,0.4,0.4,0.6,0.7,0.7,0.8,0.9,1.0,1.4,1.5,1.8,2.1,2.2,3.0,3.2,5.3,5.5,6.9,11.4,13.2,18.1,22.0,26.0,35.2,40.5,57.5,76.9,89.6,111.4,129.0,153.7,173.1,203.9,235.0,263.5,311.0,342.7,357.7,434.2,456.5,492.5,527.5,569.2,607.9,642.6,669.6,707.7,745.0,777.4,849.1,904.3,946.8,982.0,1037.8,1085.9,1148.2,1193.3,1237.9,1277.9,1323.7,1367.3,1409.6,1456.9
Brazil,207652865.0,0.0,0.0,0.0,0.0,0.0,0.0,0.0,0.0,0.0,0.0,0.0,0.0,0.0,0.0,0.0,0.0,0.0,0.0,0.0,0.0,0.0,0.0,0.0,0.0,0.0,0.0,0.0,0.0,0.0,0.0,0.0,0.0,0.0,0.0,0.0,0.0,0.0,0.0,0.0,0.0,0.0,0.0,0.0,0.0,0.1,0.1,0.1,0.1,0.1,0.2,0.3,0.7,0.7,0.8,1.0,1.5,1.8,3.0,3.8,4.9,7.4,9.3,10.8,12.3,14.4,16.5,18.8,20.5,22.1,27.5,32.9,38.7,43.6,49.9,53.6,58.6,67.6,77.9,87.1,94.6,99.8,106.9,112.8,121.7,136.4,146.5,162.2,176.5,186.1,196.2,207.5,220.4,241.0,260.3,285.7,303.9,324.8,352.7,383.7
China,1378665000.0,0.4,0.5,0.7,1.0,1.5,2.1,4.0,4.4,5.9,7.1,8.6,12.1,14.3,17.2,19.9,22.2,24.7,26.7,28.9,30.7,32.2,32.5,43.4,48.1,49.6,51.1,52.5,53.8,54.1,54.5,54.8,55.9,55.9,56.0,56.4,56.7,57.0,57.2,57.6,58.0,58.1,58.2,58.3,58.4,58.5,58.6,58.6,58.7,58.7,58.7,58.7,58.7,58.7,58.8,58.8,58.8,58.8,58.9,58.9,59.0,59.1,59.1,59.2,59.2,59.3,59.4,59.5,59.6,59.6,59.7,59.7,59.8,59.8,59.9,59.9,60.0,60.0,60.1,60.1,60.2,60.2,60.3,60.4,60.4,60.5,60.5,60.8,60.8,60.8,60.8,60.8,60.8,60.8,60.9,60.9,60.9,60.9,60.9,60.9
Iran,80277428.0,0.0,0.0,0.0,0.0,0.0,0.0,0.0,0.0,0.0,0.0,0.0,0.0,0.0,0.0,0.0,0.0,0.0,0.0,0.0,0.0,0.0,0.0,0.0,0.0,0.0,0.0,0.0,0.0,0.0,0.1,0.2,0.3,0.5,0.8,1.2,1.7,3.1,4.8,7.4,12.2,18.7,29.1,36.4,43.8,59.1,72.5,81.8,89.2,100.2,112.1,125.5,141.6,158.6,173.6,186.7,201.4,216.3,229.3,244.7,256.7,269.5,287.1,309.1,336.5,366.3,402.8,441.1,477.2,516.9,555.6,592.9,628.7,662.5,694.4,725.3,753.6,779.7,804.5,824.9,849.5,872.3,893.0,913.1,932.7,951.6,971.6,990.2,1007.4,1024.1,1040.2,1056.4,1071.2,1084.1,1098.6,1112.7,1127.1,1139.4,1153.3,1166.7
Russia,144342396.0,0.0,0.0,0.0,0.0,0.0,0.0,0.0,0.0,0.0,0.0,0.0,0.0,0.0,0.0,0.0,0.0,0.0,0.0,0.0,0.0,0.0,0.0,0.0,0.0,0.0,0.0,0.0,0.0,0.0,0.0,0.0,0.0,0.0,0.0,0.0,0.0,0.0,0.0,0.0,0.0,0.0,0.0,0.0,0.0,0.1,0.1,0.1,0.1,0.1,0.1,0.2,0.3,0.4,0.4,0.6,0.8,1.0,1.4,1.8,2.1,2.5,3.0,3.4,4.6,5.8,7.2,8.8,10.6,12.7,16.2,19.2,24.6,28.7,32.8,37.3,43.9,51.9,60.1,70.2,82.6,94.1,109.3,127.0,146.2,169.7,193.6,221.8,254.9,296.9,326.5,365.5,401.8,434.9,475.4,516.7,560.8,603.8,648.2,688.6
Turkey,79512426.0,0.0,0.0,0.0,0.0,0.0,0.0,0.0,0.0,0.0,0.0,0.0,0.0,0.0,0.0,0.0,0.0,0.0,0.0,0.0,0.0,0.0,0.0,0.0,0.0,0.0,0.0,0.0,0.0,0.0,0.0,0.0,0.0,0.0,0.0,0.0,0.0,0.0,0.0,0.0,0.0,0.0,0.0,0.0,0.0,0.0,0.0,0.0,0.0,0.0,0.0,0.0,0.1,0.1,0.1,0.2,0.6,1.2,2.4,4.5,8.4,15.5,19.2,23.5,30.6,45.6,71.7,93.1,115.9,136.2,170.2,197.2,228.1,263.1,301.0,340.4,380.0,429.0,480.8,531.8,591.5,656.1,716.3,767.8,818.9,872.7,933.1,987.8,1035.4,1085.4,1144.2,1202.2,1241.0,1280.2,1319.4,1355.4,1385.1,1411.9,1442.0,1478.9
Germany,82667685.0,0.0,0.0,0.0,0.0,0.0,0.0,0.0,0.0,0.0,0.1,0.1,0.1,0.1,0.1,0.1,0.1,0.2,0.2,0.2,0.2,0.2,0.2,0.2,0.2,0.2,0.2,0.2,0.2,0.2,0.2,0.2,0.2,0.2,0.2,0.2,0.3,0.6,0.6,1.0,1.6,1.9,2.4,3.2,5.8,8.1,9.7,12.6,14.2,17.6,23.1,25.1,44.5,55.5,70.1,88.0,112.0,149.1,185.3,240.1,268.7,300.9,351.5,399.0,451.5,531.5,615.4,697.9,751.1,809.1,868.6,942.0,1025.7,1102.7,1162.4,1211.2,1250.5,1302.4,1370.5,1429.6,1477.9,1511.0,1546.6,1573.4,1589.0,1630.1,1665.7,1710.4,1734.0,1756.2,1779.0,1793.8,1822.3,1852.3,1875.0,1893.3,1908.5,1920.4,1934.4,1954.1
United Kingdom,65637239.0,0.0,0.0,0.0,0.0,0.0,0.0,0.0,0.0,0.0,0.0,0.0,0.0,0.0,0.0,0.0,0.0,0.0,0.0,0.0,0.1,0.1,0.1,0.1,0.1,0.1,0.1,0.1,0.1,0.1,0.1,0.1,0.1,0.1,0.2,0.2,0.2,0.2,0.3,0.4,0.5,0.6,0.8,1.3,1.8,2.5,3.2,4.2,4.9,5.9,7.0,7.0,12.2,17.4,17.4,23.6,29.9,40.3,41.4,61.2,77.2,87.5,102.5,124.4,146.9,180.0,224.6,263.8,301.4,342.1,388.2,455.0,520.6,589.4,647.1,737.9,796.5,852.4,936.6,1003.6,1136.6,1216.9,1298.1,1364.6,1445.0,1515.6,1586.7,1672.4,1756.8,1846.1,1917.4,1983.2,2051.2,2121.4,2203.6,2278.7,2346.8,2412.5,2473.4,2535.8
France,66896109.0,0.0,0.0,0.0,0.0,0.0,0.0,0.1,0.1,0.1,0.1,0.1,0.1,0.1,0.1,0.1,0.1,0.1,0.2,0.2,0.2,0.2,0.2,0.2,0.2,0.2,0.2,0.2,0.2,0.2,0.2,0.2,0.2,0.2,0.2,0.2,0.3,0.6,0.9,1.5,1.9,2.9,3.0,4.3,5.7,9.8,14.3,17.0,18.2,26.8,34.3,34.3,55.0,67.2,67.7,99.9,115.3,136.4,164.0,190.7,216.2,242.8,300.8,338.2,382.7,441.7,499.3,569.6,608.5,675.2,789.7,863.3,895.9,974.7,1038.9,1067.5,1126.3,1183.4,1241.6,1306.0,1371.4,1418.1,1819.4,1874.5,1948.8,1996.9,2183.6,2213.6,2213.7,2287.3,2322.9,2364.4,2331.7,2366.4,2391.1,2416.3,2425.0,2480.9,2527.1,2489.6
Italy,60600590.0,0.0,0.0,0.0,0.0,0.0,0.0,0.0,0.0,0.0,0.0,0.0,0.0,0.0,0.0,0.0,0.0,0.0,0.0,0.0,0.0,0.0,0.0,0.0,0.0,0.0,0.0,0.0,0.0,0.0,0.0,0.3,1.0,2.6,3.8,5.3,7.5,10.8,14.7,18.6,28.0,33.6,41.3,51.0,63.7,76.5,97.1,121.7,151.4,167.5,205.6,205.6,291.4,349.1,408.4,461.7,519.9,589.3,677.1,775.9,884.1,975.9,1054.9,1141.5,1227.5,1329.8,1427.3,1525.9,1612.0,1678.8,1745.7,1824.6,1901.7,1977.3,2056.6,2127.8,2187.2,2237.4,2300.7,2370.0,2435.2,2512.7,2580.2,2632.3,2681.3,2725.3,2787.8,2845.4,2903.0,2953.3,2990.5,3035.6,3091.2,3134.8,3184.7,3223.6,3261.9,3290.6,3325.1,3359.6
Spain,46443959.0,0.0,0.0,0.0,0.0,0.0,0.0,0.0,0.0,0.0,0.0,0.0,0.0,0.0,0.0,0.0,0.0,0.0,0.0,0.0,0.0,0.0,0.0,0.0,0.0,0.0,0.0,0.0,0.0,0.0,0.0,0.0,0.0,0.0,0.0,0.1,0.3,0.3,0.7,1.0,1.8,2.6,3.6,4.8,5.6,8.6,10.8,14.5,23.1,36.5,49.0,49.0,112.7,137.6,167.9,214.1,253.0,299.5,386.8,439.5,546.3,619.4,756.5,858.8,1066.1,1244.2,1415.0,1576.8,1724.9,1893.8,2065.3,2241.8,2412.9,2566.5,2716.6,2834.5,2942.8,3056.2,3191.4,3299.1,3407.8,3510.2,3592.1,3662.5,3715.0,3824.9,3982.2,4109.0,4128.1,4277.7,4310.8,4396.2,4486.9,4586.7,4370.6,4433.4,4470.6,4510.1,4538.2,4584.4
US,323127513.0,0.0,0.0,0.0,0.0,0.0,0.0,0.0,0.0,0.0,0.0,0.0,0.0,0.0,0.0,0.0,0.0,0.0,0.0,0.0,0.0,0.0,0.0,0.0,0.0,0.0,0.0,0.0,0.0,0.0,0.0,0.0,0.0,0.0,0.2,0.2,0.2,0.2,0.2,0.2,0.2,0.3,0.4,0.5,0.7,0.8,1.2,1.6,1.8,3.0,4.0,5.1,6.7,8.4,10.8,14.3,19.9,24.1,42.5,59.6,79.2,103.0,135.7,166.3,203.6,259.5,314.6,375.9,436.1,500.8,582.3,659.9,754.0,852.2,955.2,1042.3,1133.7,1229.0,1326.6,1432.2,1536.7,1629.1,1718.6,1796.9,1880.6,1969.3,2066.0,2165.4,2266.0,2348.3,2427.3,2512.5,2600.7,2689.9,2801.9,2903.4,2988.9,3058.2,3133.7,3218.3
