id,Country/Region,region,1/22/20,1/23/20,1/24/20,1/25/20,1/26/20,1/27/20,1/28/20,1/29/20,1/30/20,1/31/20,2/1/20,2/2/20,2/3/20,2/4/20,2/5/20,2/6/20,2/7/20,2/8/20,2/9/20,2/10/20,2/11/20,2/12/20,2/13/20,2/14/20,2/15/20,2/16/20,2/17/20,2/18/20,2/19/20,2/20/20,2/21/20,2/22/20,2/23/20,2/24/20,2/25/20,2/26/20,2/27/20,2/28/20,2/29/20,3/1/20,3/2/20,3/3/20,3/4/20,3/5/20,3/6/20,3/7/20,3/8/20,3/9/20,3/10/20,3/11/20,3/12/20,3/13/20,3/14/20,3/15/20,3/16/20,3/17/20,3/18/20,3/19/20,3/20/20,3/21/20,3/22/20,3/23/20,3/24/20,3/25/20,3/26/20,3/27/20,3/28/20,3/29/20,3/30/20,3/31/20,4/1/20,4/2/20,4/3/20,4/4/20,4/5/20,4/6/20,4/7/20,4/8/20,4/9/20,4/10/20,4/11/20,4/12/20,4/13/20,4/14/20,4/15/20,4/16/20,4/17/20,4/18/20,4/19/20,4/20/20,4/21/20,4/22/20,4/23/20,4/24/20,4/25/20,4/26/20,4/27/20,4/28/20,4/29/20,4/30/20,5/1/20,5/2/20,5/3/20,5/4/20,5/5/20,5/6/20
0,Comoros,,0.0,0.0,0.0,0.0,0.0,0.0,0.0,0.0,0.0,0.0,0.0,0.0,0.0,0.0,0.0,0.0,0.0,0.0,0.0,0.0,0.0,0.0,0.0,0.0,0.0,0.0,0.0,0.0,0.0,0.0,0.0,0.0,0.0,0.0,0.0,0.0,0.0,0.0,0.0,0.0,0.0,0.0,0.0,0.0,0.0,0.0,0.0,0.0,0.0,0.0,0.0,0.0,0.0,0.0,0.0,0.0,0.0,0.0,0.0,0.0,0.0,0.0,0.0,0.0,0.0,0.0,0.0,0.0,0.0,0.0,0.0,0.0,0.0,0.0,0.0,0.0,0.0,0.0,0.0,0.0,0.0,0.0,0.0,0.0,0.0,0.0,0.0,0.0,0.0,0.0,0.0,0.0,0.0,0.0,0.0,0.0,0.0,0.0,0.0,0.0,0.0,0.0,0.0,0.0,0.0,0.0
1,MS Zaandam,,0.0,0.0,0.0,0.0,0.0,0.0,0.0,0.0,0.0,0.0,0.0,0.0,0.0,0.0,0.0,0.0,0.0,0.0,0.0,0.0,0.0,0.0,0.0,0.0,0.0,0.0,0.0,0.0,0.0,0.0,0.0,0.0,0.0,0.0,0.0,0.0,0.0,0.0,0.0,0.0,0.0,0.0,0.0,0.0,0.0,0.0,0.0,0.0,0.0,0.0,0.0,0.0,0.0,0.0,0.0,0.0,0.0,0.0,0.0,0.0,0.0,0.0,0.0,0.0,0.0,0.0,0.0,0.0,0.0,0.0,0.0,0.0,0.0,0.0,0.0,0.0,0.0,0.0,0.0,0.0,0.0,0.0,0.0,0.0,0.0,0.0,0.0,0.0,0.0,0.0,0.0,0.0,0.0,0.0,0.0,0.0,0.0,0.0,0.0,0.0,0.0,0.0,0.0,0.0,0.0,0.0
2,Tajikistan,AS,0.0,0.0,0.0,0.0,0.0,0.0,0.0,0.0,0.0,0.0,0.0,0.0,0.0,0.0,0.0,0.0,0.0,0.0,0.0,0.0,0.0,0.0,0.0,0.0,0.0,0.0,0.0,0.0,0.0,0.0,0.0,0.0,0.0,0.0,0.0,0.0,0.0,0.0,0.0,0.0,0.0,0.0,0.0,0.0,0.0,0.0,0.0,0.0,0.0,0.0,0.0,0.0,0.0,0.0,0.0,0.0,0.0,0.0,0.0,0.0,0.0,0.0,0.0,0.0,0.0,0.0,0.0,0.0,0.0,0.0,0.0,0.0,0.0,0.0,0.0,0.0,0.0,0.0,0.0,0.0,0.0,0.0,0.0,0.0,0.0,0.0,0.0,0.0,0.0,0.0,0.0,0.0,0.0,0.0,0.0,0.0,0.0,0.0,0.0,0.0,0.0,0.0,0.0,0.0,0.0,0.0
3,South Sudan,,0.0,0.0,0.0,0.0,0.0,0.0,0.0,0.0,0.0,0.0,0.0,0.0,0.0,0.0,0.0,0.0,0.0,0.0,0.0,0.0,0.0,0.0,0.0,0.0,0.0,0.0,0.0,0.0,0.0,0.0,0.0,0.0,0.0,0.0,0.0,0.0,0.0,0.0,0.0,0.0,0.0,0.0,0.0,0.0,0.0,0.0,0.0,0.0,0.0,0.0,0.0,0.0,0.0,0.0,0.0,0.0,0.0,0.0,0.0,0.0,0.0,0.0,0.0,0.0,0.0,0.0,0.0,0.0,0.0,0.0,0.0,0.0,0.0,0.0,0.0,0.0,0.0,0.0,0.0,0.0,0.0,0.0,0.0,0.0,0.0,0.0,0.0,0.0,0.0,0.0,0.0,0.0,0.0,0.0,0.0,0.0,0.0,0.0,0.0,0.0,0.0,0.0,0.0,0.0,0.0,0.0
4,Yemen,,0.0,0.0,0.0,0.0,0.0,0.0,0.0,0.0,0.0,0.0,0.0,0.0,0.0,0.0,0.0,0.0,0.0,0.0,0.0,0.0,0.0,0.0,0.0,0.0,0.0,0.0,0.0,0.0,0.0,0.0,0.0,0.0,0.0,0.0,0.0,0.0,0.0,0.0,0.0,0.0,0.0,0.0,0.0,0.0,0.0,0.0,0.0,0.0,0.0,0.0,0.0,0.0,0.0,0.0,0.0,0.0,0.0,0.0,0.0,0.0,0.0,0.0,0.0,0.0,0.0,0.0,0.0,0.0,0.0,0.0,0.0,0.0,0.0,0.0,0.0,0.0,0.0,0.0,0.0,0.0,0.0,0.0,0.0,0.0,0.0,0.0,0.0,0.0,0.0,0.0,0.0,0.0,0.0,1.0,1.0,1.0,1.0,1.0,1.0,1.0,1.0,1.0,1.0,1.0,1.0,1.0
5,Holy See,,0.0,0.0,0.0,0.0,0.0,0.0,0.0,0.0,0.0,0.0,0.0,0.0,0.0,0.0,0.0,0.0,0.0,0.0,0.0,0.0,0.0,0.0,0.0,0.0,0.0,0.0,0.0,0.0,0.0,0.0,0.0,0.0,0.0,0.0,0.0,0.0,0.0,0.0,0.0,0.0,0.0,0.0,0.0,0.0,0.0,0.0,0.0,0.0,0.0,0.0,0.0,0.0,0.0,0.0,0.0,0.0,0.0,0.0,0.0,0.0,0.0,0.0,0.0,0.0,0.0,0.0,0.0,0.0,0.0,0.0,0.0,0.0,0.0,0.0,0.0,0.0,0.0,2.0,2.0,2.0,2.0,2.0,2.0,2.0,2.0,2.0,2.0,2.0,2.0,2.0,2.0,2.0,2.0,2.0,2.0,2.0,2.0,2.0,2.0,2.0,2.0,2.0,2.0,2.0,2.0,2.0
6,Sao Tome and Principe,,0.0,0.0,0.0,0.0,0.0,0.0,0.0,0.0,0.0,0.0,0.0,0.0,0.0,0.0,0.0,0.0,0.0,0.0,0.0,0.0,0.0,0.0,0.0,0.0,0.0,0.0,0.0,0.0,0.0,0.0,0.0,0.0,0.0,0.0,0.0,0.0,0.0,0.0,0.0,0.0,0.0,0.0,0.0,0.0,0.0,0.0,0.0,0.0,0.0,0.0,0.0,0.0,0.0,0.0,0.0,0.0,0.0,0.0,0.0,0.0,0.0,0.0,0.0,0.0,0.0,0.0,0.0,0.0,0.0,0.0,0.0,0.0,0.0,0.0,0.0,0.0,0.0,0.0,0.0,0.0,0.0,0.0,0.0,0.0,0.0,0.0,0.0,0.0,0.0,0.0,0.0,0.0,0.0,0.0,0.0,0.0,0.0,4.0,4.0,4.0,4.0,4.0,4.0,4.0,4.0,4.0
7,Zimbabwe,AF,0.0,0.0,0.0,0.0,0.0,0.0,0.0,0.0,0.0,0.0,0.0,0.0,0.0,0.0,0.0,0.0,0.0,0.0,0.0,0.0,0.0,0.0,0.0,0.0,0.0,0.0,0.0,0.0,0.0,0.0,0.0,0.0,0.0,0.0,0.0,0.0,0.0,0.0,0.0,0.0,0.0,0.0,0.0,0.0,0.0,0.0,0.0,0.0,0.0,0.0,0.0,0.0,0.0,0.0,0.0,0.0,0.0,0.0,0.0,0.0,0.0,0.0,0.0,0.0,0.0,0.0,0.0,0.0,0.0,0.0,0.0,0.0,0.0,0.0,0.0,0.0,0.0,0.0,0.0,0.0,0.0,0.0,0.0,0.0,1.0,1.0,2.0,2.0,2.0,2.0,2.0,2.0,2.0,2.0,2.0,2.0,5.0,5.0,5.0,5.0,5.0,5.0,5.0,5.0,5.0,5.0
8,Western Sahara,,0.0,0.0,0.0,0.0,0.0,0.0,0.0,0.0,0.0,0.0,0.0,0.0,0.0,0.0,0.0,0.0,0.0,0.0,0.0,0.0,0.0,0.0,0.0,0.0,0.0,0.0,0.0,0.0,0.0,0.0,0.0,0.0,0.0,0.0,0.0,0.0,0.0,0.0,0.0,0.0,0.0,0.0,0.0,0.0,0.0,0.0,0.0,0.0,0.0,0.0,0.0,0.0,0.0,0.0,0.0,0.0,0.0,0.0,0.0,0.0,0.0,0.0,0.0,0.0,0.0,0.0,0.0,0.0,0.0,0.0,0.0,0.0,0.0,0.0,0.0,0.0,0.0,0.0,0.0,0.0,0.0,0.0,0.0,0.0,0.0,0.0,0.0,0.0,0.0,0.0,0.0,0.0,5.0,5.0,5.0,5.0,5.0,5.0,5.0,5.0,5.0,5.0,5.0,5.0,5.0,5.0
9,Bhutan,AS,0.0,0.0,0.0,0.0,0.0,0.0,0.0,0.0,0.0,0.0,0.0,0.0,0.0,0.0,0.0,0.0,0.0,0.0,0.0,0.0,0.0,0.0,0.0,0.0,0.0,0.0,0.0,0.0,0.0,0.0,0.0,0.0,0.0,0.0,0.0,0.0,0.0,0.0,0.0,0.0,0.0,0.0,0.0,0.0,0.0,0.0,0.0,0.0,0.0,0.0,0.0,0.0,0.0,0.0,0.0,0.0,0.0,0.0,0.0,0.0,0.0,0.0,0.0,0.0,0.0,0.0,0.0,0.0,0.0,0.0,0.0,1.0,2.0,2.0,2.0,2.0,2.0,2.0,2.0,2.0,2.0,2.0,2.0,2.0,2.0,2.0,2.0,2.0,2.0,2.0,2.0,2.0,3.0,3.0,3.0,4.0,4.0,5.0,5.0,5.0,5.0,5.0,5.0,5.0,5.0,5.0
10,Mauritania,AF,0.0,0.0,0.0,0.0,0.0,0.0,0.0,0.0,0.0,0.0,0.0,0.0,0.0,0.0,0.0,0.0,0.0,0.0,0.0,0.0,0.0,0.0,0.0,0.0,0.0,0.0,0.0,0.0,0.0,0.0,0.0,0.0,0.0,0.0,0.0,0.0,0.0,0.0,0.0,0.0,0.0,0.0,0.0,0.0,0.0,0.0,0.0,0.0,0.0,0.0,0.0,0.0,0.0,0.0,0.0,0.0,0.0,0.0,0.0,0.0,0.0,0.0,0.0,0.0,0.0,0.0,0.0,2.0,2.0,2.0,2.0,2.0,2.0,2.0,2.0,2.0,2.0,2.0,2.0,2.0,2.0,2.0,2.0,2.0,2.0,2.0,2.0,2.0,6.0,6.0,6.0,6.0,6.0,6.0,6.0,6.0,6.0,6.0,6.0,6.0,6.0,6.0,6.0,6.0,6.0,6.0
11,Nicaragua,SA,0.0,0.0,0.0,0.0,0.0,0.0,0.0,0.0,0.0,0.0,0.0,0.0,0.0,0.0,0.0,0.0,0.0,0.0,0.0,0.0,0.0,0.0,0.0,0.0,0.0,0.0,0.0,0.0,0.0,0.0,0.0,0.0,0.0,0.0,0.0,0.0,0.0,0.0,0.0,0.0,0.0,0.0,0.0,0.0,0.0,0.0,0.0,0.0,0.0,0.0,0.0,0.0,0.0,0.0,0.0,0.0,0.0,0.0,0.0,0.0,0.0,0.0,0.0,0.0,0.0,0.0,0.0,0.0,0.0,0.0,0.0,0.0,0.0,0.0,0.0,0.0,0.0,0.0,0.0,0.0,0.0,4.0,4.0,4.0,4.0,4.0,4.0,6.0,6.0,6.0,7.0,7.0,7.0,7.0,7.0,7.0,7.0,7.0,7.0,7.0,7.0,7.0,7.0,7.0,7.0,7.0
12,Burundi,AF,0.0,0.0,0.0,0.0,0.0,0.0,0.0,0.0,0.0,0.0,0.0,0.0,0.0,0.0,0.0,0.0,0.0,0.0,0.0,0.0,0.0,0.0,0.0,0.0,0.0,0.0,0.0,0.0,0.0,0.0,0.0,0.0,0.0,0.0,0.0,0.0,0.0,0.0,0.0,0.0,0.0,0.0,0.0,0.0,0.0,0.0,0.0,0.0,0.0,0.0,0.0,0.0,0.0,0.0,0.0,0.0,0.0,0.0,0.0,0.0,0.0,0.0,0.0,0.0,0.0,0.0,0.0,0.0,0.0,0.0,0.0,0.0,0.0,0.0,0.0,0.0,0.0,0.0,0.0,0.0,0.0,0.0,0.0,0.0,0.0,0.0,0.0,0.0,0.0,4.0,4.0,4.0,4.0,4.0,4.0,4.0,4.0,4.0,4.0,4.0,4.0,7.0,7.0,7.0,7.0,7.0
13,Namibia,AF,0.0,0.0,0.0,0.0,0.0,0.0,0.0,0.0,0.0,0.0,0.0,0.0,0.0,0.0,0.0,0.0,0.0,0.0,0.0,0.0,0.0,0.0,0.0,0.0,0.0,0.0,0.0,0.0,0.0,0.0,0.0,0.0,0.0,0.0,0.0,0.0,0.0,0.0,0.0,0.0,0.0,0.0,0.0,0.0,0.0,0.0,0.0,0.0,0.0,0.0,0.0,0.0,0.0,0.0,0.0,0.0,0.0,0.0,0.0,0.0,0.0,0.0,2.0,2.0,2.0,2.0,2.0,2.0,2.0,2.0,2.0,3.0,3.0,3.0,3.0,3.0,3.0,3.0,3.0,3.0,3.0,3.0,3.0,3.0,3.0,4.0,4.0,6.0,6.0,6.0,6.0,6.0,7.0,7.0,7.0,8.0,8.0,8.0,8.0,8.0,8.0,8.0,8.0,8.0,8.0,8.0
14,Papua New Guinea,AS,0.0,0.0,0.0,0.0,0.0,0.0,0.0,0.0,0.0,0.0,0.0,0.0,0.0,0.0,0.0,0.0,0.0,0.0,0.0,0.0,0.0,0.0,0.0,0.0,0.0,0.0,0.0,0.0,0.0,0.0,0.0,0.0,0.0,0.0,0.0,0.0,0.0,0.0,0.0,0.0,0.0,0.0,0.0,0.0,0.0,0.0,0.0,0.0,0.0,0.0,0.0,0.0,0.0,0.0,0.0,0.0,0.0,0.0,0.0,0.0,0.0,0.0,0.0,0.0,0.0,0.0,0.0,0.0,0.0,0.0,0.0,0.0,0.0,0.0,0.0,0.0,0.0,0.0,0.0,0.0,0.0,0.0,0.0,0.0,0.0,0.0,0.0,0.0,0.0,0.0,0.0,0.0,0.0,0.0,0.0,0.0,0.0,0.0,0.0,0.0,0.0,0.0,0.0,8.0,8.0,8.0
15,Seychelles,AF,0.0,0.0,0.0,0.0,0.0,0.0,0.0,0.0,0.0,0.0,0.0,0.0,0.0,0.0,0.0,0.0,0.0,0.0,0.0,0.0,0.0,0.0,0.0,0.0,0.0,0.0,0.0,0.0,0.0,0.0,0.0,0.0,0.0,0.0,0.0,0.0,0.0,0.0,0.0,0.0,0.0,0.0,0.0,0.0,0.0,0.0,0.0,0.0,0.0,0.0,0.0,0.0,0.0,0.0,0.0,0.0,0.0,0.0,0.0,0.0,0.0,0.0,0.0,0.0,0.0,0.0,0.0,0.0,0.0,0.0,0.0,0.0,0.0,0.0,0.0,0.0,0.0,0.0,0.0,0.0,0.0,0.0,0.0,0.0,0.0,0.0,5.0,5.0,5.0,5.0,5.0,5.0,6.0,6.0,6.0,6.0,6.0,6.0,6.0,6.0,6.0,6.0,6.0,6.0,8.0,8.0
16,Botswana,,0.0,0.0,0.0,0.0,0.0,0.0,0.0,0.0,0.0,0.0,0.0,0.0,0.0,0.0,0.0,0.0,0.0,0.0,0.0,0.0,0.0,0.0,0.0,0.0,0.0,0.0,0.0,0.0,0.0,0.0,0.0,0.0,0.0,0.0,0.0,0.0,0.0,0.0,0.0,0.0,0.0,0.0,0.0,0.0,0.0,0.0,0.0,0.0,0.0,0.0,0.0,0.0,0.0,0.0,0.0,0.0,0.0,0.0,0.0,0.0,0.0,0.0,0.0,0.0,0.0,0.0,0.0,0.0,0.0,0.0,0.0,0.0,0.0,0.0,0.0,0.0,0.0,0.0,0.0,0.0,0.0,0.0,0.0,0.0,0.0,0.0,0.0,0.0,0.0,0.0,0.0,0.0,0.0,0.0,0.0,0.0,0.0,0.0,5.0,5.0,8.0,8.0,8.0,8.0,8.0,8.0
17,Saint Vincent and the Grenadines,,0.0,0.0,0.0,0.0,0.0,0.0,0.0,0.0,0.0,0.0,0.0,0.0,0.0,0.0,0.0,0.0,0.0,0.0,0.0,0.0,0.0,0.0,0.0,0.0,0.0,0.0,0.0,0.0,0.0,0.0,0.0,0.0,0.0,0.0,0.0,0.0,0.0,0.0,0.0,0.0,0.0,0.0,0.0,0.0,0.0,0.0,0.0,0.0,0.0,0.0,0.0,0.0,0.0,0.0,0.0,0.0,0.0,0.0,0.0,0.0,0.0,0.0,0.0,0.0,0.0,0.0,1.0,1.0,1.0,1.0,1.0,1.0,1.0,1.0,1.0,1.0,1.0,1.0,1.0,1.0,1.0,1.0,1.0,1.0,1.0,1.0,1.0,1.0,1.0,1.0,2.0,3.0,3.0,5.0,5.0,5.0,8.0,8.0,8.0,8.0,8.0,8.0,8.0,9.0,9.0,9.0
18,Malawi,AF,0.0,0.0,0.0,0.0,0.0,0.0,0.0,0.0,0.0,0.0,0.0,0.0,0.0,0.0,0.0,0.0,0.0,0.0,0.0,0.0,0.0,0.0,0.0,0.0,0.0,0.0,0.0,0.0,0.0,0.0,0.0,0.0,0.0,0.0,0.0,0.0,0.0,0.0,0.0,0.0,0.0,0.0,0.0,0.0,0.0,0.0,0.0,0.0,0.0,0.0,0.0,0.0,0.0,0.0,0.0,0.0,0.0,0.0,0.0,0.0,0.0,0.0,0.0,0.0,0.0,0.0,0.0,0.0,0.0,0.0,0.0,0.0,0.0,0.0,0.0,0.0,0.0,0.0,0.0,0.0,0.0,0.0,0.0,0.0,0.0,0.0,3.0,3.0,3.0,3.0,3.0,3.0,3.0,4.0,4.0,4.0,4.0,5.0,7.0,7.0,9.0,9.0,9.0,9.0,9.0,9.0
19,Suriname,SA,0.0,0.0,0.0,0.0,0.0,0.0,0.0,0.0,0.0,0.0,0.0,0.0,0.0,0.0,0.0,0.0,0.0,0.0,0.0,0.0,0.0,0.0,0.0,0.0,0.0,0.0,0.0,0.0,0.0,0.0,0.0,0.0,0.0,0.0,0.0,0.0,0.0,0.0,0.0,0.0,0.0,0.0,0.0,0.0,0.0,0.0,0.0,0.0,0.0,0.0,0.0,0.0,0.0,0.0,0.0,0.0,0.0,0.0,0.0,0.0,0.0,0.0,0.0,0.0,0.0,0.0,0.0,0.0,0.0,0.0,0.0,0.0,0.0,0.0,0.0,0.0,0.0,3.0,4.0,4.0,4.0,4.0,6.0,6.0,6.0,6.0,6.0,6.0,6.0,6.0,6.0,6.0,6.0,7.0,7.0,7.0,7.0,7.0,8.0,8.0,8.0,8.0,9.0,9.0,9.0,9.0
20,Gambia,AF,0.0,0.0,0.0,0.0,0.0,0.0,0.0,0.0,0.0,0.0,0.0,0.0,0.0,0.0,0.0,0.0,0.0,0.0,0.0,0.0,0.0,0.0,0.0,0.0,0.0,0.0,0.0,0.0,0.0,0.0,0.0,0.0,0.0,0.0,0.0,0.0,0.0,0.0,0.0,0.0,0.0,0.0,0.0,0.0,0.0,0.0,0.0,0.0,0.0,0.0,0.0,0.0,0.0,0.0,0.0,0.0,0.0,0.0,0.0,0.0,0.0,0.0,0.0,0.0,0.0,0.0,0.0,0.0,0.0,0.0,2.0,2.0,2.0,2.0,2.0,2.0,2.0,2.0,2.0,2.0,2.0,2.0,2.0,2.0,2.0,2.0,2.0,2.0,2.0,2.0,2.0,2.0,2.0,2.0,8.0,8.0,8.0,8.0,8.0,8.0,8.0,9.0,9.0,9.0,9.0,9.0
21,Haiti,SA,0.0,0.0,0.0,0.0,0.0,0.0,0.0,0.0,0.0,0.0,0.0,0.0,0.0,0.0,0.0,0.0,0.0,0.0,0.0,0.0,0.0,0.0,0.0,0.0,0.0,0.0,0.0,0.0,0.0,0.0,0.0,0.0,0.0,0.0,0.0,0.0,0.0,0.0,0.0,0.0,0.0,0.0,0.0,0.0,0.0,0.0,0.0,0.0,0.0,0.0,0.0,0.0,0.0,0.0,0.0,0.0,0.0,0.0,0.0,0.0,0.0,0.0,0.0,0.0,0.0,0.0,0.0,1.0,1.0,1.0,1.0,1.0,1.0,1.0,1.0,0.0,0.0,0.0,0.0,0.0,0.0,0.0,0.0,0.0,0.0,0.0,0.0,0.0,0.0,0.0,0.0,2.0,2.0,2.0,6.0,7.0,8.0,8.0,8.0,8.0,10.0,10.0,10.0,10.0,10.0,10.0
22,Laos,,0.0,0.0,0.0,0.0,0.0,0.0,0.0,0.0,0.0,0.0,0.0,0.0,0.0,0.0,0.0,0.0,0.0,0.0,0.0,0.0,0.0,0.0,0.0,0.0,0.0,0.0,0.0,0.0,0.0,0.0,0.0,0.0,0.0,0.0,0.0,0.0,0.0,0.0,0.0,0.0,0.0,0.0,0.0,0.0,0.0,0.0,0.0,0.0,0.0,0.0,0.0,0.0,0.0,0.0,0.0,0.0,0.0,0.0,0.0,0.0,0.0,0.0,0.0,0.0,0.0,0.0,0.0,0.0,0.0,0.0,0.0,0.0,0.0,0.0,0.0,0.0,0.0,0.0,0.0,0.0,0.0,0.0,0.0,1.0,1.0,2.0,2.0,2.0,2.0,2.0,2.0,4.0,4.0,4.0,7.0,7.0,7.0,7.0,7.0,8.0,8.0,9.0,9.0,9.0,9.0,10.0
23,Central African Republic,AF,0.0,0.0,0.0,0.0,0.0,0.0,0.0,0.0,0.0,0.0,0.0,0.0,0.0,0.0,0.0,0.0,0.0,0.0,0.0,0.0,0.0,0.0,0.0,0.0,0.0,0.0,0.0,0.0,0.0,0.0,0.0,0.0,0.0,0.0,0.0,0.0,0.0,0.0,0.0,0.0,0.0,0.0,0.0,0.0,0.0,0.0,0.0,0.0,0.0,0.0,0.0,0.0,0.0,0.0,0.0,0.0,0.0,0.0,0.0,0.0,0.0,0.0,0.0,0.0,0.0,0.0,0.0,0.0,0.0,0.0,0.0,0.0,0.0,0.0,0.0,0.0,0.0,0.0,0.0,0.0,0.0,0.0,3.0,4.0,4.0,4.0,4.0,4.0,4.0,4.0,10.0,10.0,10.0,10.0,10.0,10.0,10.0,10.0,10.0,10.0,10.0,10.0,10.0,10.0,10.0,10.0
24,Angola,AF,0.0,0.0,0.0,0.0,0.0,0.0,0.0,0.0,0.0,0.0,0.0,0.0,0.0,0.0,0.0,0.0,0.0,0.0,0.0,0.0,0.0,0.0,0.0,0.0,0.0,0.0,0.0,0.0,0.0,0.0,0.0,0.0,0.0,0.0,0.0,0.0,0.0,0.0,0.0,0.0,0.0,0.0,0.0,0.0,0.0,0.0,0.0,0.0,0.0,0.0,0.0,0.0,0.0,0.0,0.0,0.0,0.0,0.0,0.0,0.0,0.0,0.0,0.0,0.0,0.0,0.0,0.0,0.0,0.0,1.0,1.0,1.0,1.0,2.0,2.0,2.0,2.0,2.0,2.0,2.0,4.0,4.0,4.0,5.0,5.0,5.0,5.0,6.0,6.0,6.0,6.0,6.0,6.0,6.0,6.0,6.0,6.0,6.0,7.0,7.0,11.0,11.0,11.0,11.0,11.0,11.0
25,Eswatini,AF,0.0,0.0,0.0,0.0,0.0,0.0,0.0,0.0,0.0,0.0,0.0,0.0,0.0,0.0,0.0,0.0,0.0,0.0,0.0,0.0,0.0,0.0,0.0,0.0,0.0,0.0,0.0,0.0,0.0,0.0,0.0,0.0,0.0,0.0,0.0,0.0,0.0,0.0,0.0,0.0,0.0,0.0,0.0,0.0,0.0,0.0,0.0,0.0,0.0,0.0,0.0,0.0,0.0,0.0,0.0,0.0,0.0,0.0,0.0,0.0,0.0,0.0,0.0,0.0,0.0,0.0,0.0,0.0,0.0,0.0,0.0,0.0,0.0,0.0,0.0,4.0,4.0,7.0,7.0,7.0,7.0,7.0,7.0,8.0,8.0,8.0,8.0,8.0,8.0,8.0,8.0,8.0,8.0,10.0,10.0,10.0,10.0,10.0,10.0,12.0,12.0,12.0,12.0,12.0,12.0,12.0
26,Saint Kitts and Nevis,,0.0,0.0,0.0,0.0,0.0,0.0,0.0,0.0,0.0,0.0,0.0,0.0,0.0,0.0,0.0,0.0,0.0,0.0,0.0,0.0,0.0,0.0,0.0,0.0,0.0,0.0,0.0,0.0,0.0,0.0,0.0,0.0,0.0,0.0,0.0,0.0,0.0,0.0,0.0,0.0,0.0,0.0,0.0,0.0,0.0,0.0,0.0,0.0,0.0,0.0,0.0,0.0,0.0,0.0,0.0,0.0,0.0,0.0,0.0,0.0,0.0,0.0,0.0,0.0,0.0,0.0,0.0,0.0,0.0,0.0,0.0,0.0,0.0,0.0,0.0,0.0,0.0,0.0,0.0,0.0,0.0,0.0,0.0,0.0,0.0,0.0,0.0,0.0,0.0,0.0,0.0,1.0,1.0,2.0,2.0,2.0,2.0,4.0,4.0,6.0,8.0,8.0,8.0,8.0,12.0,12.0
27,Grenada,,0.0,0.0,0.0,0.0,0.0,0.0,0.0,0.0,0.0,0.0,0.0,0.0,0.0,0.0,0.0,0.0,0.0,0.0,0.0,0.0,0.0,0.0,0.0,0.0,0.0,0.0,0.0,0.0,0.0,0.0,0.0,0.0,0.0,0.0,0.0,0.0,0.0,0.0,0.0,0.0,0.0,0.0,0.0,0.0,0.0,0.0,0.0,0.0,0.0,0.0,0.0,0.0,0.0,0.0,0.0,0.0,0.0,0.0,0.0,0.0,0.0,0.0,0.0,0.0,0.0,0.0,0.0,0.0,0.0,0.0,0.0,0.0,0.0,0.0,0.0,0.0,0.0,0.0,0.0,0.0,0.0,0.0,0.0,0.0,0.0,0.0,6.0,6.0,6.0,6.0,6.0,6.0,6.0,7.0,7.0,7.0,7.0,10.0,13.0,13.0,13.0,13.0,13.0,13.0,13.0,13.0
28,Equatorial Guinea,AF,0.0,0.0,0.0,0.0,0.0,0.0,0.0,0.0,0.0,0.0,0.0,0.0,0.0,0.0,0.0,0.0,0.0,0.0,0.0,0.0,0.0,0.0,0.0,0.0,0.0,0.0,0.0,0.0,0.0,0.0,0.0,0.0,0.0,0.0,0.0,0.0,0.0,0.0,0.0,0.0,0.0,0.0,0.0,0.0,0.0,0.0,0.0,0.0,0.0,0.0,0.0,0.0,0.0,0.0,0.0,0.0,0.0,0.0,0.0,0.0,0.0,0.0,0.0,0.0,0.0,0.0,0.0,0.0,0.0,1.0,1.0,1.0,1.0,1.0,1.0,3.0,3.0,3.0,3.0,3.0,3.0,3.0,4.0,4.0,4.0,4.0,4.0,4.0,4.0,7.0,7.0,7.0,7.0,7.0,7.0,8.0,9.0,9.0,9.0,9.0,9.0,9.0,9.0,13.0,13.0,13.0
29,Mongolia,AS,0.0,0.0,0.0,0.0,0.0,0.0,0.0,0.0,0.0,0.0,0.0,0.0,0.0,0.0,0.0,0.0,0.0,0.0,0.0,0.0,0.0,0.0,0.0,0.0,0.0,0.0,0.0,0.0,0.0,0.0,0.0,0.0,0.0,0.0,0.0,0.0,0.0,0.0,0.0,0.0,0.0,0.0,0.0,0.0,0.0,0.0,0.0,0.0,0.0,0.0,0.0,0.0,0.0,0.0,0.0,0.0,0.0,0.0,0.0,0.0,0.0,0.0,0.0,0.0,0.0,0.0,0.0,0.0,2.0,2.0,2.0,2.0,2.0,2.0,2.0,2.0,4.0,4.0,4.0,4.0,4.0,4.0,4.0,5.0,5.0,5.0,5.0,5.0,7.0,7.0,8.0,8.0,9.0,9.0,9.0,9.0,10.0,10.0,10.0,10.0,10.0,10.0,10.0,12.0,13.0,13.0
30,Fiji,OC,0.0,0.0,0.0,0.0,0.0,0.0,0.0,0.0,0.0,0.0,0.0,0.0,0.0,0.0,0.0,0.0,0.0,0.0,0.0,0.0,0.0,0.0,0.0,0.0,0.0,0.0,0.0,0.0,0.0,0.0,0.0,0.0,0.0,0.0,0.0,0.0,0.0,0.0,0.0,0.0,0.0,0.0,0.0,0.0,0.0,0.0,0.0,0.0,0.0,0.0,0.0,0.0,0.0,0.0,0.0,0.0,0.0,0.0,0.0,0.0,0.0,0.0,0.0,0.0,0.0,0.0,0.0,0.0,0.0,0.0,0.0,0.0,0.0,0.0,0.0,0.0,0.0,0.0,0.0,0.0,0.0,0.0,0.0,0.0,0.0,0.0,0.0,0.0,0.0,3.0,3.0,8.0,8.0,10.0,10.0,12.0,12.0,12.0,12.0,12.0,12.0,14.0,14.0,14.0,14.0,14.0
31,Dominica,,0.0,0.0,0.0,0.0,0.0,0.0,0.0,0.0,0.0,0.0,0.0,0.0,0.0,0.0,0.0,0.0,0.0,0.0,0.0,0.0,0.0,0.0,0.0,0.0,0.0,0.0,0.0,0.0,0.0,0.0,0.0,0.0,0.0,0.0,0.0,0.0,0.0,0.0,0.0,0.0,0.0,0.0,0.0,0.0,0.0,0.0,0.0,0.0,0.0,0.0,0.0,0.0,0.0,0.0,0.0,0.0,0.0,0.0,0.0,0.0,0.0,0.0,0.0,0.0,0.0,0.0,0.0,0.0,0.0,0.0,0.0,0.0,0.0,0.0,0.0,1.0,1.0,1.0,1.0,5.0,5.0,8.0,8.0,8.0,8.0,8.0,8.0,8.0,8.0,8.0,8.0,9.0,9.0,10.0,13.0,13.0,13.0,13.0,13.0,13.0,13.0,13.0,13.0,13.0,14.0,14.0
32,Saint Lucia,,0.0,0.0,0.0,0.0,0.0,0.0,0.0,0.0,0.0,0.0,0.0,0.0,0.0,0.0,0.0,0.0,0.0,0.0,0.0,0.0,0.0,0.0,0.0,0.0,0.0,0.0,0.0,0.0,0.0,0.0,0.0,0.0,0.0,0.0,0.0,0.0,0.0,0.0,0.0,0.0,0.0,0.0,0.0,0.0,0.0,0.0,0.0,0.0,0.0,0.0,0.0,0.0,0.0,0.0,0.0,0.0,0.0,0.0,0.0,0.0,0.0,0.0,0.0,0.0,0.0,1.0,1.0,1.0,1.0,1.0,1.0,1.0,1.0,1.0,1.0,1.0,1.0,1.0,1.0,1.0,1.0,4.0,4.0,11.0,11.0,11.0,11.0,11.0,11.0,13.0,13.0,15.0,15.0,15.0,15.0,15.0,15.0,15.0,15.0,15.0,15.0,15.0,15.0,15.0,15.0,15.0
33,Antigua and Barbuda,SA,0.0,0.0,0.0,0.0,0.0,0.0,0.0,0.0,0.0,0.0,0.0,0.0,0.0,0.0,0.0,0.0,0.0,0.0,0.0,0.0,0.0,0.0,0.0,0.0,0.0,0.0,0.0,0.0,0.0,0.0,0.0,0.0,0.0,0.0,0.0,0.0,0.0,0.0,0.0,0.0,0.0,0.0,0.0,0.0,0.0,0.0,0.0,0.0,0.0,0.0,0.0,0.0,0.0,0.0,0.0,0.0,0.0,0.0,0.0,0.0,0.0,0.0,0.0,0.0,0.0,0.0,0.0,0.0,0.0,0.0,0.0,0.0,0.0,0.0,0.0,0.0,0.0,0.0,0.0,0.0,0.0,0.0,0.0,3.0,3.0,3.0,3.0,3.0,3.0,3.0,7.0,10.0,10.0,11.0,11.0,11.0,11.0,11.0,11.0,11.0,15.0,15.0,15.0,15.0,16.0,16.0
34,Belize,NA,0.0,0.0,0.0,0.0,0.0,0.0,0.0,0.0,0.0,0.0,0.0,0.0,0.0,0.0,0.0,0.0,0.0,0.0,0.0,0.0,0.0,0.0,0.0,0.0,0.0,0.0,0.0,0.0,0.0,0.0,0.0,0.0,0.0,0.0,0.0,0.0,0.0,0.0,0.0,0.0,0.0,0.0,0.0,0.0,0.0,0.0,0.0,0.0,0.0,0.0,0.0,0.0,0.0,0.0,0.0,0.0,0.0,0.0,0.0,0.0,0.0,0.0,0.0,0.0,0.0,0.0,0.0,0.0,0.0,0.0,0.0,0.0,0.0,0.0,0.0,0.0,0.0,0.0,0.0,0.0,0.0,0.0,0.0,0.0,0.0,0.0,0.0,0.0,2.0,2.0,2.0,2.0,5.0,5.0,5.0,5.0,6.0,9.0,9.0,9.0,13.0,13.0,13.0,14.0,16.0,16.0
35,Maldives,AS,0.0,0.0,0.0,0.0,0.0,0.0,0.0,0.0,0.0,0.0,0.0,0.0,0.0,0.0,0.0,0.0,0.0,0.0,0.0,0.0,0.0,0.0,0.0,0.0,0.0,0.0,0.0,0.0,0.0,0.0,0.0,0.0,0.0,0.0,0.0,0.0,0.0,0.0,0.0,0.0,0.0,0.0,0.0,0.0,0.0,0.0,0.0,0.0,0.0,0.0,0.0,0.0,0.0,0.0,0.0,0.0,0.0,0.0,0.0,0.0,0.0,0.0,5.0,8.0,8.0,9.0,9.0,13.0,13.0,13.0,13.0,13.0,13.0,13.0,13.0,13.0,13.0,13.0,13.0,13.0,13.0,14.0,14.0,16.0,16.0,16.0,16.0,16.0,16.0,16.0,16.0,16.0,16.0,16.0,17.0,17.0,17.0,17.0,17.0,17.0,17.0,18.0,18.0,18.0,20.0,20.0
36,Timor-Leste,,0.0,0.0,0.0,0.0,0.0,0.0,0.0,0.0,0.0,0.0,0.0,0.0,0.0,0.0,0.0,0.0,0.0,0.0,0.0,0.0,0.0,0.0,0.0,0.0,0.0,0.0,0.0,0.0,0.0,0.0,0.0,0.0,0.0,0.0,0.0,0.0,0.0,0.0,0.0,0.0,0.0,0.0,0.0,0.0,0.0,0.0,0.0,0.0,0.0,0.0,0.0,0.0,0.0,0.0,0.0,0.0,0.0,0.0,0.0,0.0,0.0,0.0,0.0,0.0,0.0,0.0,0.0,0.0,0.0,0.0,0.0,0.0,0.0,0.0,0.0,0.0,0.0,0.0,0.0,1.0,1.0,1.0,1.0,1.0,1.0,1.0,1.0,1.0,1.0,1.0,1.0,1.0,1.0,2.0,2.0,2.0,2.0,6.0,6.0,16.0,16.0,16.0,16.0,20.0,20.0,20.0
37,Mozambique,AF,0.0,0.0,0.0,0.0,0.0,0.0,0.0,0.0,0.0,0.0,0.0,0.0,0.0,0.0,0.0,0.0,0.0,0.0,0.0,0.0,0.0,0.0,0.0,0.0,0.0,0.0,0.0,0.0,0.0,0.0,0.0,0.0,0.0,0.0,0.0,0.0,0.0,0.0,0.0,0.0,0.0,0.0,0.0,0.0,0.0,0.0,0.0,0.0,0.0,0.0,0.0,0.0,0.0,0.0,0.0,0.0,0.0,0.0,0.0,0.0,0.0,0.0,0.0,0.0,0.0,0.0,0.0,0.0,0.0,0.0,0.0,0.0,0.0,1.0,1.0,1.0,1.0,1.0,1.0,2.0,2.0,2.0,2.0,2.0,2.0,2.0,2.0,4.0,8.0,8.0,8.0,8.0,9.0,12.0,12.0,12.0,12.0,12.0,12.0,12.0,12.0,18.0,19.0,19.0,19.0,21.0
38,Nepal,AS,0.0,0.0,0.0,0.0,0.0,0.0,0.0,0.0,0.0,0.0,0.0,0.0,0.0,0.0,0.0,0.0,0.0,0.0,0.0,0.0,0.0,1.0,1.0,1.0,1.0,1.0,1.0,1.0,1.0,1.0,1.0,1.0,1.0,1.0,1.0,1.0,1.0,1.0,1.0,1.0,1.0,1.0,1.0,1.0,1.0,1.0,1.0,1.0,1.0,1.0,1.0,1.0,1.0,1.0,1.0,1.0,1.0,1.0,1.0,1.0,1.0,1.0,1.0,1.0,1.0,1.0,1.0,1.0,1.0,1.0,1.0,1.0,1.0,1.0,1.0,1.0,1.0,1.0,1.0,1.0,1.0,1.0,1.0,1.0,1.0,2.0,2.0,2.0,4.0,4.0,4.0,7.0,10.0,11.0,12.0,16.0,16.0,16.0,16.0,16.0,16.0,16.0,16.0,16.0,16.0,22.0
39,Guinea-Bissau,,0.0,0.0,0.0,0.0,0.0,0.0,0.0,0.0,0.0,0.0,0.0,0.0,0.0,0.0,0.0,0.0,0.0,0.0,0.0,0.0,0.0,0.0,0.0,0.0,0.0,0.0,0.0,0.0,0.0,0.0,0.0,0.0,0.0,0.0,0.0,0.0,0.0,0.0,0.0,0.0,0.0,0.0,0.0,0.0,0.0,0.0,0.0,0.0,0.0,0.0,0.0,0.0,0.0,0.0,0.0,0.0,0.0,0.0,0.0,0.0,0.0,0.0,0.0,0.0,0.0,0.0,0.0,0.0,0.0,0.0,0.0,0.0,0.0,0.0,0.0,0.0,0.0,0.0,0.0,0.0,0.0,0.0,0.0,0.0,0.0,0.0,0.0,0.0,3.0,3.0,3.0,3.0,3.0,3.0,3.0,3.0,18.0,18.0,19.0,19.0,19.0,19.0,19.0,19.0,19.0,24.0
40,Libya,AF,0.0,0.0,0.0,0.0,0.0,0.0,0.0,0.0,0.0,0.0,0.0,0.0,0.0,0.0,0.0,0.0,0.0,0.0,0.0,0.0,0.0,0.0,0.0,0.0,0.0,0.0,0.0,0.0,0.0,0.0,0.0,0.0,0.0,0.0,0.0,0.0,0.0,0.0,0.0,0.0,0.0,0.0,0.0,0.0,0.0,0.0,0.0,0.0,0.0,0.0,0.0,0.0,0.0,0.0,0.0,0.0,0.0,0.0,0.0,0.0,0.0,0.0,0.0,0.0,0.0,0.0,0.0,0.0,0.0,1.0,0.0,0.0,0.0,0.0,0.0,1.0,1.0,8.0,8.0,8.0,8.0,9.0,9.0,9.0,9.0,11.0,11.0,11.0,11.0,15.0,15.0,15.0,15.0,18.0,18.0,18.0,18.0,18.0,18.0,18.0,18.0,22.0,22.0,23.0,23.0,24.0
41,Bahamas,,0.0,0.0,0.0,0.0,0.0,0.0,0.0,0.0,0.0,0.0,0.0,0.0,0.0,0.0,0.0,0.0,0.0,0.0,0.0,0.0,0.0,0.0,0.0,0.0,0.0,0.0,0.0,0.0,0.0,0.0,0.0,0.0,0.0,0.0,0.0,0.0,0.0,0.0,0.0,0.0,0.0,0.0,0.0,0.0,0.0,0.0,0.0,0.0,0.0,0.0,0.0,0.0,0.0,0.0,0.0,0.0,0.0,0.0,0.0,0.0,0.0,0.0,1.0,1.0,1.0,1.0,1.0,1.0,1.0,1.0,1.0,1.0,1.0,0.0,0.0,4.0,5.0,5.0,5.0,5.0,5.0,5.0,6.0,6.0,6.0,6.0,6.0,10.0,10.0,11.0,12.0,12.0,14.0,15.0,15.0,22.0,22.0,23.0,23.0,25.0,24.0,24.0,24.0,25.0,26.0,26.0
42,Syria,AS,0.0,0.0,0.0,0.0,0.0,0.0,0.0,0.0,0.0,0.0,0.0,0.0,0.0,0.0,0.0,0.0,0.0,0.0,0.0,0.0,0.0,0.0,0.0,0.0,0.0,0.0,0.0,0.0,0.0,0.0,0.0,0.0,0.0,0.0,0.0,0.0,0.0,0.0,0.0,0.0,0.0,0.0,0.0,0.0,0.0,0.0,0.0,0.0,0.0,0.0,0.0,0.0,0.0,0.0,0.0,0.0,0.0,0.0,0.0,0.0,0.0,0.0,0.0,0.0,0.0,0.0,0.0,0.0,0.0,0.0,0.0,0.0,0.0,2.0,2.0,2.0,3.0,4.0,4.0,4.0,5.0,5.0,5.0,5.0,5.0,5.0,5.0,5.0,5.0,5.0,6.0,6.0,6.0,6.0,11.0,14.0,19.0,21.0,21.0,21.0,27.0,27.0,27.0,27.0,27.0,27.0
43,Guyana,SA,0.0,0.0,0.0,0.0,0.0,0.0,0.0,0.0,0.0,0.0,0.0,0.0,0.0,0.0,0.0,0.0,0.0,0.0,0.0,0.0,0.0,0.0,0.0,0.0,0.0,0.0,0.0,0.0,0.0,0.0,0.0,0.0,0.0,0.0,0.0,0.0,0.0,0.0,0.0,0.0,0.0,0.0,0.0,0.0,0.0,0.0,0.0,0.0,0.0,0.0,0.0,0.0,0.0,0.0,0.0,0.0,0.0,0.0,0.0,0.0,0.0,0.0,0.0,0.0,0.0,0.0,0.0,0.0,0.0,0.0,0.0,0.0,0.0,0.0,0.0,8.0,8.0,8.0,8.0,8.0,8.0,8.0,8.0,8.0,8.0,8.0,9.0,9.0,9.0,9.0,9.0,9.0,9.0,12.0,12.0,12.0,15.0,15.0,18.0,22.0,22.0,22.0,22.0,27.0,27.0,27.0
44,Congo (Brazzaville),AF,0.0,0.0,0.0,0.0,0.0,0.0,0.0,0.0,0.0,0.0,0.0,0.0,0.0,0.0,0.0,0.0,0.0,0.0,0.0,0.0,0.0,0.0,0.0,0.0,0.0,0.0,0.0,0.0,0.0,0.0,0.0,0.0,0.0,0.0,0.0,0.0,0.0,0.0,0.0,0.0,0.0,0.0,0.0,0.0,0.0,0.0,0.0,0.0,0.0,0.0,0.0,0.0,0.0,0.0,0.0,0.0,0.0,0.0,0.0,0.0,0.0,0.0,0.0,0.0,0.0,0.0,0.0,0.0,0.0,0.0,0.0,2.0,2.0,2.0,2.0,2.0,2.0,2.0,5.0,5.0,5.0,5.0,5.0,5.0,11.0,11.0,11.0,11.0,11.0,16.0,16.0,16.0,16.0,19.0,19.0,19.0,19.0,19.0,19.0,19.0,25.0,25.0,25.0,26.0,26.0,30.0
45,Eritrea,,0.0,0.0,0.0,0.0,0.0,0.0,0.0,0.0,0.0,0.0,0.0,0.0,0.0,0.0,0.0,0.0,0.0,0.0,0.0,0.0,0.0,0.0,0.0,0.0,0.0,0.0,0.0,0.0,0.0,0.0,0.0,0.0,0.0,0.0,0.0,0.0,0.0,0.0,0.0,0.0,0.0,0.0,0.0,0.0,0.0,0.0,0.0,0.0,0.0,0.0,0.0,0.0,0.0,0.0,0.0,0.0,0.0,0.0,0.0,0.0,0.0,0.0,0.0,0.0,0.0,0.0,0.0,0.0,0.0,0.0,0.0,0.0,0.0,0.0,0.0,0.0,0.0,0.0,0.0,0.0,0.0,0.0,0.0,0.0,0.0,0.0,0.0,3.0,3.0,3.0,6.0,6.0,6.0,11.0,13.0,13.0,13.0,19.0,19.0,26.0,26.0,26.0,26.0,26.0,30.0,30.0
46,Norway,EU,0.0,0.0,0.0,0.0,0.0,0.0,0.0,0.0,0.0,0.0,0.0,0.0,0.0,0.0,0.0,0.0,0.0,0.0,0.0,0.0,0.0,0.0,0.0,0.0,0.0,0.0,0.0,0.0,0.0,0.0,0.0,0.0,0.0,0.0,0.0,0.0,0.0,0.0,0.0,0.0,0.0,0.0,0.0,0.0,0.0,0.0,0.0,1.0,1.0,1.0,1.0,1.0,1.0,1.0,1.0,1.0,1.0,1.0,1.0,1.0,1.0,1.0,6.0,6.0,6.0,6.0,7.0,7.0,12.0,13.0,13.0,32.0,32.0,32.0,32.0,32.0,32.0,32.0,32.0,32.0,32.0,32.0,32.0,32.0,32.0,32.0,32.0,32.0,32.0,32.0,32.0,32.0,32.0,32.0,32.0,32.0,32.0,32.0,32.0,32.0,32.0,32.0,32.0,32.0,32.0,32.0
47,Cabo Verde,AF,0.0,0.0,0.0,0.0,0.0,0.0,0.0,0.0,0.0,0.0,0.0,0.0,0.0,0.0,0.0,0.0,0.0,0.0,0.0,0.0,0.0,0.0,0.0,0.0,0.0,0.0,0.0,0.0,0.0,0.0,0.0,0.0,0.0,0.0,0.0,0.0,0.0,0.0,0.0,0.0,0.0,0.0,0.0,0.0,0.0,0.0,0.0,0.0,0.0,0.0,0.0,0.0,0.0,0.0,0.0,0.0,0.0,0.0,0.0,0.0,0.0,0.0,0.0,0.0,0.0,0.0,0.0,0.0,0.0,0.0,0.0,0.0,0.0,0.0,0.0,1.0,1.0,1.0,1.0,1.0,1.0,1.0,1.0,1.0,1.0,1.0,1.0,1.0,1.0,1.0,1.0,1.0,1.0,1.0,1.0,1.0,1.0,2.0,2.0,4.0,18.0,18.0,33.0,37.0,37.0,38.0
48,Chad,AF,0.0,0.0,0.0,0.0,0.0,0.0,0.0,0.0,0.0,0.0,0.0,0.0,0.0,0.0,0.0,0.0,0.0,0.0,0.0,0.0,0.0,0.0,0.0,0.0,0.0,0.0,0.0,0.0,0.0,0.0,0.0,0.0,0.0,0.0,0.0,0.0,0.0,0.0,0.0,0.0,0.0,0.0,0.0,0.0,0.0,0.0,0.0,0.0,0.0,0.0,0.0,0.0,0.0,0.0,0.0,0.0,0.0,0.0,0.0,0.0,0.0,0.0,0.0,0.0,0.0,0.0,0.0,0.0,0.0,0.0,0.0,0.0,0.0,0.0,0.0,0.0,2.0,2.0,2.0,2.0,2.0,2.0,2.0,2.0,2.0,5.0,5.0,8.0,8.0,8.0,8.0,8.0,8.0,8.0,15.0,15.0,15.0,19.0,19.0,33.0,33.0,39.0,39.0,39.0,43.0,43.0
49,Barbados,,0.0,0.0,0.0,0.0,0.0,0.0,0.0,0.0,0.0,0.0,0.0,0.0,0.0,0.0,0.0,0.0,0.0,0.0,0.0,0.0,0.0,0.0,0.0,0.0,0.0,0.0,0.0,0.0,0.0,0.0,0.0,0.0,0.0,0.0,0.0,0.0,0.0,0.0,0.0,0.0,0.0,0.0,0.0,0.0,0.0,0.0,0.0,0.0,0.0,0.0,0.0,0.0,0.0,0.0,0.0,0.0,0.0,0.0,0.0,0.0,0.0,0.0,0.0,0.0,0.0,0.0,0.0,0.0,0.0,0.0,0.0,0.0,0.0,0.0,6.0,6.0,6.0,8.0,11.0,11.0,11.0,11.0,13.0,13.0,15.0,15.0,15.0,17.0,17.0,19.0,25.0,25.0,30.0,31.0,31.0,39.0,39.0,39.0,39.0,39.0,39.0,44.0,44.0,46.0,47.0,47.0
50,Burma,,0.0,0.0,0.0,0.0,0.0,0.0,0.0,0.0,0.0,0.0,0.0,0.0,0.0,0.0,0.0,0.0,0.0,0.0,0.0,0.0,0.0,0.0,0.0,0.0,0.0,0.0,0.0,0.0,0.0,0.0,0.0,0.0,0.0,0.0,0.0,0.0,0.0,0.0,0.0,0.0,0.0,0.0,0.0,0.0,0.0,0.0,0.0,0.0,0.0,0.0,0.0,0.0,0.0,0.0,0.0,0.0,0.0,0.0,0.0,0.0,0.0,0.0,0.0,0.0,0.0,0.0,0.0,0.0,0.0,0.0,0.0,0.0,0.0,0.0,0.0,0.0,0.0,0.0,2.0,2.0,2.0,2.0,2.0,2.0,2.0,2.0,5.0,5.0,7.0,7.0,7.0,7.0,9.0,9.0,10.0,10.0,16.0,16.0,27.0,27.0,31.0,37.0,43.0,49.0,49.0,50.0
51,Benin,AF,0.0,0.0,0.0,0.0,0.0,0.0,0.0,0.0,0.0,0.0,0.0,0.0,0.0,0.0,0.0,0.0,0.0,0.0,0.0,0.0,0.0,0.0,0.0,0.0,0.0,0.0,0.0,0.0,0.0,0.0,0.0,0.0,0.0,0.0,0.0,0.0,0.0,0.0,0.0,0.0,0.0,0.0,0.0,0.0,0.0,0.0,0.0,0.0,0.0,0.0,0.0,0.0,0.0,0.0,0.0,0.0,0.0,0.0,0.0,0.0,0.0,0.0,0.0,0.0,0.0,0.0,0.0,0.0,0.0,1.0,1.0,1.0,2.0,2.0,5.0,5.0,5.0,5.0,5.0,5.0,5.0,5.0,5.0,18.0,18.0,18.0,18.0,18.0,18.0,27.0,27.0,27.0,27.0,27.0,27.0,33.0,33.0,33.0,33.0,33.0,42.0,42.0,42.0,50.0,50.0,50.0
52,Sierra Leone,AF,0.0,0.0,0.0,0.0,0.0,0.0,0.0,0.0,0.0,0.0,0.0,0.0,0.0,0.0,0.0,0.0,0.0,0.0,0.0,0.0,0.0,0.0,0.0,0.0,0.0,0.0,0.0,0.0,0.0,0.0,0.0,0.0,0.0,0.0,0.0,0.0,0.0,0.0,0.0,0.0,0.0,0.0,0.0,0.0,0.0,0.0,0.0,0.0,0.0,0.0,0.0,0.0,0.0,0.0,0.0,0.0,0.0,0.0,0.0,0.0,0.0,0.0,0.0,0.0,0.0,0.0,0.0,0.0,0.0,0.0,0.0,0.0,0.0,0.0,0.0,0.0,0.0,0.0,0.0,0.0,0.0,0.0,0.0,0.0,0.0,0.0,0.0,0.0,6.0,6.0,6.0,6.0,10.0,10.0,10.0,10.0,10.0,12.0,12.0,21.0,21.0,21.0,29.0,37.0,43.0,54.0
53,Liechtenstein,EU,0.0,0.0,0.0,0.0,0.0,0.0,0.0,0.0,0.0,0.0,0.0,0.0,0.0,0.0,0.0,0.0,0.0,0.0,0.0,0.0,0.0,0.0,0.0,0.0,0.0,0.0,0.0,0.0,0.0,0.0,0.0,0.0,0.0,0.0,0.0,0.0,0.0,0.0,0.0,0.0,0.0,0.0,0.0,0.0,0.0,0.0,0.0,0.0,0.0,0.0,0.0,0.0,0.0,0.0,0.0,0.0,0.0,0.0,0.0,0.0,0.0,0.0,0.0,0.0,0.0,0.0,0.0,0.0,0.0,0.0,0.0,0.0,0.0,0.0,0.0,55.0,55.0,55.0,55.0,55.0,55.0,55.0,55.0,55.0,55.0,55.0,55.0,55.0,55.0,55.0,55.0,55.0,55.0,55.0,55.0,55.0,55.0,55.0,55.0,55.0,55.0,55.0,55.0,55.0,55.0,55.0
54,Uganda,AF,0.0,0.0,0.0,0.0,0.0,0.0,0.0,0.0,0.0,0.0,0.0,0.0,0.0,0.0,0.0,0.0,0.0,0.0,0.0,0.0,0.0,0.0,0.0,0.0,0.0,0.0,0.0,0.0,0.0,0.0,0.0,0.0,0.0,0.0,0.0,0.0,0.0,0.0,0.0,0.0,0.0,0.0,0.0,0.0,0.0,0.0,0.0,0.0,0.0,0.0,0.0,0.0,0.0,0.0,0.0,0.0,0.0,0.0,0.0,0.0,0.0,0.0,0.0,0.0,0.0,0.0,0.0,0.0,0.0,0.0,0.0,0.0,0.0,0.0,0.0,0.0,0.0,0.0,0.0,0.0,4.0,4.0,7.0,8.0,12.0,20.0,20.0,22.0,28.0,38.0,38.0,45.0,46.0,46.0,46.0,46.0,47.0,52.0,52.0,52.0,52.0,52.0,52.0,55.0,55.0,55.0
55,Jamaica,SA,0.0,0.0,0.0,0.0,0.0,0.0,0.0,0.0,0.0,0.0,0.0,0.0,0.0,0.0,0.0,0.0,0.0,0.0,0.0,0.0,0.0,0.0,0.0,0.0,0.0,0.0,0.0,0.0,0.0,0.0,0.0,0.0,0.0,0.0,0.0,0.0,0.0,0.0,0.0,0.0,0.0,0.0,0.0,0.0,0.0,0.0,0.0,0.0,0.0,0.0,0.0,0.0,0.0,0.0,2.0,2.0,2.0,2.0,2.0,2.0,2.0,2.0,2.0,2.0,2.0,2.0,2.0,2.0,2.0,2.0,2.0,2.0,2.0,7.0,8.0,8.0,8.0,10.0,12.0,13.0,13.0,13.0,19.0,19.0,21.0,21.0,25.0,25.0,27.0,27.0,27.0,27.0,28.0,28.0,28.0,28.0,29.0,29.0,29.0,29.0,31.0,33.0,38.0,38.0,56.0,57.0
56,Liberia,AF,0.0,0.0,0.0,0.0,0.0,0.0,0.0,0.0,0.0,0.0,0.0,0.0,0.0,0.0,0.0,0.0,0.0,0.0,0.0,0.0,0.0,0.0,0.0,0.0,0.0,0.0,0.0,0.0,0.0,0.0,0.0,0.0,0.0,0.0,0.0,0.0,0.0,0.0,0.0,0.0,0.0,0.0,0.0,0.0,0.0,0.0,0.0,0.0,0.0,0.0,0.0,0.0,0.0,0.0,0.0,0.0,0.0,0.0,0.0,0.0,0.0,0.0,0.0,0.0,0.0,0.0,0.0,0.0,0.0,0.0,0.0,0.0,0.0,3.0,3.0,3.0,3.0,3.0,3.0,3.0,3.0,3.0,4.0,4.0,4.0,4.0,7.0,7.0,7.0,7.0,7.0,20.0,20.0,25.0,25.0,25.0,25.0,45.0,45.0,45.0,45.0,48.0,58.0,58.0,58.0,75.0
57,Togo,AF,0.0,0.0,0.0,0.0,0.0,0.0,0.0,0.0,0.0,0.0,0.0,0.0,0.0,0.0,0.0,0.0,0.0,0.0,0.0,0.0,0.0,0.0,0.0,0.0,0.0,0.0,0.0,0.0,0.0,0.0,0.0,0.0,0.0,0.0,0.0,0.0,0.0,0.0,0.0,0.0,0.0,0.0,0.0,0.0,0.0,0.0,0.0,0.0,0.0,0.0,0.0,0.0,0.0,0.0,0.0,0.0,0.0,0.0,1.0,1.0,1.0,1.0,1.0,1.0,1.0,1.0,1.0,1.0,1.0,10.0,10.0,17.0,17.0,17.0,20.0,23.0,23.0,23.0,24.0,25.0,25.0,29.0,29.0,32.0,35.0,45.0,48.0,49.0,52.0,53.0,56.0,56.0,59.0,59.0,62.0,62.0,62.0,63.0,64.0,65.0,66.0,66.0,67.0,74.0,74.0,77.0
58,Sudan,AF,0.0,0.0,0.0,0.0,0.0,0.0,0.0,0.0,0.0,0.0,0.0,0.0,0.0,0.0,0.0,0.0,0.0,0.0,0.0,0.0,0.0,0.0,0.0,0.0,0.0,0.0,0.0,0.0,0.0,0.0,0.0,0.0,0.0,0.0,0.0,0.0,0.0,0.0,0.0,0.0,0.0,0.0,0.0,0.0,0.0,0.0,0.0,0.0,0.0,0.0,0.0,0.0,0.0,0.0,0.0,0.0,0.0,0.0,0.0,0.0,0.0,0.0,0.0,0.0,0.0,0.0,0.0,0.0,0.0,1.0,2.0,2.0,2.0,2.0,2.0,2.0,2.0,2.0,2.0,2.0,2.0,2.0,4.0,4.0,4.0,4.0,4.0,6.0,6.0,8.0,8.0,12.0,14.0,14.0,19.0,20.0,21.0,31.0,32.0,39.0,46.0,52.0,52.0,61.0,70.0,80.0
59,Monaco,EU,0.0,0.0,0.0,0.0,0.0,0.0,0.0,0.0,0.0,0.0,0.0,0.0,0.0,0.0,0.0,0.0,0.0,0.0,0.0,0.0,0.0,0.0,0.0,0.0,0.0,0.0,0.0,0.0,0.0,0.0,0.0,0.0,0.0,0.0,0.0,0.0,0.0,0.0,0.0,0.0,0.0,0.0,0.0,0.0,0.0,0.0,0.0,0.0,0.0,0.0,0.0,0.0,0.0,0.0,0.0,0.0,0.0,0.0,0.0,0.0,1.0,1.0,1.0,1.0,1.0,1.0,1.0,1.0,1.0,2.0,2.0,2.0,3.0,3.0,3.0,4.0,4.0,4.0,5.0,5.0,5.0,6.0,6.0,6.0,12.0,12.0,20.0,22.0,22.0,23.0,26.0,26.0,35.0,41.0,42.0,42.0,42.0,50.0,58.0,64.0,73.0,78.0,78.0,78.0,81.0,82.0
60,Guatemala,NA,0.0,0.0,0.0,0.0,0.0,0.0,0.0,0.0,0.0,0.0,0.0,0.0,0.0,0.0,0.0,0.0,0.0,0.0,0.0,0.0,0.0,0.0,0.0,0.0,0.0,0.0,0.0,0.0,0.0,0.0,0.0,0.0,0.0,0.0,0.0,0.0,0.0,0.0,0.0,0.0,0.0,0.0,0.0,0.0,0.0,0.0,0.0,0.0,0.0,0.0,0.0,0.0,0.0,0.0,0.0,0.0,0.0,0.0,0.0,0.0,0.0,0.0,0.0,4.0,4.0,4.0,10.0,10.0,10.0,12.0,12.0,12.0,12.0,15.0,15.0,15.0,17.0,17.0,17.0,17.0,19.0,19.0,19.0,19.0,19.0,19.0,21.0,21.0,21.0,21.0,24.0,24.0,30.0,30.0,45.0,49.0,49.0,49.0,62.0,66.0,72.0,72.0,72.0,79.0,79.0,86.0
61,Somalia,AF,0.0,0.0,0.0,0.0,0.0,0.0,0.0,0.0,0.0,0.0,0.0,0.0,0.0,0.0,0.0,0.0,0.0,0.0,0.0,0.0,0.0,0.0,0.0,0.0,0.0,0.0,0.0,0.0,0.0,0.0,0.0,0.0,0.0,0.0,0.0,0.0,0.0,0.0,0.0,0.0,0.0,0.0,0.0,0.0,0.0,0.0,0.0,0.0,0.0,0.0,0.0,0.0,0.0,0.0,0.0,0.0,0.0,0.0,0.0,0.0,0.0,0.0,0.0,0.0,0.0,0.0,0.0,0.0,0.0,1.0,1.0,1.0,1.0,1.0,1.0,1.0,1.0,1.0,1.0,1.0,1.0,2.0,2.0,2.0,2.0,2.0,2.0,2.0,3.0,4.0,4.0,4.0,8.0,8.0,8.0,10.0,10.0,19.0,20.0,31.0,31.0,34.0,44.0,61.0,75.0,87.0
62,Congo (Kinshasa),AF,0.0,0.0,0.0,0.0,0.0,0.0,0.0,0.0,0.0,0.0,0.0,0.0,0.0,0.0,0.0,0.0,0.0,0.0,0.0,0.0,0.0,0.0,0.0,0.0,0.0,0.0,0.0,0.0,0.0,0.0,0.0,0.0,0.0,0.0,0.0,0.0,0.0,0.0,0.0,0.0,0.0,0.0,0.0,0.0,0.0,0.0,0.0,0.0,0.0,0.0,0.0,0.0,0.0,0.0,0.0,0.0,0.0,0.0,0.0,0.0,0.0,0.0,0.0,0.0,0.0,2.0,2.0,2.0,2.0,2.0,3.0,3.0,3.0,3.0,3.0,5.0,9.0,9.0,9.0,13.0,16.0,16.0,17.0,20.0,21.0,23.0,25.0,26.0,26.0,27.0,35.0,45.0,47.0,48.0,49.0,50.0,50.0,56.0,59.0,73.0,75.0,75.0,75.0,80.0,90.0,92.0
63,Ethiopia,AF,0.0,0.0,0.0,0.0,0.0,0.0,0.0,0.0,0.0,0.0,0.0,0.0,0.0,0.0,0.0,0.0,0.0,0.0,0.0,0.0,0.0,0.0,0.0,0.0,0.0,0.0,0.0,0.0,0.0,0.0,0.0,0.0,0.0,0.0,0.0,0.0,0.0,0.0,0.0,0.0,0.0,0.0,0.0,0.0,0.0,0.0,0.0,0.0,0.0,0.0,0.0,0.0,0.0,0.0,0.0,0.0,0.0,0.0,0.0,0.0,4.0,4.0,0.0,0.0,0.0,0.0,1.0,1.0,4.0,2.0,2.0,3.0,3.0,4.0,4.0,4.0,4.0,4.0,4.0,4.0,10.0,10.0,14.0,14.0,15.0,15.0,15.0,16.0,16.0,16.0,16.0,21.0,21.0,25.0,29.0,41.0,50.0,50.0,58.0,59.0,66.0,69.0,75.0,75.0,91.0,93.0
64,Gabon,AF,0.0,0.0,0.0,0.0,0.0,0.0,0.0,0.0,0.0,0.0,0.0,0.0,0.0,0.0,0.0,0.0,0.0,0.0,0.0,0.0,0.0,0.0,0.0,0.0,0.0,0.0,0.0,0.0,0.0,0.0,0.0,0.0,0.0,0.0,0.0,0.0,0.0,0.0,0.0,0.0,0.0,0.0,0.0,0.0,0.0,0.0,0.0,0.0,0.0,0.0,0.0,0.0,0.0,0.0,0.0,0.0,0.0,0.0,0.0,0.0,0.0,0.0,0.0,0.0,0.0,0.0,0.0,0.0,0.0,0.0,0.0,0.0,1.0,1.0,1.0,1.0,1.0,1.0,1.0,1.0,1.0,1.0,1.0,1.0,4.0,4.0,7.0,7.0,7.0,7.0,16.0,24.0,24.0,26.0,30.0,30.0,43.0,53.0,67.0,67.0,67.0,85.0,85.0,93.0,93.0,93.0
65,San Marino,EU,0.0,0.0,0.0,0.0,0.0,0.0,0.0,0.0,0.0,0.0,0.0,0.0,0.0,0.0,0.0,0.0,0.0,0.0,0.0,0.0,0.0,0.0,0.0,0.0,0.0,0.0,0.0,0.0,0.0,0.0,0.0,0.0,0.0,0.0,0.0,0.0,0.0,0.0,0.0,0.0,0.0,0.0,0.0,0.0,0.0,0.0,0.0,0.0,0.0,0.0,0.0,0.0,4.0,4.0,4.0,4.0,4.0,4.0,4.0,4.0,4.0,4.0,4.0,4.0,4.0,4.0,6.0,6.0,13.0,13.0,13.0,21.0,21.0,27.0,35.0,35.0,40.0,40.0,49.0,50.0,53.0,53.0,53.0,53.0,53.0,55.0,57.0,60.0,60.0,61.0,62.0,62.0,63.0,64.0,64.0,64.0,64.0,64.0,69.0,78.0,82.0,83.0,86.0,86.0,92.0,97.0
66,Madagascar,AF,0.0,0.0,0.0,0.0,0.0,0.0,0.0,0.0,0.0,0.0,0.0,0.0,0.0,0.0,0.0,0.0,0.0,0.0,0.0,0.0,0.0,0.0,0.0,0.0,0.0,0.0,0.0,0.0,0.0,0.0,0.0,0.0,0.0,0.0,0.0,0.0,0.0,0.0,0.0,0.0,0.0,0.0,0.0,0.0,0.0,0.0,0.0,0.0,0.0,0.0,0.0,0.0,0.0,0.0,0.0,0.0,0.0,0.0,0.0,0.0,0.0,0.0,0.0,0.0,0.0,0.0,0.0,0.0,0.0,0.0,0.0,0.0,0.0,0.0,2.0,2.0,7.0,11.0,11.0,11.0,11.0,20.0,21.0,23.0,29.0,33.0,33.0,35.0,39.0,41.0,44.0,52.0,58.0,61.0,62.0,71.0,75.0,82.0,90.0,92.0,94.0,97.0,98.0,99.0,101.0,101.0
67,Zambia,AF,0.0,0.0,0.0,0.0,0.0,0.0,0.0,0.0,0.0,0.0,0.0,0.0,0.0,0.0,0.0,0.0,0.0,0.0,0.0,0.0,0.0,0.0,0.0,0.0,0.0,0.0,0.0,0.0,0.0,0.0,0.0,0.0,0.0,0.0,0.0,0.0,0.0,0.0,0.0,0.0,0.0,0.0,0.0,0.0,0.0,0.0,0.0,0.0,0.0,0.0,0.0,0.0,0.0,0.0,0.0,0.0,0.0,0.0,0.0,0.0,0.0,0.0,0.0,0.0,0.0,0.0,0.0,0.0,0.0,0.0,0.0,0.0,2.0,2.0,3.0,5.0,7.0,7.0,24.0,25.0,28.0,30.0,30.0,30.0,30.0,30.0,30.0,33.0,33.0,35.0,35.0,35.0,37.0,37.0,37.0,42.0,42.0,42.0,54.0,55.0,74.0,75.0,78.0,78.0,92.0,101.0
68,Trinidad and Tobago,SA,0.0,0.0,0.0,0.0,0.0,0.0,0.0,0.0,0.0,0.0,0.0,0.0,0.0,0.0,0.0,0.0,0.0,0.0,0.0,0.0,0.0,0.0,0.0,0.0,0.0,0.0,0.0,0.0,0.0,0.0,0.0,0.0,0.0,0.0,0.0,0.0,0.0,0.0,0.0,0.0,0.0,0.0,0.0,0.0,0.0,0.0,0.0,0.0,0.0,0.0,0.0,0.0,0.0,0.0,0.0,0.0,0.0,0.0,0.0,1.0,1.0,1.0,0.0,0.0,0.0,1.0,1.0,1.0,1.0,1.0,1.0,1.0,1.0,1.0,1.0,1.0,1.0,1.0,1.0,1.0,12.0,16.0,16.0,17.0,19.0,20.0,20.0,21.0,21.0,22.0,28.0,37.0,48.0,48.0,53.0,54.0,59.0,59.0,71.0,72.0,83.0,88.0,93.0,99.0,103.0,103.0
69,Cambodia,AS,0.0,0.0,0.0,0.0,0.0,0.0,0.0,0.0,0.0,0.0,0.0,0.0,0.0,0.0,0.0,0.0,0.0,0.0,0.0,0.0,0.0,1.0,1.0,1.0,1.0,1.0,1.0,1.0,1.0,1.0,1.0,1.0,1.0,1.0,1.0,1.0,1.0,1.0,1.0,1.0,1.0,1.0,1.0,1.0,1.0,1.0,1.0,1.0,1.0,1.0,1.0,1.0,1.0,1.0,1.0,1.0,1.0,1.0,1.0,1.0,1.0,1.0,4.0,10.0,10.0,11.0,13.0,21.0,21.0,23.0,25.0,34.0,35.0,50.0,50.0,53.0,58.0,63.0,62.0,72.0,75.0,77.0,77.0,91.0,96.0,98.0,98.0,103.0,105.0,107.0,110.0,110.0,110.0,117.0,117.0,117.0,119.0,119.0,119.0,119.0,120.0,120.0,120.0,120.0,120.0,120.0
70,Rwanda,AF,0.0,0.0,0.0,0.0,0.0,0.0,0.0,0.0,0.0,0.0,0.0,0.0,0.0,0.0,0.0,0.0,0.0,0.0,0.0,0.0,0.0,0.0,0.0,0.0,0.0,0.0,0.0,0.0,0.0,0.0,0.0,0.0,0.0,0.0,0.0,0.0,0.0,0.0,0.0,0.0,0.0,0.0,0.0,0.0,0.0,0.0,0.0,0.0,0.0,0.0,0.0,0.0,0.0,0.0,0.0,0.0,0.0,0.0,0.0,0.0,0.0,0.0,0.0,0.0,0.0,0.0,0.0,0.0,0.0,0.0,0.0,0.0,0.0,0.0,4.0,4.0,7.0,7.0,7.0,7.0,18.0,25.0,42.0,49.0,54.0,60.0,65.0,69.0,76.0,76.0,84.0,84.0,87.0,87.0,88.0,92.0,93.0,95.0,98.0,104.0,109.0,120.0,124.0,128.0,129.0,130.0
71,Brunei,AS,0.0,0.0,0.0,0.0,0.0,0.0,0.0,0.0,0.0,0.0,0.0,0.0,0.0,0.0,0.0,0.0,0.0,0.0,0.0,0.0,0.0,0.0,0.0,0.0,0.0,0.0,0.0,0.0,0.0,0.0,0.0,0.0,0.0,0.0,0.0,0.0,0.0,0.0,0.0,0.0,0.0,0.0,0.0,0.0,0.0,0.0,0.0,0.0,0.0,0.0,0.0,0.0,0.0,0.0,0.0,0.0,0.0,0.0,1.0,2.0,2.0,2.0,2.0,2.0,5.0,11.0,25.0,34.0,38.0,45.0,52.0,56.0,65.0,66.0,73.0,82.0,85.0,91.0,92.0,99.0,104.0,106.0,107.0,107.0,108.0,108.0,112.0,113.0,115.0,116.0,116.0,117.0,119.0,120.0,121.0,123.0,124.0,124.0,124.0,124.0,124.0,126.0,128.0,130.0,131.0,131.0
72,Honduras,NA,0.0,0.0,0.0,0.0,0.0,0.0,0.0,0.0,0.0,0.0,0.0,0.0,0.0,0.0,0.0,0.0,0.0,0.0,0.0,0.0,0.0,0.0,0.0,0.0,0.0,0.0,0.0,0.0,0.0,0.0,0.0,0.0,0.0,0.0,0.0,0.0,0.0,0.0,0.0,0.0,0.0,0.0,0.0,0.0,0.0,0.0,0.0,0.0,0.0,0.0,0.0,0.0,0.0,0.0,0.0,0.0,0.0,0.0,0.0,0.0,0.0,0.0,0.0,0.0,0.0,0.0,3.0,3.0,3.0,3.0,3.0,3.0,3.0,3.0,6.0,6.0,6.0,6.0,6.0,7.0,7.0,7.0,7.0,7.0,9.0,9.0,10.0,10.0,15.0,25.0,29.0,30.0,31.0,58.0,65.0,65.0,79.0,79.0,73.0,79.0,112.0,116.0,118.0,122.0,122.0,132.0
73,Paraguay,SA,0.0,0.0,0.0,0.0,0.0,0.0,0.0,0.0,0.0,0.0,0.0,0.0,0.0,0.0,0.0,0.0,0.0,0.0,0.0,0.0,0.0,0.0,0.0,0.0,0.0,0.0,0.0,0.0,0.0,0.0,0.0,0.0,0.0,0.0,0.0,0.0,0.0,0.0,0.0,0.0,0.0,0.0,0.0,0.0,0.0,0.0,0.0,0.0,0.0,0.0,0.0,0.0,0.0,0.0,0.0,0.0,0.0,0.0,0.0,0.0,0.0,0.0,0.0,0.0,0.0,1.0,1.0,1.0,1.0,1.0,1.0,2.0,6.0,12.0,12.0,12.0,15.0,15.0,18.0,18.0,18.0,22.0,22.0,22.0,23.0,30.0,30.0,35.0,41.0,46.0,53.0,62.0,67.0,78.0,85.0,85.0,93.0,102.0,102.0,113.0,115.0,119.0,126.0,130.0,135.0,142.0
74,Netherlands,EU,0.0,0.0,0.0,0.0,0.0,0.0,0.0,0.0,0.0,0.0,0.0,0.0,0.0,0.0,0.0,0.0,0.0,0.0,0.0,0.0,0.0,0.0,0.0,0.0,0.0,0.0,0.0,0.0,0.0,0.0,0.0,0.0,0.0,0.0,0.0,0.0,0.0,0.0,0.0,0.0,0.0,0.0,0.0,0.0,0.0,0.0,0.0,0.0,0.0,0.0,0.0,0.0,2.0,2.0,2.0,2.0,2.0,2.0,2.0,2.0,2.0,2.0,3.0,4.0,6.0,6.0,6.0,253.0,253.0,253.0,260.0,260.0,260.0,262.0,257.0,258.0,272.0,272.0,278.0,287.0,291.0,295.0,295.0,297.0,304.0,311.0,315.0,317.0,322.0,322.0,74.0,101.0,101.0,102.0,102.0,117.0,117.0,117.0,119.0,125.0,138.0,138.0,138.0,138.0,139.0,146.0
75,Tanzania,AF,0.0,0.0,0.0,0.0,0.0,0.0,0.0,0.0,0.0,0.0,0.0,0.0,0.0,0.0,0.0,0.0,0.0,0.0,0.0,0.0,0.0,0.0,0.0,0.0,0.0,0.0,0.0,0.0,0.0,0.0,0.0,0.0,0.0,0.0,0.0,0.0,0.0,0.0,0.0,0.0,0.0,0.0,0.0,0.0,0.0,0.0,0.0,0.0,0.0,0.0,0.0,0.0,0.0,0.0,0.0,0.0,0.0,0.0,0.0,0.0,0.0,0.0,0.0,0.0,0.0,1.0,1.0,1.0,1.0,1.0,1.0,2.0,3.0,3.0,3.0,3.0,5.0,5.0,5.0,5.0,5.0,5.0,7.0,7.0,11.0,11.0,11.0,11.0,11.0,11.0,11.0,11.0,11.0,48.0,48.0,48.0,48.0,48.0,167.0,167.0,167.0,167.0,167.0,167.0,167.0,167.0
76,West Bank and Gaza,,0.0,0.0,0.0,0.0,0.0,0.0,0.0,0.0,0.0,0.0,0.0,0.0,0.0,0.0,0.0,0.0,0.0,0.0,0.0,0.0,0.0,0.0,0.0,0.0,0.0,0.0,0.0,0.0,0.0,0.0,0.0,0.0,0.0,0.0,0.0,0.0,0.0,0.0,0.0,0.0,0.0,0.0,0.0,0.0,0.0,0.0,0.0,0.0,0.0,0.0,0.0,0.0,0.0,0.0,0.0,0.0,0.0,0.0,17.0,17.0,17.0,17.0,17.0,17.0,17.0,17.0,18.0,18.0,18.0,18.0,18.0,18.0,21.0,21.0,25.0,24.0,42.0,44.0,44.0,45.0,57.0,58.0,58.0,62.0,63.0,63.0,69.0,69.0,71.0,71.0,71.0,71.0,74.0,81.0,83.0,83.0,83.0,71.0,71.0,76.0,76.0,76.0,77.0,102.0,127.0,174.0
77,Venezuela,SA,0.0,0.0,0.0,0.0,0.0,0.0,0.0,0.0,0.0,0.0,0.0,0.0,0.0,0.0,0.0,0.0,0.0,0.0,0.0,0.0,0.0,0.0,0.0,0.0,0.0,0.0,0.0,0.0,0.0,0.0,0.0,0.0,0.0,0.0,0.0,0.0,0.0,0.0,0.0,0.0,0.0,0.0,0.0,0.0,0.0,0.0,0.0,0.0,0.0,0.0,0.0,0.0,0.0,0.0,0.0,0.0,0.0,0.0,0.0,0.0,15.0,15.0,15.0,15.0,15.0,31.0,39.0,39.0,39.0,39.0,41.0,43.0,52.0,52.0,52.0,65.0,65.0,65.0,84.0,84.0,93.0,93.0,110.0,110.0,111.0,111.0,111.0,113.0,117.0,117.0,117.0,122.0,126.0,132.0,132.0,137.0,142.0,142.0,142.0,142.0,148.0,148.0,158.0,158.0,158.0,176.0
78,Kenya,AF,0.0,0.0,0.0,0.0,0.0,0.0,0.0,0.0,0.0,0.0,0.0,0.0,0.0,0.0,0.0,0.0,0.0,0.0,0.0,0.0,0.0,0.0,0.0,0.0,0.0,0.0,0.0,0.0,0.0,0.0,0.0,0.0,0.0,0.0,0.0,0.0,0.0,0.0,0.0,0.0,0.0,0.0,0.0,0.0,0.0,0.0,0.0,0.0,0.0,0.0,0.0,0.0,0.0,0.0,0.0,0.0,0.0,0.0,0.0,0.0,0.0,0.0,0.0,1.0,1.0,1.0,1.0,1.0,1.0,1.0,3.0,4.0,4.0,4.0,4.0,4.0,7.0,9.0,12.0,22.0,24.0,25.0,40.0,41.0,53.0,53.0,53.0,60.0,67.0,69.0,74.0,74.0,89.0,94.0,98.0,106.0,114.0,124.0,129.0,144.0,150.0,152.0,167.0,173.0,182.0,190.0
79,Bolivia,SA,0.0,0.0,0.0,0.0,0.0,0.0,0.0,0.0,0.0,0.0,0.0,0.0,0.0,0.0,0.0,0.0,0.0,0.0,0.0,0.0,0.0,0.0,0.0,0.0,0.0,0.0,0.0,0.0,0.0,0.0,0.0,0.0,0.0,0.0,0.0,0.0,0.0,0.0,0.0,0.0,0.0,0.0,0.0,0.0,0.0,0.0,0.0,0.0,0.0,0.0,0.0,0.0,0.0,0.0,0.0,0.0,0.0,0.0,0.0,0.0,0.0,0.0,0.0,0.0,0.0,0.0,0.0,0.0,0.0,0.0,1.0,1.0,1.0,1.0,2.0,2.0,2.0,2.0,2.0,2.0,2.0,2.0,2.0,6.0,7.0,14.0,26.0,31.0,31.0,31.0,37.0,44.0,44.0,54.0,54.0,80.0,98.0,110.0,117.0,132.0,134.0,159.0,166.0,174.0,187.0,198.0
80,Lebanon,AS,0.0,0.0,0.0,0.0,0.0,0.0,0.0,0.0,0.0,0.0,0.0,0.0,0.0,0.0,0.0,0.0,0.0,0.0,0.0,0.0,0.0,0.0,0.0,0.0,0.0,0.0,0.0,0.0,0.0,0.0,0.0,0.0,0.0,0.0,0.0,0.0,0.0,0.0,0.0,0.0,0.0,0.0,1.0,1.0,1.0,1.0,1.0,1.0,1.0,1.0,1.0,1.0,1.0,1.0,1.0,3.0,3.0,4.0,4.0,4.0,8.0,8.0,8.0,20.0,23.0,27.0,30.0,30.0,35.0,37.0,43.0,46.0,50.0,54.0,54.0,60.0,62.0,62.0,67.0,76.0,77.0,80.0,80.0,80.0,85.0,86.0,86.0,99.0,102.0,103.0,108.0,113.0,140.0,140.0,143.0,145.0,145.0,145.0,150.0,150.0,192.0,197.0,200.0,200.0,206.0,206.0
81,Sri Lanka,AS,0.0,0.0,0.0,0.0,0.0,0.0,0.0,0.0,0.0,0.0,0.0,0.0,0.0,0.0,0.0,0.0,0.0,1.0,1.0,1.0,1.0,1.0,1.0,1.0,1.0,1.0,1.0,1.0,1.0,1.0,1.0,1.0,1.0,1.0,1.0,1.0,1.0,1.0,1.0,1.0,1.0,1.0,1.0,1.0,1.0,1.0,1.0,1.0,1.0,1.0,1.0,1.0,1.0,1.0,1.0,1.0,1.0,3.0,3.0,1.0,3.0,3.0,2.0,3.0,7.0,7.0,9.0,11.0,15.0,17.0,21.0,21.0,24.0,27.0,33.0,38.0,42.0,44.0,49.0,54.0,54.0,56.0,56.0,61.0,63.0,68.0,77.0,86.0,96.0,98.0,102.0,105.0,107.0,109.0,118.0,120.0,126.0,134.0,136.0,154.0,162.0,172.0,184.0,194.0,213.0,215.0
82,El Salvador,SA,0.0,0.0,0.0,0.0,0.0,0.0,0.0,0.0,0.0,0.0,0.0,0.0,0.0,0.0,0.0,0.0,0.0,0.0,0.0,0.0,0.0,0.0,0.0,0.0,0.0,0.0,0.0,0.0,0.0,0.0,0.0,0.0,0.0,0.0,0.0,0.0,0.0,0.0,0.0,0.0,0.0,0.0,0.0,0.0,0.0,0.0,0.0,0.0,0.0,0.0,0.0,0.0,0.0,0.0,0.0,0.0,0.0,0.0,0.0,0.0,0.0,0.0,0.0,0.0,0.0,0.0,0.0,0.0,0.0,0.0,0.0,0.0,0.0,2.0,2.0,5.0,5.0,9.0,14.0,15.0,19.0,21.0,22.0,25.0,30.0,33.0,38.0,43.0,44.0,46.0,48.0,63.0,67.0,75.0,75.0,83.0,89.0,97.0,106.0,119.0,124.0,141.0,154.0,180.0,205.0,219.0
83,Vietnam,AS,0.0,0.0,0.0,0.0,0.0,0.0,0.0,0.0,0.0,0.0,1.0,1.0,1.0,1.0,1.0,1.0,1.0,1.0,1.0,1.0,6.0,6.0,7.0,7.0,7.0,7.0,7.0,7.0,7.0,7.0,14.0,14.0,14.0,14.0,16.0,16.0,16.0,16.0,16.0,16.0,16.0,16.0,16.0,16.0,16.0,16.0,16.0,16.0,16.0,16.0,16.0,16.0,16.0,16.0,16.0,16.0,16.0,16.0,16.0,17.0,17.0,17.0,17.0,17.0,20.0,20.0,21.0,25.0,55.0,58.0,63.0,75.0,85.0,90.0,90.0,95.0,123.0,126.0,128.0,144.0,144.0,144.0,146.0,169.0,171.0,177.0,198.0,201.0,202.0,214.0,216.0,223.0,224.0,220.0,225.0,225.0,225.0,222.0,222.0,219.0,219.0,219.0,219.0,219.0,232.0,232.0
84,Slovenia,EU,0.0,0.0,0.0,0.0,0.0,0.0,0.0,0.0,0.0,0.0,0.0,0.0,0.0,0.0,0.0,0.0,0.0,0.0,0.0,0.0,0.0,0.0,0.0,0.0,0.0,0.0,0.0,0.0,0.0,0.0,0.0,0.0,0.0,0.0,0.0,0.0,0.0,0.0,0.0,0.0,0.0,0.0,0.0,0.0,0.0,0.0,0.0,0.0,0.0,0.0,0.0,0.0,0.0,0.0,0.0,0.0,0.0,0.0,0.0,0.0,0.0,0.0,0.0,10.0,10.0,10.0,10.0,10.0,10.0,10.0,10.0,70.0,70.0,79.0,79.0,102.0,102.0,120.0,128.0,137.0,148.0,150.0,152.0,152.0,165.0,174.0,174.0,190.0,192.0,193.0,197.0,205.0,211.0,211.0,219.0,221.0,221.0,223.0,230.0,233.0,233.0,239.0,241.0,241.0,244.0,246.0
85,Montenegro,EU,0.0,0.0,0.0,0.0,0.0,0.0,0.0,0.0,0.0,0.0,0.0,0.0,0.0,0.0,0.0,0.0,0.0,0.0,0.0,0.0,0.0,0.0,0.0,0.0,0.0,0.0,0.0,0.0,0.0,0.0,0.0,0.0,0.0,0.0,0.0,0.0,0.0,0.0,0.0,0.0,0.0,0.0,0.0,0.0,0.0,0.0,0.0,0.0,0.0,0.0,0.0,0.0,0.0,0.0,0.0,0.0,0.0,0.0,0.0,0.0,0.0,0.0,0.0,0.0,0.0,0.0,0.0,0.0,0.0,0.0,0.0,0.0,1.0,1.0,1.0,1.0,4.0,4.0,4.0,4.0,5.0,5.0,5.0,46.0,55.0,55.0,55.0,55.0,55.0,88.0,101.0,116.0,123.0,123.0,153.0,153.0,189.0,199.0,203.0,214.0,233.0,245.0,249.0,253.0,253.0,261.0
86,Mali,AF,0.0,0.0,0.0,0.0,0.0,0.0,0.0,0.0,0.0,0.0,0.0,0.0,0.0,0.0,0.0,0.0,0.0,0.0,0.0,0.0,0.0,0.0,0.0,0.0,0.0,0.0,0.0,0.0,0.0,0.0,0.0,0.0,0.0,0.0,0.0,0.0,0.0,0.0,0.0,0.0,0.0,0.0,0.0,0.0,0.0,0.0,0.0,0.0,0.0,0.0,0.0,0.0,0.0,0.0,0.0,0.0,0.0,0.0,0.0,0.0,0.0,0.0,0.0,0.0,0.0,0.0,0.0,0.0,0.0,0.0,0.0,0.0,0.0,1.0,1.0,9.0,12.0,16.0,22.0,22.0,22.0,22.0,26.0,34.0,34.0,34.0,34.0,41.0,42.0,56.0,57.0,73.0,77.0,87.0,91.0,112.0,113.0,122.0,129.0,135.0,196.0,206.0,213.0,223.0,228.0,261.0
87,Estonia,EU,0.0,0.0,0.0,0.0,0.0,0.0,0.0,0.0,0.0,0.0,0.0,0.0,0.0,0.0,0.0,0.0,0.0,0.0,0.0,0.0,0.0,0.0,0.0,0.0,0.0,0.0,0.0,0.0,0.0,0.0,0.0,0.0,0.0,0.0,0.0,0.0,0.0,0.0,0.0,0.0,0.0,0.0,0.0,0.0,0.0,0.0,0.0,0.0,0.0,0.0,0.0,0.0,0.0,1.0,1.0,1.0,1.0,1.0,1.0,1.0,2.0,2.0,7.0,8.0,8.0,11.0,20.0,20.0,20.0,26.0,33.0,45.0,48.0,59.0,62.0,62.0,69.0,72.0,83.0,93.0,93.0,98.0,102.0,115.0,117.0,133.0,145.0,162.0,164.0,165.0,169.0,184.0,192.0,206.0,228.0,233.0,233.0,240.0,236.0,249.0,253.0,256.0,259.0,259.0,261.0,264.0
88,Georgia,AS,0.0,0.0,0.0,0.0,0.0,0.0,0.0,0.0,0.0,0.0,0.0,0.0,0.0,0.0,0.0,0.0,0.0,0.0,0.0,0.0,0.0,0.0,0.0,0.0,0.0,0.0,0.0,0.0,0.0,0.0,0.0,0.0,0.0,0.0,0.0,0.0,0.0,0.0,0.0,0.0,0.0,0.0,0.0,0.0,0.0,0.0,0.0,0.0,0.0,0.0,0.0,0.0,0.0,0.0,1.0,1.0,1.0,1.0,1.0,1.0,3.0,3.0,9.0,10.0,11.0,14.0,14.0,18.0,20.0,21.0,23.0,26.0,28.0,36.0,36.0,39.0,46.0,50.0,51.0,54.0,60.0,67.0,68.0,69.0,71.0,76.0,79.0,86.0,93.0,95.0,97.0,107.0,111.0,132.0,139.0,149.0,156.0,168.0,178.0,184.0,207.0,207.0,223.0,223.0,240.0,269.0
89,Ghana,AF,0.0,0.0,0.0,0.0,0.0,0.0,0.0,0.0,0.0,0.0,0.0,0.0,0.0,0.0,0.0,0.0,0.0,0.0,0.0,0.0,0.0,0.0,0.0,0.0,0.0,0.0,0.0,0.0,0.0,0.0,0.0,0.0,0.0,0.0,0.0,0.0,0.0,0.0,0.0,0.0,0.0,0.0,0.0,0.0,0.0,0.0,0.0,0.0,0.0,0.0,0.0,0.0,0.0,0.0,0.0,0.0,0.0,0.0,0.0,0.0,0.0,0.0,0.0,0.0,1.0,2.0,2.0,2.0,2.0,31.0,31.0,31.0,31.0,31.0,31.0,31.0,31.0,34.0,3.0,4.0,4.0,4.0,4.0,17.0,17.0,83.0,83.0,99.0,99.0,99.0,99.0,99.0,99.0,134.0,134.0,155.0,155.0,188.0,188.0,212.0,212.0,229.0,229.0,294.0,294.0,294.0
90,Cyprus,EU,0.0,0.0,0.0,0.0,0.0,0.0,0.0,0.0,0.0,0.0,0.0,0.0,0.0,0.0,0.0,0.0,0.0,0.0,0.0,0.0,0.0,0.0,0.0,0.0,0.0,0.0,0.0,0.0,0.0,0.0,0.0,0.0,0.0,0.0,0.0,0.0,0.0,0.0,0.0,0.0,0.0,0.0,0.0,0.0,0.0,0.0,0.0,0.0,0.0,0.0,0.0,0.0,0.0,0.0,0.0,0.0,0.0,0.0,0.0,0.0,3.0,3.0,3.0,3.0,4.0,15.0,15.0,15.0,22.0,23.0,28.0,28.0,28.0,33.0,37.0,45.0,47.0,52.0,53.0,58.0,61.0,65.0,65.0,65.0,65.0,77.0,77.0,79.0,81.0,81.0,98.0,98.0,98.0,98.0,148.0,148.0,148.0,148.0,148.0,296.0,296.0,296.0,296.0,296.0,296.0,296.0
91,Mauritius,AF,0.0,0.0,0.0,0.0,0.0,0.0,0.0,0.0,0.0,0.0,0.0,0.0,0.0,0.0,0.0,0.0,0.0,0.0,0.0,0.0,0.0,0.0,0.0,0.0,0.0,0.0,0.0,0.0,0.0,0.0,0.0,0.0,0.0,0.0,0.0,0.0,0.0,0.0,0.0,0.0,0.0,0.0,0.0,0.0,0.0,0.0,0.0,0.0,0.0,0.0,0.0,0.0,0.0,0.0,0.0,0.0,0.0,0.0,0.0,0.0,0.0,0.0,0.0,0.0,0.0,0.0,0.0,0.0,0.0,0.0,0.0,0.0,0.0,7.0,7.0,7.0,8.0,19.0,23.0,23.0,28.0,42.0,42.0,51.0,65.0,81.0,108.0,180.0,208.0,224.0,243.0,261.0,266.0,285.0,295.0,299.0,302.0,303.0,306.0,310.0,312.0,314.0,315.0,316.0,319.0,320.0
92,Taiwan*,AS,0.0,0.0,0.0,0.0,0.0,0.0,0.0,0.0,0.0,0.0,0.0,0.0,0.0,0.0,0.0,1.0,1.0,1.0,1.0,1.0,1.0,1.0,1.0,2.0,2.0,2.0,2.0,2.0,2.0,2.0,2.0,2.0,2.0,5.0,5.0,5.0,5.0,6.0,9.0,9.0,12.0,12.0,12.0,12.0,12.0,12.0,13.0,15.0,17.0,17.0,20.0,20.0,20.0,20.0,20.0,22.0,22.0,26.0,26.0,28.0,28.0,28.0,29.0,29.0,29.0,29.0,30.0,30.0,39.0,39.0,39.0,45.0,50.0,50.0,50.0,57.0,57.0,61.0,67.0,91.0,99.0,109.0,109.0,124.0,124.0,155.0,166.0,178.0,189.0,203.0,217.0,236.0,253.0,264.0,275.0,281.0,290.0,307.0,311.0,322.0,324.0,324.0,332.0,334.0,334.0,339.0
93,Bulgaria,EU,0.0,0.0,0.0,0.0,0.0,0.0,0.0,0.0,0.0,0.0,0.0,0.0,0.0,0.0,0.0,0.0,0.0,0.0,0.0,0.0,0.0,0.0,0.0,0.0,0.0,0.0,0.0,0.0,0.0,0.0,0.0,0.0,0.0,0.0,0.0,0.0,0.0,0.0,0.0,0.0,0.0,0.0,0.0,0.0,0.0,0.0,0.0,0.0,0.0,0.0,0.0,0.0,0.0,0.0,0.0,0.0,0.0,0.0,0.0,3.0,3.0,3.0,3.0,4.0,8.0,9.0,11.0,14.0,17.0,17.0,20.0,25.0,30.0,34.0,37.0,39.0,42.0,42.0,48.0,54.0,62.0,68.0,71.0,81.0,105.0,122.0,141.0,153.0,161.0,167.0,170.0,174.0,190.0,197.0,197.0,205.0,206.0,222.0,243.0,266.0,276.0,287.0,308.0,321.0,342.0,360.0
94,Jordan,AS,0.0,0.0,0.0,0.0,0.0,0.0,0.0,0.0,0.0,0.0,0.0,0.0,0.0,0.0,0.0,0.0,0.0,0.0,0.0,0.0,0.0,0.0,0.0,0.0,0.0,0.0,0.0,0.0,0.0,0.0,0.0,0.0,0.0,0.0,0.0,0.0,0.0,0.0,0.0,0.0,0.0,0.0,0.0,0.0,0.0,0.0,0.0,0.0,0.0,0.0,0.0,1.0,1.0,1.0,1.0,1.0,1.0,1.0,1.0,1.0,1.0,1.0,1.0,1.0,1.0,18.0,18.0,18.0,26.0,30.0,36.0,45.0,58.0,74.0,110.0,126.0,138.0,150.0,161.0,170.0,177.0,201.0,215.0,235.0,250.0,259.0,265.0,269.0,276.0,282.0,297.0,315.0,318.0,326.0,332.0,337.0,342.0,348.0,356.0,362.0,364.0,367.0,367.0,370.0,375.0,377.0
95,Malta,EU,0.0,0.0,0.0,0.0,0.0,0.0,0.0,0.0,0.0,0.0,0.0,0.0,0.0,0.0,0.0,0.0,0.0,0.0,0.0,0.0,0.0,0.0,0.0,0.0,0.0,0.0,0.0,0.0,0.0,0.0,0.0,0.0,0.0,0.0,0.0,0.0,0.0,0.0,0.0,0.0,0.0,0.0,0.0,0.0,0.0,0.0,0.0,0.0,0.0,0.0,0.0,1.0,1.0,1.0,2.0,2.0,2.0,2.0,2.0,2.0,2.0,2.0,2.0,2.0,2.0,2.0,2.0,2.0,2.0,2.0,2.0,2.0,2.0,2.0,5.0,5.0,5.0,16.0,16.0,16.0,16.0,44.0,44.0,44.0,44.0,82.0,91.0,99.0,118.0,126.0,150.0,165.0,204.0,223.0,249.0,282.0,286.0,303.0,339.0,351.0,383.0,379.0,392.0,399.0,403.0,407.0
96,Costa Rica,SA,0.0,0.0,0.0,0.0,0.0,0.0,0.0,0.0,0.0,0.0,0.0,0.0,0.0,0.0,0.0,0.0,0.0,0.0,0.0,0.0,0.0,0.0,0.0,0.0,0.0,0.0,0.0,0.0,0.0,0.0,0.0,0.0,0.0,0.0,0.0,0.0,0.0,0.0,0.0,0.0,0.0,0.0,0.0,0.0,0.0,0.0,0.0,0.0,0.0,0.0,0.0,0.0,0.0,0.0,0.0,0.0,0.0,0.0,0.0,2.0,2.0,2.0,2.0,2.0,2.0,3.0,3.0,3.0,4.0,4.0,4.0,6.0,11.0,13.0,16.0,18.0,24.0,29.0,30.0,42.0,49.0,56.0,62.0,66.0,67.0,74.0,88.0,97.0,112.0,124.0,150.0,180.0,196.0,216.0,242.0,264.0,287.0,306.0,323.0,338.0,355.0,372.0,386.0,399.0,413.0,428.0
97,Afghanistan,AS,0.0,0.0,0.0,0.0,0.0,0.0,0.0,0.0,0.0,0.0,0.0,0.0,0.0,0.0,0.0,0.0,0.0,0.0,0.0,0.0,0.0,0.0,0.0,0.0,0.0,0.0,0.0,0.0,0.0,0.0,0.0,0.0,0.0,0.0,0.0,0.0,0.0,0.0,0.0,0.0,0.0,0.0,0.0,0.0,0.0,0.0,0.0,0.0,0.0,0.0,0.0,0.0,0.0,0.0,1.0,1.0,1.0,1.0,1.0,1.0,1.0,1.0,1.0,2.0,2.0,2.0,2.0,2.0,2.0,5.0,5.0,10.0,10.0,10.0,15.0,18.0,18.0,29.0,32.0,32.0,32.0,32.0,32.0,40.0,43.0,54.0,99.0,112.0,131.0,135.0,150.0,166.0,179.0,188.0,188.0,207.0,220.0,228.0,252.0,260.0,310.0,331.0,345.0,397.0,421.0,458.0
98,Latvia,EU,0.0,0.0,0.0,0.0,0.0,0.0,0.0,0.0,0.0,0.0,0.0,0.0,0.0,0.0,0.0,0.0,0.0,0.0,0.0,0.0,0.0,0.0,0.0,0.0,0.0,0.0,0.0,0.0,0.0,0.0,0.0,0.0,0.0,0.0,0.0,0.0,0.0,0.0,0.0,0.0,0.0,0.0,0.0,0.0,0.0,0.0,0.0,0.0,1.0,1.0,1.0,1.0,1.0,1.0,1.0,1.0,1.0,1.0,1.0,1.0,1.0,1.0,1.0,1.0,1.0,1.0,1.0,1.0,1.0,1.0,1.0,31.0,1.0,1.0,1.0,16.0,16.0,16.0,16.0,16.0,16.0,16.0,16.0,16.0,44.0,57.0,88.0,88.0,88.0,88.0,133.0,133.0,133.0,267.0,267.0,267.0,267.0,267.0,348.0,348.0,348.0,348.0,348.0,348.0,348.0,464.0
99,Uruguay,SA,0.0,0.0,0.0,0.0,0.0,0.0,0.0,0.0,0.0,0.0,0.0,0.0,0.0,0.0,0.0,0.0,0.0,0.0,0.0,0.0,0.0,0.0,0.0,0.0,0.0,0.0,0.0,0.0,0.0,0.0,0.0,0.0,0.0,0.0,0.0,0.0,0.0,0.0,0.0,0.0,0.0,0.0,0.0,0.0,0.0,0.0,0.0,0.0,0.0,0.0,0.0,0.0,0.0,0.0,0.0,0.0,0.0,0.0,0.0,0.0,0.0,0.0,0.0,0.0,0.0,0.0,0.0,0.0,0.0,41.0,41.0,62.0,68.0,93.0,93.0,104.0,150.0,150.0,192.0,206.0,214.0,231.0,231.0,248.0,260.0,286.0,286.0,294.0,298.0,313.0,313.0,324.0,354.0,369.0,370.0,375.0,386.0,394.0,412.0,417.0,435.0,440.0,442.0,447.0,468.0,486.0
100,Kosovo,EU,0.0,0.0,0.0,0.0,0.0,0.0,0.0,0.0,0.0,0.0,0.0,0.0,0.0,0.0,0.0,0.0,0.0,0.0,0.0,0.0,0.0,0.0,0.0,0.0,0.0,0.0,0.0,0.0,0.0,0.0,0.0,0.0,0.0,0.0,0.0,0.0,0.0,0.0,0.0,0.0,0.0,0.0,0.0,0.0,0.0,0.0,0.0,0.0,0.0,0.0,0.0,0.0,0.0,0.0,0.0,0.0,0.0,0.0,0.0,0.0,0.0,0.0,0.0,0.0,0.0,1.0,1.0,1.0,1.0,6.0,10.0,10.0,10.0,16.0,23.0,23.0,24.0,30.0,30.0,52.0,58.0,58.0,58.0,66.0,66.0,79.0,84.0,93.0,102.0,123.0,128.0,138.0,159.0,162.0,165.0,166.0,201.0,232.0,249.0,271.0,271.0,336.0,381.0,403.0,490.0,490.0
101,Senegal,AF,0.0,0.0,0.0,0.0,0.0,0.0,0.0,0.0,0.0,0.0,0.0,0.0,0.0,0.0,0.0,0.0,0.0,0.0,0.0,0.0,0.0,0.0,0.0,0.0,0.0,0.0,0.0,0.0,0.0,0.0,0.0,0.0,0.0,0.0,0.0,0.0,0.0,0.0,0.0,0.0,0.0,0.0,0.0,0.0,0.0,0.0,1.0,1.0,1.0,1.0,1.0,1.0,1.0,1.0,2.0,2.0,2.0,2.0,2.0,5.0,5.0,5.0,8.0,9.0,9.0,11.0,18.0,27.0,27.0,40.0,45.0,55.0,66.0,72.0,82.0,92.0,105.0,113.0,123.0,137.0,152.0,171.0,178.0,183.0,190.0,194.0,198.0,211.0,220.0,235.0,242.0,253.0,257.0,262.0,276.0,283.0,284.0,296.0,315.0,334.0,356.0,368.0,372.0,415.0,470.0,493.0
102,Andorra,EU,0.0,0.0,0.0,0.0,0.0,0.0,0.0,0.0,0.0,0.0,0.0,0.0,0.0,0.0,0.0,0.0,0.0,0.0,0.0,0.0,0.0,0.0,0.0,0.0,0.0,0.0,0.0,0.0,0.0,0.0,0.0,0.0,0.0,0.0,0.0,0.0,0.0,0.0,0.0,0.0,0.0,0.0,0.0,0.0,0.0,0.0,0.0,0.0,0.0,0.0,1.0,0.0,1.0,1.0,1.0,1.0,1.0,1.0,1.0,1.0,1.0,1.0,1.0,1.0,1.0,1.0,1.0,1.0,10.0,10.0,10.0,10.0,16.0,21.0,26.0,31.0,39.0,52.0,58.0,71.0,71.0,128.0,128.0,128.0,169.0,169.0,191.0,205.0,235.0,248.0,282.0,309.0,333.0,344.0,344.0,344.0,385.0,398.0,423.0,468.0,468.0,472.0,493.0,499.0,514.0,521.0
103,Nigeria,AF,0.0,0.0,0.0,0.0,0.0,0.0,0.0,0.0,0.0,0.0,0.0,0.0,0.0,0.0,0.0,0.0,0.0,0.0,0.0,0.0,0.0,0.0,0.0,0.0,0.0,0.0,0.0,0.0,0.0,0.0,0.0,0.0,0.0,0.0,0.0,0.0,0.0,0.0,0.0,0.0,0.0,0.0,0.0,0.0,0.0,0.0,0.0,0.0,0.0,0.0,0.0,0.0,0.0,0.0,0.0,0.0,1.0,1.0,1.0,1.0,2.0,2.0,2.0,2.0,2.0,3.0,3.0,3.0,8.0,8.0,9.0,20.0,25.0,25.0,33.0,35.0,44.0,44.0,51.0,58.0,70.0,85.0,91.0,99.0,128.0,152.0,159.0,166.0,170.0,188.0,188.0,197.0,197.0,208.0,222.0,239.0,255.0,255.0,307.0,319.0,351.0,351.0,400.0,417.0,481.0,534.0
104,Burkina Faso,AF,0.0,0.0,0.0,0.0,0.0,0.0,0.0,0.0,0.0,0.0,0.0,0.0,0.0,0.0,0.0,0.0,0.0,0.0,0.0,0.0,0.0,0.0,0.0,0.0,0.0,0.0,0.0,0.0,0.0,0.0,0.0,0.0,0.0,0.0,0.0,0.0,0.0,0.0,0.0,0.0,0.0,0.0,0.0,0.0,0.0,0.0,0.0,0.0,0.0,0.0,0.0,0.0,0.0,0.0,0.0,0.0,0.0,0.0,0.0,5.0,5.0,5.0,7.0,10.0,10.0,12.0,21.0,23.0,31.0,32.0,46.0,50.0,50.0,66.0,90.0,108.0,127.0,134.0,146.0,146.0,155.0,161.0,161.0,177.0,226.0,257.0,294.0,321.0,338.0,357.0,362.0,389.0,410.0,425.0,442.0,453.0,469.0,476.0,498.0,506.0,517.0,535.0,540.0,545.0,548.0,555.0
105,Niger,AF,0.0,0.0,0.0,0.0,0.0,0.0,0.0,0.0,0.0,0.0,0.0,0.0,0.0,0.0,0.0,0.0,0.0,0.0,0.0,0.0,0.0,0.0,0.0,0.0,0.0,0.0,0.0,0.0,0.0,0.0,0.0,0.0,0.0,0.0,0.0,0.0,0.0,0.0,0.0,0.0,0.0,0.0,0.0,0.0,0.0,0.0,0.0,0.0,0.0,0.0,0.0,0.0,0.0,0.0,0.0,0.0,0.0,0.0,0.0,0.0,0.0,0.0,0.0,0.0,0.0,0.0,0.0,0.0,0.0,0.0,0.0,0.0,0.0,0.0,13.0,26.0,26.0,28.0,40.0,41.0,41.0,75.0,75.0,90.0,90.0,90.0,110.0,113.0,117.0,117.0,127.0,193.0,256.0,289.0,325.0,350.0,385.0,403.0,435.0,452.0,478.0,507.0,518.0,534.0,543.0,561.0
106,Tunisia,AF,0.0,0.0,0.0,0.0,0.0,0.0,0.0,0.0,0.0,0.0,0.0,0.0,0.0,0.0,0.0,0.0,0.0,0.0,0.0,0.0,0.0,0.0,0.0,0.0,0.0,0.0,0.0,0.0,0.0,0.0,0.0,0.0,0.0,0.0,0.0,0.0,0.0,0.0,0.0,0.0,0.0,0.0,0.0,0.0,0.0,0.0,0.0,0.0,0.0,0.0,0.0,0.0,0.0,0.0,0.0,0.0,0.0,0.0,0.0,0.0,1.0,1.0,1.0,2.0,2.0,2.0,2.0,2.0,3.0,3.0,5.0,5.0,5.0,5.0,5.0,5.0,25.0,25.0,25.0,25.0,43.0,43.0,43.0,43.0,43.0,43.0,43.0,43.0,43.0,148.0,148.0,190.0,190.0,194.0,207.0,216.0,279.0,279.0,294.0,305.0,316.0,323.0,328.0,406.0,482.0,591.0
107,Albania,EU,0.0,0.0,0.0,0.0,0.0,0.0,0.0,0.0,0.0,0.0,0.0,0.0,0.0,0.0,0.0,0.0,0.0,0.0,0.0,0.0,0.0,0.0,0.0,0.0,0.0,0.0,0.0,0.0,0.0,0.0,0.0,0.0,0.0,0.0,0.0,0.0,0.0,0.0,0.0,0.0,0.0,0.0,0.0,0.0,0.0,0.0,0.0,0.0,0.0,0.0,0.0,0.0,0.0,0.0,0.0,0.0,0.0,0.0,0.0,2.0,2.0,2.0,10.0,17.0,17.0,31.0,31.0,33.0,44.0,52.0,67.0,76.0,89.0,99.0,104.0,116.0,131.0,154.0,165.0,182.0,197.0,217.0,232.0,248.0,251.0,277.0,283.0,302.0,314.0,327.0,345.0,356.0,385.0,394.0,403.0,410.0,422.0,431.0,455.0,470.0,488.0,519.0,531.0,543.0,570.0,595.0
108,Guinea,AF,0.0,0.0,0.0,0.0,0.0,0.0,0.0,0.0,0.0,0.0,0.0,0.0,0.0,0.0,0.0,0.0,0.0,0.0,0.0,0.0,0.0,0.0,0.0,0.0,0.0,0.0,0.0,0.0,0.0,0.0,0.0,0.0,0.0,0.0,0.0,0.0,0.0,0.0,0.0,0.0,0.0,0.0,0.0,0.0,0.0,0.0,0.0,0.0,0.0,0.0,0.0,0.0,0.0,0.0,0.0,0.0,0.0,0.0,0.0,0.0,0.0,0.0,0.0,0.0,0.0,0.0,0.0,0.0,0.0,0.0,0.0,0.0,2.0,5.0,5.0,5.0,5.0,5.0,11.0,15.0,17.0,17.0,17.0,31.0,31.0,49.0,59.0,65.0,87.0,122.0,127.0,164.0,170.0,191.0,208.0,208.0,246.0,269.0,313.0,329.0,342.0,405.0,405.0,450.0,498.0,597.0
109,Kyrgyzstan,AS,0.0,0.0,0.0,0.0,0.0,0.0,0.0,0.0,0.0,0.0,0.0,0.0,0.0,0.0,0.0,0.0,0.0,0.0,0.0,0.0,0.0,0.0,0.0,0.0,0.0,0.0,0.0,0.0,0.0,0.0,0.0,0.0,0.0,0.0,0.0,0.0,0.0,0.0,0.0,0.0,0.0,0.0,0.0,0.0,0.0,0.0,0.0,0.0,0.0,0.0,0.0,0.0,0.0,0.0,0.0,0.0,0.0,0.0,0.0,0.0,0.0,0.0,0.0,0.0,0.0,0.0,0.0,0.0,3.0,3.0,3.0,5.0,6.0,9.0,9.0,33.0,33.0,33.0,35.0,35.0,44.0,54.0,67.0,71.0,78.0,91.0,114.0,130.0,133.0,201.0,216.0,254.0,302.0,345.0,345.0,370.0,395.0,416.0,437.0,462.0,504.0,527.0,564.0,575.0,600.0,614.0
110,Lithuania,EU,0.0,0.0,0.0,0.0,0.0,0.0,0.0,0.0,0.0,0.0,0.0,0.0,0.0,0.0,0.0,0.0,0.0,0.0,0.0,0.0,0.0,0.0,0.0,0.0,0.0,0.0,0.0,0.0,0.0,0.0,0.0,0.0,0.0,0.0,0.0,0.0,0.0,0.0,0.0,0.0,0.0,0.0,0.0,0.0,0.0,0.0,0.0,0.0,0.0,0.0,0.0,0.0,0.0,1.0,1.0,1.0,1.0,1.0,1.0,1.0,1.0,1.0,1.0,1.0,1.0,1.0,1.0,1.0,7.0,7.0,7.0,7.0,7.0,7.0,7.0,8.0,8.0,8.0,8.0,54.0,54.0,97.0,101.0,101.0,138.0,178.0,210.0,228.0,242.0,242.0,298.0,357.0,399.0,430.0,460.0,467.0,474.0,536.0,563.0,589.0,594.0,632.0,635.0,638.0,678.0,718.0
111,Cote d'Ivoire,AF,0.0,0.0,0.0,0.0,0.0,0.0,0.0,0.0,0.0,0.0,0.0,0.0,0.0,0.0,0.0,0.0,0.0,0.0,0.0,0.0,0.0,0.0,0.0,0.0,0.0,0.0,0.0,0.0,0.0,0.0,0.0,0.0,0.0,0.0,0.0,0.0,0.0,0.0,0.0,0.0,0.0,0.0,0.0,0.0,0.0,0.0,0.0,0.0,0.0,0.0,0.0,0.0,0.0,0.0,0.0,1.0,1.0,1.0,1.0,1.0,1.0,1.0,2.0,3.0,3.0,3.0,3.0,4.0,6.0,7.0,9.0,15.0,19.0,25.0,37.0,41.0,41.0,48.0,52.0,52.0,58.0,85.0,89.0,114.0,114.0,146.0,193.0,239.0,260.0,260.0,303.0,310.0,359.0,419.0,419.0,468.0,499.0,525.0,557.0,574.0,597.0,622.0,653.0,693.0,701.0,721.0
112,Djibouti,AF,0.0,0.0,0.0,0.0,0.0,0.0,0.0,0.0,0.0,0.0,0.0,0.0,0.0,0.0,0.0,0.0,0.0,0.0,0.0,0.0,0.0,0.0,0.0,0.0,0.0,0.0,0.0,0.0,0.0,0.0,0.0,0.0,0.0,0.0,0.0,0.0,0.0,0.0,0.0,0.0,0.0,0.0,0.0,0.0,0.0,0.0,0.0,0.0,0.0,0.0,0.0,0.0,0.0,0.0,0.0,0.0,0.0,0.0,0.0,0.0,0.0,0.0,0.0,0.0,0.0,0.0,0.0,0.0,0.0,0.0,0.0,0.0,8.0,8.0,9.0,9.0,9.0,25.0,25.0,36.0,36.0,36.0,41.0,53.0,71.0,73.0,76.0,76.0,102.0,102.0,112.0,183.0,252.0,330.0,373.0,411.0,477.0,498.0,599.0,642.0,672.0,686.0,686.0,713.0,745.0,755.0
113,Hungary,EU,0.0,0.0,0.0,0.0,0.0,0.0,0.0,0.0,0.0,0.0,0.0,0.0,0.0,0.0,0.0,0.0,0.0,0.0,0.0,0.0,0.0,0.0,0.0,0.0,0.0,0.0,0.0,0.0,0.0,0.0,0.0,0.0,0.0,0.0,0.0,0.0,0.0,0.0,0.0,0.0,0.0,0.0,0.0,0.0,0.0,0.0,0.0,0.0,0.0,0.0,0.0,0.0,1.0,1.0,1.0,2.0,2.0,2.0,2.0,7.0,16.0,16.0,21.0,21.0,28.0,34.0,34.0,34.0,34.0,37.0,40.0,42.0,43.0,58.0,66.0,67.0,71.0,94.0,96.0,112.0,115.0,118.0,120.0,122.0,192.0,199.0,207.0,231.0,250.0,267.0,287.0,295.0,390.0,458.0,458.0,485.0,498.0,516.0,536.0,581.0,609.0,625.0,629.0,630.0,709.0,759.0
114,Slovakia,EU,0.0,0.0,0.0,0.0,0.0,0.0,0.0,0.0,0.0,0.0,0.0,0.0,0.0,0.0,0.0,0.0,0.0,0.0,0.0,0.0,0.0,0.0,0.0,0.0,0.0,0.0,0.0,0.0,0.0,0.0,0.0,0.0,0.0,0.0,0.0,0.0,0.0,0.0,0.0,0.0,0.0,0.0,0.0,0.0,0.0,0.0,0.0,0.0,0.0,0.0,0.0,0.0,0.0,0.0,0.0,0.0,0.0,0.0,0.0,0.0,7.0,7.0,7.0,7.0,2.0,2.0,2.0,2.0,7.0,3.0,3.0,5.0,10.0,10.0,10.0,8.0,13.0,16.0,23.0,23.0,23.0,23.0,107.0,113.0,151.0,167.0,175.0,213.0,229.0,251.0,258.0,284.0,288.0,355.0,386.0,394.0,403.0,423.0,484.0,524.0,558.0,608.0,619.0,643.0,741.0,762.0
115,Panama,SA,0.0,0.0,0.0,0.0,0.0,0.0,0.0,0.0,0.0,0.0,0.0,0.0,0.0,0.0,0.0,0.0,0.0,0.0,0.0,0.0,0.0,0.0,0.0,0.0,0.0,0.0,0.0,0.0,0.0,0.0,0.0,0.0,0.0,0.0,0.0,0.0,0.0,0.0,0.0,0.0,0.0,0.0,0.0,0.0,0.0,0.0,0.0,0.0,0.0,0.0,0.0,0.0,0.0,0.0,0.0,0.0,0.0,0.0,0.0,0.0,0.0,0.0,1.0,1.0,2.0,2.0,2.0,4.0,4.0,9.0,9.0,9.0,10.0,13.0,13.0,13.0,14.0,16.0,16.0,16.0,17.0,23.0,29.0,61.0,72.0,75.0,98.0,122.0,140.0,165.0,204.0,231.0,271.0,319.0,338.0,338.0,455.0,455.0,527.0,576.0,622.0,641.0,641.0,641.0,823.0,859.0
116,Oman,AS,0.0,0.0,0.0,0.0,0.0,0.0,0.0,0.0,0.0,0.0,0.0,0.0,0.0,0.0,0.0,0.0,0.0,0.0,0.0,0.0,0.0,0.0,0.0,0.0,0.0,0.0,0.0,0.0,0.0,0.0,0.0,0.0,0.0,0.0,0.0,0.0,0.0,0.0,1.0,1.0,1.0,2.0,2.0,2.0,2.0,2.0,2.0,2.0,9.0,9.0,9.0,9.0,9.0,9.0,9.0,9.0,12.0,12.0,12.0,12.0,17.0,17.0,17.0,17.0,23.0,23.0,23.0,23.0,29.0,34.0,34.0,57.0,57.0,61.0,61.0,61.0,67.0,72.0,109.0,109.0,109.0,109.0,124.0,130.0,131.0,176.0,176.0,176.0,233.0,238.0,238.0,238.0,307.0,325.0,329.0,333.0,364.0,364.0,364.0,495.0,495.0,750.0,750.0,816.0,858.0,888.0
117,Bosnia and Herzegovina,EU,0.0,0.0,0.0,0.0,0.0,0.0,0.0,0.0,0.0,0.0,0.0,0.0,0.0,0.0,0.0,0.0,0.0,0.0,0.0,0.0,0.0,0.0,0.0,0.0,0.0,0.0,0.0,0.0,0.0,0.0,0.0,0.0,0.0,0.0,0.0,0.0,0.0,0.0,0.0,0.0,0.0,0.0,0.0,0.0,0.0,0.0,0.0,0.0,0.0,0.0,0.0,0.0,0.0,0.0,0.0,2.0,2.0,2.0,2.0,2.0,2.0,2.0,2.0,2.0,2.0,5.0,5.0,8.0,17.0,17.0,19.0,20.0,27.0,30.0,30.0,47.0,68.0,79.0,101.0,129.0,139.0,193.0,206.0,236.0,253.0,277.0,320.0,338.0,347.0,381.0,437.0,460.0,485.0,538.0,592.0,624.0,659.0,682.0,710.0,727.0,755.0,779.0,825.0,855.0,911.0,928.0
118,United Kingdom,EU,0.0,0.0,0.0,0.0,0.0,0.0,0.0,0.0,0.0,0.0,0.0,0.0,0.0,0.0,0.0,0.0,0.0,0.0,0.0,0.0,0.0,1.0,1.0,1.0,1.0,8.0,8.0,8.0,8.0,8.0,8.0,8.0,8.0,8.0,8.0,8.0,8.0,8.0,8.0,8.0,8.0,8.0,8.0,8.0,8.0,18.0,18.0,18.0,19.0,19.0,19.0,19.0,19.0,19.0,21.0,53.0,67.0,67.0,67.0,67.0,67.0,67.0,140.0,140.0,150.0,151.0,151.0,151.0,171.0,179.0,179.0,192.0,208.0,215.0,229.0,287.0,325.0,345.0,359.0,588.0,622.0,626.0,304.0,323.0,368.0,375.0,394.0,414.0,436.0,446.0,638.0,683.0,712.0,724.0,774.0,778.0,807.0,813.0,857.0,859.0,892.0,896.0,901.0,910.0,926.0,934.0
119,Cameroon,AF,0.0,0.0,0.0,0.0,0.0,0.0,0.0,0.0,0.0,0.0,0.0,0.0,0.0,0.0,0.0,0.0,0.0,0.0,0.0,0.0,0.0,0.0,0.0,0.0,0.0,0.0,0.0,0.0,0.0,0.0,0.0,0.0,0.0,0.0,0.0,0.0,0.0,0.0,0.0,0.0,0.0,0.0,0.0,0.0,0.0,0.0,0.0,0.0,0.0,0.0,0.0,0.0,0.0,0.0,0.0,0.0,0.0,0.0,0.0,0.0,0.0,0.0,0.0,2.0,2.0,2.0,2.0,5.0,5.0,5.0,10.0,10.0,17.0,17.0,17.0,17.0,43.0,60.0,60.0,98.0,98.0,98.0,98.0,130.0,165.0,164.0,164.0,177.0,305.0,305.0,329.0,397.0,668.0,668.0,697.0,786.0,805.0,915.0,934.0,934.0,934.0,953.0,953.0,953.0,953.0,1000.0
120,Cuba,SA,0.0,0.0,0.0,0.0,0.0,0.0,0.0,0.0,0.0,0.0,0.0,0.0,0.0,0.0,0.0,0.0,0.0,0.0,0.0,0.0,0.0,0.0,0.0,0.0,0.0,0.0,0.0,0.0,0.0,0.0,0.0,0.0,0.0,0.0,0.0,0.0,0.0,0.0,0.0,0.0,0.0,0.0,0.0,0.0,0.0,0.0,0.0,0.0,0.0,0.0,0.0,0.0,0.0,0.0,0.0,0.0,0.0,0.0,0.0,0.0,0.0,0.0,1.0,1.0,1.0,4.0,4.0,4.0,4.0,8.0,12.0,13.0,15.0,15.0,15.0,18.0,27.0,27.0,28.0,51.0,77.0,92.0,121.0,132.0,151.0,171.0,192.0,227.0,255.0,285.0,309.0,341.0,365.0,416.0,437.0,501.0,525.0,575.0,617.0,681.0,714.0,765.0,827.0,876.0,954.0,1001.0
121,North Macedonia,EU,0.0,0.0,0.0,0.0,0.0,0.0,0.0,0.0,0.0,0.0,0.0,0.0,0.0,0.0,0.0,0.0,0.0,0.0,0.0,0.0,0.0,0.0,0.0,0.0,0.0,0.0,0.0,0.0,0.0,0.0,0.0,0.0,0.0,0.0,0.0,0.0,0.0,0.0,0.0,0.0,0.0,0.0,0.0,0.0,0.0,0.0,0.0,0.0,0.0,0.0,0.0,1.0,1.0,1.0,1.0,1.0,1.0,1.0,1.0,1.0,1.0,1.0,1.0,1.0,3.0,3.0,3.0,3.0,12.0,12.0,17.0,17.0,20.0,20.0,23.0,30.0,30.0,35.0,37.0,41.0,41.0,41.0,44.0,86.0,98.0,121.0,139.0,164.0,179.0,200.0,224.0,272.0,301.0,337.0,374.0,500.0,553.0,589.0,627.0,738.0,807.0,852.0,945.0,992.0,1013.0,1057.0
122,Armenia,AS,0.0,0.0,0.0,0.0,0.0,0.0,0.0,0.0,0.0,0.0,0.0,0.0,0.0,0.0,0.0,0.0,0.0,0.0,0.0,0.0,0.0,0.0,0.0,0.0,0.0,0.0,0.0,0.0,0.0,0.0,0.0,0.0,0.0,0.0,0.0,0.0,0.0,0.0,0.0,0.0,0.0,0.0,0.0,0.0,0.0,0.0,0.0,0.0,0.0,0.0,0.0,0.0,0.0,0.0,0.0,1.0,1.0,1.0,1.0,1.0,2.0,2.0,14.0,16.0,18.0,28.0,30.0,30.0,30.0,30.0,31.0,33.0,43.0,43.0,57.0,62.0,87.0,114.0,138.0,149.0,173.0,197.0,211.0,265.0,297.0,358.0,402.0,523.0,545.0,580.0,609.0,633.0,659.0,728.0,803.0,833.0,848.0,866.0,900.0,929.0,977.0,1010.0,1035.0,1071.0,1111.0,1135.0
123,New Zealand,AU,0.0,0.0,0.0,0.0,0.0,0.0,0.0,0.0,0.0,0.0,0.0,0.0,0.0,0.0,0.0,0.0,0.0,0.0,0.0,0.0,0.0,0.0,0.0,0.0,0.0,0.0,0.0,0.0,0.0,0.0,0.0,0.0,0.0,0.0,0.0,0.0,0.0,0.0,0.0,0.0,0.0,0.0,0.0,0.0,0.0,0.0,0.0,0.0,0.0,0.0,0.0,0.0,0.0,0.0,0.0,0.0,0.0,0.0,0.0,0.0,0.0,0.0,12.0,22.0,27.0,37.0,50.0,56.0,63.0,74.0,83.0,92.0,103.0,127.0,156.0,176.0,241.0,282.0,317.0,373.0,422.0,471.0,546.0,628.0,728.0,770.0,816.0,867.0,912.0,974.0,1006.0,1036.0,1095.0,1118.0,1142.0,1180.0,1214.0,1229.0,1241.0,1252.0,1263.0,1266.0,1276.0,1302.0,1316.0,1332.0
124,Greece,EU,0.0,0.0,0.0,0.0,0.0,0.0,0.0,0.0,0.0,0.0,0.0,0.0,0.0,0.0,0.0,0.0,0.0,0.0,0.0,0.0,0.0,0.0,0.0,0.0,0.0,0.0,0.0,0.0,0.0,0.0,0.0,0.0,0.0,0.0,0.0,0.0,0.0,0.0,0.0,0.0,0.0,0.0,0.0,0.0,0.0,0.0,0.0,0.0,0.0,0.0,0.0,0.0,8.0,8.0,8.0,8.0,8.0,8.0,19.0,19.0,19.0,19.0,29.0,36.0,36.0,52.0,52.0,52.0,52.0,52.0,52.0,61.0,78.0,78.0,78.0,269.0,269.0,269.0,269.0,269.0,269.0,269.0,269.0,269.0,269.0,269.0,269.0,269.0,269.0,269.0,577.0,577.0,577.0,577.0,577.0,577.0,577.0,577.0,577.0,1374.0,1374.0,1374.0,1374.0,1374.0,1374.0,1374.0
125,Bangladesh,AS,0.0,0.0,0.0,0.0,0.0,0.0,0.0,0.0,0.0,0.0,0.0,0.0,0.0,0.0,0.0,0.0,0.0,0.0,0.0,0.0,0.0,0.0,0.0,0.0,0.0,0.0,0.0,0.0,0.0,0.0,0.0,0.0,0.0,0.0,0.0,0.0,0.0,0.0,0.0,0.0,0.0,0.0,0.0,0.0,0.0,0.0,0.0,0.0,0.0,0.0,0.0,0.0,0.0,0.0,2.0,3.0,3.0,3.0,3.0,3.0,3.0,3.0,5.0,7.0,11.0,11.0,15.0,15.0,19.0,25.0,25.0,25.0,26.0,30.0,33.0,33.0,33.0,33.0,33.0,33.0,36.0,39.0,42.0,42.0,49.0,49.0,58.0,66.0,75.0,85.0,87.0,92.0,108.0,112.0,113.0,122.0,131.0,139.0,150.0,160.0,174.0,177.0,1063.0,1209.0,1403.0,1403.0
126,Kazakhstan,AS,0.0,0.0,0.0,0.0,0.0,0.0,0.0,0.0,0.0,0.0,0.0,0.0,0.0,0.0,0.0,0.0,0.0,0.0,0.0,0.0,0.0,0.0,0.0,0.0,0.0,0.0,0.0,0.0,0.0,0.0,0.0,0.0,0.0,0.0,0.0,0.0,0.0,0.0,0.0,0.0,0.0,0.0,0.0,0.0,0.0,0.0,0.0,0.0,0.0,0.0,0.0,0.0,0.0,0.0,0.0,0.0,0.0,0.0,0.0,0.0,0.0,0.0,0.0,0.0,2.0,3.0,16.0,20.0,21.0,24.0,26.0,27.0,29.0,36.0,42.0,46.0,51.0,54.0,60.0,64.0,81.0,99.0,138.0,203.0,240.0,277.0,347.0,377.0,400.0,447.0,489.0,515.0,560.0,604.0,646.0,682.0,720.0,774.0,819.0,866.0,922.0,985.0,1084.0,1173.0,1279.0,1408.0
127,Philippines,AS,0.0,0.0,0.0,0.0,0.0,0.0,0.0,0.0,0.0,0.0,0.0,0.0,0.0,0.0,0.0,0.0,0.0,0.0,0.0,0.0,0.0,1.0,1.0,1.0,1.0,1.0,1.0,1.0,1.0,1.0,1.0,1.0,1.0,1.0,1.0,1.0,1.0,1.0,1.0,1.0,1.0,1.0,1.0,1.0,1.0,1.0,1.0,1.0,2.0,2.0,2.0,2.0,2.0,2.0,2.0,5.0,5.0,8.0,8.0,13.0,17.0,17.0,20.0,26.0,28.0,31.0,35.0,42.0,42.0,49.0,50.0,51.0,52.0,57.0,64.0,73.0,84.0,96.0,124.0,140.0,157.0,197.0,242.0,295.0,353.0,435.0,487.0,516.0,572.0,613.0,654.0,693.0,722.0,762.0,792.0,862.0,932.0,975.0,1023.0,1043.0,1084.0,1124.0,1214.0,1315.0,1408.0,1506.0
128,Argentina,SA,0.0,0.0,0.0,0.0,0.0,0.0,0.0,0.0,0.0,0.0,0.0,0.0,0.0,0.0,0.0,0.0,0.0,0.0,0.0,0.0,0.0,0.0,0.0,0.0,0.0,0.0,0.0,0.0,0.0,0.0,0.0,0.0,0.0,0.0,0.0,0.0,0.0,0.0,0.0,0.0,0.0,0.0,0.0,0.0,0.0,0.0,0.0,0.0,0.0,0.0,0.0,0.0,1.0,1.0,1.0,3.0,3.0,3.0,3.0,3.0,3.0,3.0,52.0,52.0,63.0,72.0,72.0,72.0,228.0,240.0,248.0,256.0,266.0,279.0,280.0,325.0,338.0,358.0,365.0,375.0,440.0,468.0,515.0,559.0,596.0,631.0,666.0,685.0,709.0,737.0,840.0,872.0,919.0,976.0,1030.0,1107.0,1140.0,1162.0,1192.0,1256.0,1292.0,1320.0,1354.0,1442.0,1472.0,1524.0
129,Azerbaijan,AS,0.0,0.0,0.0,0.0,0.0,0.0,0.0,0.0,0.0,0.0,0.0,0.0,0.0,0.0,0.0,0.0,0.0,0.0,0.0,0.0,0.0,0.0,0.0,0.0,0.0,0.0,0.0,0.0,0.0,0.0,0.0,0.0,0.0,0.0,0.0,0.0,0.0,0.0,0.0,0.0,0.0,0.0,0.0,0.0,0.0,0.0,0.0,0.0,0.0,3.0,3.0,3.0,3.0,6.0,6.0,6.0,6.0,6.0,6.0,11.0,10.0,10.0,10.0,10.0,15.0,15.0,15.0,15.0,26.0,26.0,26.0,26.0,32.0,32.0,32.0,44.0,44.0,63.0,101.0,159.0,200.0,250.0,289.0,351.0,404.0,460.0,528.0,590.0,712.0,791.0,865.0,907.0,948.0,1013.0,1080.0,1139.0,1162.0,1221.0,1267.0,1325.0,1365.0,1411.0,1441.0,1480.0,1508.0,1536.0
130,Uzbekistan,AS,0.0,0.0,0.0,0.0,0.0,0.0,0.0,0.0,0.0,0.0,0.0,0.0,0.0,0.0,0.0,0.0,0.0,0.0,0.0,0.0,0.0,0.0,0.0,0.0,0.0,0.0,0.0,0.0,0.0,0.0,0.0,0.0,0.0,0.0,0.0,0.0,0.0,0.0,0.0,0.0,0.0,0.0,0.0,0.0,0.0,0.0,0.0,0.0,0.0,0.0,0.0,0.0,0.0,0.0,0.0,0.0,0.0,0.0,0.0,0.0,0.0,0.0,0.0,0.0,0.0,5.0,5.0,7.0,7.0,7.0,12.0,25.0,25.0,25.0,30.0,30.0,30.0,30.0,38.0,42.0,42.0,66.0,85.0,99.0,107.0,129.0,156.0,194.0,225.0,261.0,357.0,450.0,561.0,621.0,707.0,789.0,892.0,992.0,1096.0,1133.0,1212.0,1271.0,1319.0,1405.0,1501.0,1577.0
131,Croatia,EU,0.0,0.0,0.0,0.0,0.0,0.0,0.0,0.0,0.0,0.0,0.0,0.0,0.0,0.0,0.0,0.0,0.0,0.0,0.0,0.0,0.0,0.0,0.0,0.0,0.0,0.0,0.0,0.0,0.0,0.0,0.0,0.0,0.0,0.0,0.0,0.0,0.0,0.0,0.0,0.0,0.0,0.0,0.0,0.0,0.0,0.0,0.0,0.0,0.0,0.0,0.0,1.0,1.0,1.0,2.0,4.0,4.0,5.0,5.0,5.0,5.0,5.0,5.0,22.0,22.0,37.0,45.0,52.0,67.0,67.0,73.0,88.0,92.0,119.0,125.0,130.0,167.0,179.0,219.0,231.0,323.0,373.0,400.0,415.0,473.0,529.0,600.0,615.0,709.0,771.0,801.0,869.0,883.0,982.0,1034.0,1103.0,1166.0,1232.0,1288.0,1348.0,1421.0,1463.0,1489.0,1522.0,1560.0,1601.0
132,Iraq,AS,0.0,0.0,0.0,0.0,0.0,0.0,0.0,0.0,0.0,0.0,0.0,0.0,0.0,0.0,0.0,0.0,0.0,0.0,0.0,0.0,0.0,0.0,0.0,0.0,0.0,0.0,0.0,0.0,0.0,0.0,0.0,0.0,0.0,0.0,0.0,0.0,0.0,0.0,0.0,0.0,0.0,0.0,0.0,0.0,0.0,0.0,0.0,3.0,3.0,15.0,15.0,24.0,26.0,26.0,26.0,32.0,43.0,43.0,49.0,51.0,57.0,57.0,75.0,103.0,105.0,122.0,131.0,143.0,152.0,170.0,182.0,202.0,226.0,259.0,279.0,344.0,373.0,452.0,496.0,550.0,601.0,640.0,717.0,766.0,812.0,856.0,906.0,953.0,1009.0,1043.0,1096.0,1146.0,1171.0,1204.0,1224.0,1263.0,1286.0,1319.0,1346.0,1375.0,1414.0,1473.0,1490.0,1544.0,1571.0,1602.0
133,Singapore,AS,0.0,0.0,0.0,0.0,0.0,0.0,0.0,0.0,0.0,0.0,0.0,0.0,0.0,0.0,0.0,0.0,0.0,2.0,2.0,2.0,9.0,15.0,15.0,17.0,18.0,18.0,24.0,29.0,34.0,34.0,37.0,37.0,51.0,51.0,53.0,62.0,62.0,62.0,72.0,72.0,78.0,78.0,78.0,78.0,78.0,78.0,78.0,78.0,78.0,96.0,96.0,97.0,105.0,105.0,109.0,114.0,114.0,114.0,124.0,140.0,144.0,144.0,156.0,160.0,172.0,183.0,198.0,212.0,228.0,240.0,245.0,266.0,282.0,297.0,320.0,344.0,377.0,406.0,460.0,492.0,528.0,560.0,586.0,611.0,652.0,683.0,708.0,740.0,768.0,801.0,839.0,896.0,924.0,956.0,1002.0,1060.0,1095.0,1128.0,1188.0,1244.0,1268.0,1347.0,1408.0,1457.0,1519.0,1634.0
134,Moldova,EU,0.0,0.0,0.0,0.0,0.0,0.0,0.0,0.0,0.0,0.0,0.0,0.0,0.0,0.0,0.0,0.0,0.0,0.0,0.0,0.0,0.0,0.0,0.0,0.0,0.0,0.0,0.0,0.0,0.0,0.0,0.0,0.0,0.0,0.0,0.0,0.0,0.0,0.0,0.0,0.0,0.0,0.0,0.0,0.0,0.0,0.0,0.0,0.0,0.0,0.0,0.0,0.0,0.0,0.0,0.0,1.0,1.0,1.0,1.0,1.0,1.0,1.0,2.0,2.0,2.0,2.0,2.0,2.0,15.0,18.0,23.0,23.0,26.0,29.0,30.0,37.0,40.0,40.0,50.0,56.0,75.0,94.0,107.0,134.0,171.0,235.0,276.0,391.0,457.0,457.0,505.0,560.0,661.0,755.0,825.0,895.0,925.0,975.0,1114.0,1182.0,1272.0,1334.0,1382.0,1423.0,1544.0,1658.0
135,Iceland,EU,0.0,0.0,0.0,0.0,0.0,0.0,0.0,0.0,0.0,0.0,0.0,0.0,0.0,0.0,0.0,0.0,0.0,0.0,0.0,0.0,0.0,0.0,0.0,0.0,0.0,0.0,0.0,0.0,0.0,0.0,0.0,0.0,0.0,0.0,0.0,0.0,0.0,0.0,0.0,0.0,0.0,0.0,0.0,0.0,0.0,0.0,0.0,0.0,1.0,1.0,1.0,1.0,1.0,8.0,0.0,0.0,5.0,5.0,5.0,22.0,36.0,36.0,51.0,56.0,82.0,97.0,114.0,135.0,157.0,198.0,225.0,284.0,309.0,396.0,428.0,460.0,559.0,633.0,688.0,751.0,841.0,889.0,933.0,989.0,1077.0,1144.0,1224.0,1291.0,1291.0,1362.0,1417.0,1462.0,1509.0,1542.0,1570.0,1608.0,1624.0,1636.0,1656.0,1670.0,1689.0,1706.0,1717.0,1723.0,1733.0,1750.0
136,Egypt,AF,0.0,0.0,0.0,0.0,0.0,0.0,0.0,0.0,0.0,0.0,0.0,0.0,0.0,0.0,0.0,0.0,0.0,0.0,0.0,0.0,0.0,0.0,0.0,0.0,0.0,0.0,0.0,0.0,0.0,0.0,0.0,0.0,0.0,0.0,0.0,0.0,0.0,1.0,1.0,1.0,1.0,1.0,1.0,1.0,1.0,1.0,1.0,1.0,1.0,27.0,27.0,27.0,27.0,21.0,27.0,32.0,32.0,32.0,39.0,41.0,56.0,56.0,80.0,95.0,102.0,116.0,121.0,132.0,150.0,157.0,179.0,201.0,216.0,241.0,247.0,259.0,276.0,305.0,348.0,384.0,426.0,589.0,589.0,589.0,589.0,596.0,646.0,701.0,732.0,821.0,870.0,935.0,1004.0,1075.0,1114.0,1176.0,1236.0,1304.0,1335.0,1381.0,1460.0,1522.0,1562.0,1632.0,1730.0,1815.0
137,Bahrain,AS,0.0,0.0,0.0,0.0,0.0,0.0,0.0,0.0,0.0,0.0,0.0,0.0,0.0,0.0,0.0,0.0,0.0,0.0,0.0,0.0,0.0,0.0,0.0,0.0,0.0,0.0,0.0,0.0,0.0,0.0,0.0,0.0,0.0,0.0,0.0,0.0,0.0,0.0,0.0,0.0,0.0,0.0,0.0,0.0,4.0,4.0,4.0,14.0,22.0,35.0,35.0,44.0,44.0,60.0,77.0,81.0,88.0,100.0,100.0,125.0,149.0,149.0,177.0,177.0,204.0,227.0,265.0,272.0,279.0,295.0,337.0,381.0,382.0,423.0,431.0,458.0,458.0,477.0,519.0,539.0,555.0,558.0,591.0,645.0,663.0,703.0,725.0,755.0,759.0,769.0,784.0,1026.0,1082.0,1113.0,1160.0,1189.0,1218.0,1310.0,1455.0,1500.0,1555.0,1568.0,1718.0,1744.0,1762.0,1860.0
138,Dominican Republic,SA,0.0,0.0,0.0,0.0,0.0,0.0,0.0,0.0,0.0,0.0,0.0,0.0,0.0,0.0,0.0,0.0,0.0,0.0,0.0,0.0,0.0,0.0,0.0,0.0,0.0,0.0,0.0,0.0,0.0,0.0,0.0,0.0,0.0,0.0,0.0,0.0,0.0,0.0,0.0,0.0,0.0,0.0,0.0,0.0,0.0,0.0,0.0,0.0,0.0,0.0,0.0,0.0,0.0,0.0,0.0,0.0,0.0,0.0,0.0,0.0,0.0,0.0,3.0,3.0,3.0,3.0,3.0,3.0,4.0,5.0,9.0,16.0,16.0,16.0,17.0,33.0,36.0,50.0,80.0,98.0,108.0,131.0,152.0,162.0,208.0,215.0,268.0,312.0,363.0,416.0,463.0,581.0,581.0,763.0,822.0,910.0,993.0,1165.0,1228.0,1301.0,1387.0,1481.0,1606.0,1771.0,1905.0,1960.0
139,Serbia,EU,0.0,0.0,0.0,0.0,0.0,0.0,0.0,0.0,0.0,0.0,0.0,0.0,0.0,0.0,0.0,0.0,0.0,0.0,0.0,0.0,0.0,0.0,0.0,0.0,0.0,0.0,0.0,0.0,0.0,0.0,0.0,0.0,0.0,0.0,0.0,0.0,0.0,0.0,0.0,0.0,0.0,0.0,0.0,0.0,0.0,0.0,0.0,0.0,0.0,0.0,0.0,0.0,0.0,0.0,1.0,1.0,1.0,1.0,1.0,1.0,1.0,1.0,15.0,15.0,0.0,0.0,0.0,0.0,0.0,0.0,0.0,0.0,0.0,0.0,0.0,0.0,0.0,0.0,0.0,0.0,0.0,0.0,0.0,0.0,0.0,0.0,534.0,637.0,753.0,870.0,977.0,1025.0,1067.0,1094.0,1152.0,1182.0,1209.0,1260.0,1292.0,1343.0,1343.0,1426.0,1551.0,1574.0,1723.0,1971.0
140,Morocco,AF,0.0,0.0,0.0,0.0,0.0,0.0,0.0,0.0,0.0,0.0,0.0,0.0,0.0,0.0,0.0,0.0,0.0,0.0,0.0,0.0,0.0,0.0,0.0,0.0,0.0,0.0,0.0,0.0,0.0,0.0,0.0,0.0,0.0,0.0,0.0,0.0,0.0,0.0,0.0,0.0,0.0,0.0,0.0,0.0,0.0,0.0,0.0,0.0,0.0,0.0,0.0,1.0,1.0,1.0,1.0,1.0,1.0,1.0,1.0,3.0,3.0,3.0,6.0,7.0,8.0,11.0,11.0,13.0,15.0,24.0,29.0,31.0,57.0,66.0,76.0,81.0,93.0,97.0,109.0,122.0,146.0,177.0,203.0,217.0,229.0,249.0,281.0,314.0,327.0,350.0,393.0,417.0,456.0,486.0,537.0,593.0,695.0,778.0,928.0,984.0,1083.0,1256.0,1438.0,1653.0,1838.0,2017.0
141,Qatar,AS,0.0,0.0,0.0,0.0,0.0,0.0,0.0,0.0,0.0,0.0,0.0,0.0,0.0,0.0,0.0,0.0,0.0,0.0,0.0,0.0,0.0,0.0,0.0,0.0,0.0,0.0,0.0,0.0,0.0,0.0,0.0,0.0,0.0,0.0,0.0,0.0,0.0,0.0,0.0,0.0,0.0,0.0,0.0,0.0,0.0,0.0,0.0,0.0,0.0,0.0,0.0,0.0,4.0,4.0,4.0,4.0,4.0,4.0,10.0,27.0,33.0,33.0,41.0,41.0,43.0,43.0,45.0,48.0,51.0,62.0,71.0,72.0,93.0,109.0,123.0,131.0,150.0,178.0,206.0,227.0,247.0,275.0,334.0,373.0,406.0,415.0,464.0,510.0,518.0,555.0,614.0,689.0,750.0,809.0,929.0,1012.0,1066.0,1134.0,1243.0,1372.0,1436.0,1534.0,1664.0,1810.0,1924.0,2070.0
142,Portugal,EU,0.0,0.0,0.0,0.0,0.0,0.0,0.0,0.0,0.0,0.0,0.0,0.0,0.0,0.0,0.0,0.0,0.0,0.0,0.0,0.0,0.0,0.0,0.0,0.0,0.0,0.0,0.0,0.0,0.0,0.0,0.0,0.0,0.0,0.0,0.0,0.0,0.0,0.0,0.0,0.0,0.0,0.0,0.0,0.0,0.0,0.0,0.0,0.0,0.0,0.0,0.0,1.0,2.0,2.0,3.0,3.0,3.0,3.0,5.0,5.0,5.0,5.0,22.0,22.0,43.0,43.0,43.0,43.0,43.0,43.0,43.0,68.0,68.0,75.0,75.0,140.0,184.0,196.0,205.0,233.0,266.0,277.0,277.0,347.0,383.0,493.0,519.0,610.0,610.0,610.0,917.0,1143.0,1201.0,1228.0,1277.0,1329.0,1357.0,1389.0,1470.0,1519.0,1647.0,1671.0,1689.0,1712.0,1743.0,2076.0
143,Ukraine,EU,0.0,0.0,0.0,0.0,0.0,0.0,0.0,0.0,0.0,0.0,0.0,0.0,0.0,0.0,0.0,0.0,0.0,0.0,0.0,0.0,0.0,0.0,0.0,0.0,0.0,0.0,0.0,0.0,0.0,0.0,0.0,0.0,0.0,0.0,0.0,0.0,0.0,0.0,0.0,0.0,0.0,0.0,0.0,0.0,0.0,0.0,0.0,0.0,0.0,0.0,0.0,0.0,0.0,0.0,0.0,0.0,0.0,0.0,0.0,1.0,1.0,1.0,1.0,1.0,1.0,5.0,5.0,6.0,8.0,10.0,13.0,19.0,22.0,25.0,28.0,28.0,28.0,35.0,45.0,61.0,79.0,89.0,97.0,119.0,143.0,186.0,246.0,275.0,347.0,359.0,367.0,424.0,504.0,782.0,782.0,840.0,864.0,992.0,1103.0,1238.0,1413.0,1498.0,1548.0,1619.0,1875.0,2097.0
144,Colombia,SA,0.0,0.0,0.0,0.0,0.0,0.0,0.0,0.0,0.0,0.0,0.0,0.0,0.0,0.0,0.0,0.0,0.0,0.0,0.0,0.0,0.0,0.0,0.0,0.0,0.0,0.0,0.0,0.0,0.0,0.0,0.0,0.0,0.0,0.0,0.0,0.0,0.0,0.0,0.0,0.0,0.0,0.0,0.0,0.0,0.0,0.0,0.0,0.0,0.0,0.0,0.0,0.0,0.0,0.0,0.0,1.0,1.0,1.0,1.0,1.0,3.0,3.0,6.0,8.0,8.0,10.0,10.0,10.0,15.0,31.0,39.0,55.0,55.0,85.0,88.0,88.0,100.0,123.0,174.0,197.0,214.0,270.0,319.0,354.0,452.0,550.0,634.0,634.0,711.0,804.0,804.0,870.0,927.0,1003.0,1067.0,1133.0,1210.0,1268.0,1411.0,1439.0,1551.0,1666.0,1722.0,1807.0,2013.0,2148.0
145,Algeria,AF,0.0,0.0,0.0,0.0,0.0,0.0,0.0,0.0,0.0,0.0,0.0,0.0,0.0,0.0,0.0,0.0,0.0,0.0,0.0,0.0,0.0,0.0,0.0,0.0,0.0,0.0,0.0,0.0,0.0,0.0,0.0,0.0,0.0,0.0,0.0,0.0,0.0,0.0,0.0,0.0,0.0,0.0,0.0,0.0,0.0,0.0,0.0,0.0,0.0,0.0,8.0,8.0,12.0,12.0,12.0,12.0,12.0,32.0,32.0,32.0,65.0,65.0,24.0,65.0,29.0,29.0,31.0,31.0,37.0,46.0,61.0,61.0,62.0,90.0,90.0,90.0,113.0,237.0,347.0,405.0,460.0,591.0,601.0,691.0,708.0,783.0,846.0,894.0,1047.0,1099.0,1152.0,1204.0,1355.0,1408.0,1479.0,1508.0,1558.0,1651.0,1702.0,1779.0,1821.0,1872.0,1936.0,1998.0,2067.0,2197.0
146,Kuwait,AS,0.0,0.0,0.0,0.0,0.0,0.0,0.0,0.0,0.0,0.0,0.0,0.0,0.0,0.0,0.0,0.0,0.0,0.0,0.0,0.0,0.0,0.0,0.0,0.0,0.0,0.0,0.0,0.0,0.0,0.0,0.0,0.0,0.0,0.0,0.0,0.0,0.0,0.0,0.0,0.0,0.0,0.0,0.0,0.0,0.0,0.0,1.0,1.0,1.0,2.0,5.0,5.0,5.0,5.0,9.0,9.0,15.0,18.0,18.0,27.0,27.0,27.0,39.0,43.0,49.0,57.0,64.0,67.0,72.0,73.0,80.0,81.0,82.0,93.0,99.0,103.0,105.0,111.0,111.0,123.0,133.0,142.0,150.0,176.0,206.0,225.0,258.0,280.0,305.0,367.0,412.0,443.0,498.0,613.0,656.0,806.0,1012.0,1176.0,1389.0,1539.0,1602.0,1703.0,1776.0,1947.0,2032.0,2219.0
147,Indonesia,AS,0.0,0.0,0.0,0.0,0.0,0.0,0.0,0.0,0.0,0.0,0.0,0.0,0.0,0.0,0.0,0.0,0.0,0.0,0.0,0.0,0.0,0.0,0.0,0.0,0.0,0.0,0.0,0.0,0.0,0.0,0.0,0.0,0.0,0.0,0.0,0.0,0.0,0.0,0.0,0.0,0.0,0.0,0.0,0.0,0.0,0.0,0.0,0.0,2.0,2.0,2.0,2.0,8.0,8.0,8.0,8.0,11.0,11.0,15.0,15.0,29.0,29.0,30.0,31.0,35.0,46.0,59.0,64.0,75.0,81.0,103.0,112.0,134.0,150.0,164.0,192.0,204.0,222.0,252.0,282.0,286.0,359.0,380.0,426.0,446.0,548.0,607.0,631.0,686.0,747.0,842.0,913.0,960.0,1002.0,1042.0,1107.0,1151.0,1254.0,1391.0,1522.0,1591.0,1665.0,1876.0,1954.0,2197.0,2317.0
148,Thailand,AS,0.0,0.0,0.0,0.0,2.0,2.0,5.0,5.0,5.0,5.0,5.0,5.0,5.0,5.0,5.0,5.0,5.0,10.0,10.0,10.0,10.0,10.0,12.0,12.0,12.0,14.0,15.0,15.0,15.0,15.0,17.0,17.0,21.0,21.0,22.0,22.0,22.0,28.0,28.0,28.0,31.0,31.0,31.0,31.0,31.0,31.0,31.0,31.0,33.0,34.0,34.0,35.0,35.0,35.0,35.0,41.0,42.0,42.0,42.0,42.0,44.0,44.0,52.0,70.0,88.0,97.0,97.0,97.0,229.0,342.0,505.0,505.0,612.0,674.0,793.0,793.0,888.0,888.0,940.0,1013.0,1135.0,1218.0,1288.0,1405.0,1497.0,1593.0,1689.0,1787.0,1928.0,1999.0,2108.0,2352.0,2430.0,2547.0,2547.0,2594.0,2609.0,2652.0,2665.0,2684.0,2719.0,2732.0,2739.0,2740.0,2747.0,2761.0
149,South Africa,AF,0.0,0.0,0.0,0.0,0.0,0.0,0.0,0.0,0.0,0.0,0.0,0.0,0.0,0.0,0.0,0.0,0.0,0.0,0.0,0.0,0.0,0.0,0.0,0.0,0.0,0.0,0.0,0.0,0.0,0.0,0.0,0.0,0.0,0.0,0.0,0.0,0.0,0.0,0.0,0.0,0.0,0.0,0.0,0.0,0.0,0.0,0.0,0.0,0.0,0.0,0.0,0.0,0.0,0.0,0.0,0.0,0.0,0.0,0.0,0.0,0.0,0.0,4.0,12.0,12.0,31.0,31.0,31.0,31.0,31.0,50.0,50.0,95.0,95.0,95.0,95.0,95.0,95.0,95.0,410.0,410.0,410.0,410.0,410.0,410.0,903.0,903.0,903.0,903.0,1055.0,1055.0,1055.0,1473.0,1473.0,1473.0,1473.0,1473.0,2073.0,2073.0,2073.0,2382.0,2549.0,2549.0,2746.0,2746.0,3153.0
150,United Arab Emirates,AS,0.0,0.0,0.0,0.0,0.0,0.0,0.0,0.0,0.0,0.0,0.0,0.0,0.0,0.0,0.0,0.0,0.0,0.0,0.0,0.0,0.0,1.0,1.0,1.0,3.0,4.0,4.0,4.0,4.0,4.0,4.0,4.0,4.0,4.0,4.0,4.0,4.0,5.0,5.0,5.0,5.0,5.0,5.0,5.0,5.0,7.0,7.0,7.0,12.0,17.0,17.0,17.0,17.0,23.0,23.0,23.0,26.0,31.0,31.0,38.0,38.0,38.0,45.0,52.0,52.0,52.0,52.0,58.0,61.0,61.0,61.0,96.0,108.0,125.0,144.0,167.0,186.0,239.0,268.0,418.0,588.0,680.0,852.0,933.0,1034.0,1095.0,1188.0,1188.0,1286.0,1360.0,1443.0,1546.0,1637.0,1760.0,1887.0,1978.0,2090.0,2181.0,2329.0,2429.0,2543.0,2664.0,2763.0,2966.0,3153.0,3359.0
151,Ecuador,SA,0.0,0.0,0.0,0.0,0.0,0.0,0.0,0.0,0.0,0.0,0.0,0.0,0.0,0.0,0.0,0.0,0.0,0.0,0.0,0.0,0.0,0.0,0.0,0.0,0.0,0.0,0.0,0.0,0.0,0.0,0.0,0.0,0.0,0.0,0.0,0.0,0.0,0.0,0.0,0.0,0.0,0.0,0.0,0.0,0.0,0.0,0.0,0.0,0.0,0.0,0.0,0.0,0.0,0.0,0.0,0.0,0.0,0.0,0.0,3.0,3.0,3.0,3.0,3.0,3.0,3.0,3.0,3.0,3.0,54.0,58.0,65.0,65.0,100.0,100.0,100.0,100.0,140.0,339.0,368.0,411.0,501.0,597.0,696.0,780.0,838.0,838.0,1008.0,1061.0,1150.0,1207.0,1262.0,1328.0,1366.0,1366.0,1366.0,1557.0,1557.0,1557.0,1558.0,1913.0,2132.0,3300.0,3433.0,3433.0,3433.0
152,Luxembourg,EU,0.0,0.0,0.0,0.0,0.0,0.0,0.0,0.0,0.0,0.0,0.0,0.0,0.0,0.0,0.0,0.0,0.0,0.0,0.0,0.0,0.0,0.0,0.0,0.0,0.0,0.0,0.0,0.0,0.0,0.0,0.0,0.0,0.0,0.0,0.0,0.0,0.0,0.0,0.0,0.0,0.0,0.0,0.0,0.0,0.0,0.0,0.0,0.0,0.0,0.0,0.0,0.0,0.0,0.0,0.0,0.0,0.0,0.0,0.0,0.0,6.0,6.0,6.0,6.0,6.0,40.0,40.0,40.0,40.0,80.0,80.0,80.0,500.0,500.0,500.0,500.0,500.0,500.0,500.0,500.0,500.0,500.0,500.0,500.0,526.0,552.0,579.0,601.0,627.0,637.0,670.0,711.0,728.0,3007.0,3088.0,3104.0,3123.0,3123.0,3134.0,3213.0,3213.0,3318.0,3379.0,3405.0,3412.0,3452.0
153,Finland,EU,0.0,0.0,0.0,0.0,0.0,0.0,0.0,0.0,0.0,0.0,0.0,0.0,0.0,0.0,0.0,0.0,0.0,0.0,0.0,0.0,0.0,1.0,1.0,1.0,1.0,1.0,1.0,1.0,1.0,1.0,1.0,1.0,1.0,1.0,1.0,1.0,1.0,1.0,1.0,1.0,1.0,1.0,1.0,1.0,1.0,1.0,1.0,1.0,1.0,1.0,1.0,1.0,1.0,10.0,10.0,10.0,10.0,10.0,10.0,10.0,10.0,10.0,10.0,10.0,10.0,10.0,10.0,10.0,10.0,10.0,10.0,300.0,300.0,300.0,300.0,300.0,300.0,300.0,300.0,300.0,300.0,300.0,300.0,300.0,300.0,1700.0,1700.0,1700.0,1700.0,2000.0,2000.0,2000.0,2000.0,2500.0,2500.0,2500.0,2500.0,2800.0,2800.0,3000.0,3000.0,3000.0,3000.0,3500.0,3500.0,3500.0
154,Sweden,EU,0.0,0.0,0.0,0.0,0.0,0.0,0.0,0.0,0.0,0.0,0.0,0.0,0.0,0.0,0.0,0.0,0.0,0.0,0.0,0.0,0.0,0.0,0.0,0.0,0.0,0.0,0.0,0.0,0.0,0.0,0.0,0.0,0.0,0.0,0.0,0.0,0.0,0.0,0.0,0.0,0.0,0.0,0.0,0.0,0.0,0.0,0.0,1.0,1.0,1.0,1.0,1.0,1.0,1.0,1.0,1.0,1.0,16.0,16.0,16.0,16.0,16.0,16.0,16.0,16.0,16.0,16.0,16.0,16.0,16.0,103.0,103.0,205.0,205.0,205.0,205.0,205.0,205.0,205.0,381.0,381.0,381.0,381.0,381.0,381.0,550.0,550.0,550.0,550.0,550.0,550.0,550.0,550.0,1005.0,1005.0,1005.0,1005.0,1005.0,1005.0,1005.0,1005.0,1005.0,1005.0,4074.0,4074.0,4074.0
155,Czechia,EU,0.0,0.0,0.0,0.0,0.0,0.0,0.0,0.0,0.0,0.0,0.0,0.0,0.0,0.0,0.0,0.0,0.0,0.0,0.0,0.0,0.0,0.0,0.0,0.0,0.0,0.0,0.0,0.0,0.0,0.0,0.0,0.0,0.0,0.0,0.0,0.0,0.0,0.0,0.0,0.0,0.0,0.0,0.0,0.0,0.0,0.0,0.0,0.0,0.0,0.0,0.0,0.0,0.0,0.0,3.0,3.0,3.0,3.0,4.0,6.0,6.0,6.0,10.0,10.0,10.0,11.0,11.0,11.0,25.0,45.0,61.0,67.0,72.0,78.0,96.0,121.0,172.0,233.0,301.0,346.0,411.0,464.0,519.0,642.0,819.0,972.0,1174.0,1227.0,1298.0,1559.0,1753.0,1989.0,2152.0,2371.0,2453.0,2545.0,2826.0,2948.0,3108.0,3314.0,3372.0,3461.0,3587.0,3807.0,4006.0,4205.0
156,Belarus,EU,0.0,0.0,0.0,0.0,0.0,0.0,0.0,0.0,0.0,0.0,0.0,0.0,0.0,0.0,0.0,0.0,0.0,0.0,0.0,0.0,0.0,0.0,0.0,0.0,0.0,0.0,0.0,0.0,0.0,0.0,0.0,0.0,0.0,0.0,0.0,0.0,0.0,0.0,0.0,0.0,0.0,0.0,0.0,0.0,0.0,0.0,0.0,1.0,3.0,3.0,3.0,3.0,3.0,3.0,3.0,3.0,5.0,5.0,5.0,15.0,15.0,15.0,22.0,29.0,29.0,32.0,32.0,32.0,32.0,47.0,53.0,53.0,53.0,53.0,52.0,53.0,54.0,77.0,139.0,169.0,172.0,203.0,203.0,203.0,203.0,203.0,342.0,342.0,494.0,514.0,577.0,769.0,938.0,1120.0,1573.0,1695.0,1740.0,1993.0,2072.0,2386.0,2918.0,3117.0,3196.0,3259.0,3771.0,4388.0
157,Japan,AS,0.0,0.0,0.0,0.0,1.0,1.0,1.0,1.0,1.0,1.0,1.0,1.0,1.0,1.0,1.0,1.0,1.0,1.0,1.0,4.0,9.0,9.0,9.0,9.0,12.0,12.0,12.0,13.0,18.0,18.0,22.0,22.0,22.0,22.0,22.0,22.0,22.0,22.0,32.0,32.0,32.0,43.0,43.0,43.0,46.0,76.0,76.0,76.0,101.0,118.0,118.0,118.0,118.0,118.0,144.0,144.0,144.0,150.0,191.0,232.0,235.0,235.0,285.0,310.0,359.0,372.0,404.0,424.0,424.0,424.0,472.0,472.0,514.0,514.0,514.0,575.0,592.0,622.0,632.0,685.0,762.0,762.0,784.0,799.0,853.0,901.0,935.0,1069.0,1159.0,1159.0,1239.0,1356.0,1494.0,1530.0,1656.0,1809.0,1899.0,1899.0,2368.0,2460.0,2975.0,3205.0,3981.0,4156.0,4496.0,4496.0
158,Poland,EU,0.0,0.0,0.0,0.0,0.0,0.0,0.0,0.0,0.0,0.0,0.0,0.0,0.0,0.0,0.0,0.0,0.0,0.0,0.0,0.0,0.0,0.0,0.0,0.0,0.0,0.0,0.0,0.0,0.0,0.0,0.0,0.0,0.0,0.0,0.0,0.0,0.0,0.0,0.0,0.0,0.0,0.0,0.0,0.0,0.0,0.0,0.0,0.0,0.0,0.0,0.0,0.0,0.0,0.0,13.0,13.0,13.0,1.0,1.0,1.0,1.0,1.0,1.0,7.0,7.0,7.0,7.0,7.0,7.0,7.0,47.0,56.0,56.0,116.0,134.0,162.0,191.0,222.0,284.0,318.0,375.0,439.0,487.0,618.0,668.0,774.0,866.0,981.0,1040.0,1133.0,1297.0,1513.0,1740.0,1944.0,2126.0,2265.0,2466.0,2655.0,3025.0,3236.0,3491.0,3762.0,3945.0,4095.0,4280.0,4655.0
159,Malaysia,AS,0.0,0.0,0.0,0.0,0.0,0.0,0.0,0.0,0.0,0.0,0.0,0.0,0.0,0.0,0.0,0.0,1.0,1.0,1.0,1.0,3.0,3.0,3.0,3.0,7.0,7.0,7.0,13.0,15.0,15.0,15.0,15.0,15.0,18.0,18.0,18.0,18.0,18.0,18.0,18.0,18.0,22.0,22.0,22.0,22.0,23.0,24.0,24.0,24.0,26.0,26.0,26.0,35.0,42.0,42.0,49.0,60.0,75.0,87.0,114.0,139.0,139.0,183.0,199.0,215.0,259.0,320.0,388.0,479.0,537.0,645.0,767.0,827.0,915.0,1005.0,1241.0,1321.0,1487.0,1608.0,1830.0,1995.0,2108.0,2276.0,2478.0,2647.0,2766.0,2967.0,3102.0,3197.0,3295.0,3349.0,3452.0,3542.0,3663.0,3762.0,3862.0,3957.0,4032.0,4087.0,4171.0,4210.0,4326.0,4413.0,4484.0,4567.0,4702.0
160,Romania,EU,0.0,0.0,0.0,0.0,0.0,0.0,0.0,0.0,0.0,0.0,0.0,0.0,0.0,0.0,0.0,0.0,0.0,0.0,0.0,0.0,0.0,0.0,0.0,0.0,0.0,0.0,0.0,0.0,0.0,0.0,0.0,0.0,0.0,0.0,0.0,0.0,0.0,0.0,0.0,0.0,0.0,0.0,1.0,1.0,1.0,3.0,3.0,3.0,3.0,6.0,6.0,7.0,9.0,9.0,9.0,16.0,19.0,25.0,25.0,52.0,64.0,64.0,79.0,86.0,94.0,115.0,139.0,206.0,209.0,220.0,252.0,267.0,283.0,329.0,374.0,406.0,460.0,528.0,647.0,729.0,758.0,852.0,914.0,1051.0,1217.0,1357.0,1508.0,1730.0,1892.0,2017.0,2153.0,2406.0,2478.0,2817.0,2890.0,3054.0,3141.0,3404.0,3569.0,4017.0,4328.0,4547.0,4869.0,5269.0,5454.0,5788.0
161,Australia,AU,0.0,0.0,0.0,0.0,0.0,0.0,0.0,0.0,2.0,2.0,2.0,2.0,2.0,2.0,2.0,2.0,2.0,2.0,2.0,2.0,2.0,2.0,8.0,8.0,8.0,8.0,10.0,10.0,10.0,10.0,11.0,11.0,11.0,11.0,11.0,11.0,11.0,11.0,11.0,11.0,11.0,11.0,11.0,21.0,21.0,21.0,21.0,21.0,21.0,21.0,21.0,23.0,23.0,23.0,23.0,23.0,23.0,26.0,26.0,26.0,88.0,88.0,115.0,119.0,172.0,194.0,244.0,244.0,257.0,358.0,422.0,520.0,649.0,701.0,757.0,1080.0,1080.0,1080.0,1472.0,1793.0,1806.0,1806.0,1806.0,2186.0,2186.0,2355.0,3808.0,4124.0,4124.0,4291.0,4695.0,4932.0,5047.0,5136.0,5376.0,5541.0,5588.0,5665.0,5715.0,5742.0,5775.0,5814.0,5849.0,5887.0,5975.0,6031.0
162,Pakistan,AS,0.0,0.0,0.0,0.0,0.0,0.0,0.0,0.0,0.0,0.0,0.0,0.0,0.0,0.0,0.0,0.0,0.0,0.0,0.0,0.0,0.0,0.0,0.0,0.0,0.0,0.0,0.0,0.0,0.0,0.0,0.0,0.0,0.0,0.0,0.0,0.0,0.0,0.0,0.0,0.0,0.0,0.0,0.0,0.0,0.0,0.0,1.0,1.0,1.0,2.0,2.0,2.0,2.0,2.0,2.0,2.0,2.0,13.0,13.0,13.0,5.0,5.0,18.0,21.0,21.0,23.0,29.0,29.0,76.0,76.0,94.0,125.0,126.0,131.0,211.0,259.0,429.0,467.0,572.0,727.0,762.0,1028.0,1095.0,1378.0,1446.0,1645.0,1765.0,1832.0,1868.0,1970.0,2073.0,2156.0,2527.0,2755.0,2866.0,2936.0,3029.0,3233.0,3425.0,4315.0,4715.0,4817.0,5114.0,5635.0,5801.0,6464.0
163,Saudi Arabia,AS,0.0,0.0,0.0,0.0,0.0,0.0,0.0,0.0,0.0,0.0,0.0,0.0,0.0,0.0,0.0,0.0,0.0,0.0,0.0,0.0,0.0,0.0,0.0,0.0,0.0,0.0,0.0,0.0,0.0,0.0,0.0,0.0,0.0,0.0,0.0,0.0,0.0,0.0,0.0,0.0,0.0,0.0,0.0,0.0,0.0,0.0,0.0,0.0,1.0,1.0,1.0,1.0,1.0,1.0,2.0,6.0,6.0,6.0,8.0,16.0,16.0,16.0,28.0,29.0,33.0,35.0,37.0,66.0,115.0,165.0,264.0,328.0,351.0,420.0,488.0,551.0,615.0,631.0,666.0,685.0,720.0,761.0,805.0,889.0,931.0,990.0,1049.0,1329.0,1398.0,1490.0,1640.0,1812.0,1925.0,2049.0,2215.0,2357.0,2531.0,2784.0,2953.0,3163.0,3555.0,3765.0,4134.0,4476.0,5431.0,6783.0
164,Denmark,EU,0.0,0.0,0.0,0.0,0.0,0.0,0.0,0.0,0.0,0.0,0.0,0.0,0.0,0.0,0.0,0.0,0.0,0.0,0.0,0.0,0.0,0.0,0.0,0.0,0.0,0.0,0.0,0.0,0.0,0.0,0.0,0.0,0.0,0.0,0.0,0.0,0.0,0.0,0.0,0.0,0.0,0.0,0.0,0.0,1.0,1.0,1.0,1.0,1.0,1.0,1.0,1.0,1.0,1.0,1.0,1.0,1.0,1.0,1.0,1.0,1.0,1.0,36.0,41.0,50.0,57.0,57.0,73.0,73.0,77.0,971.0,1172.0,1287.0,1379.0,1429.0,1489.0,1621.0,1763.0,1883.0,1929.0,2111.0,2291.0,2403.0,2689.0,2925.0,3203.0,3571.0,4031.0,4328.0,4499.0,4889.0,5276.0,5573.0,5715.0,5858.0,5994.0,6148.0,6313.0,6558.0,6741.0,6924.0,7084.0,7183.0,7284.0,7492.0,7689.0
165,South Korea,AS,0.0,0.0,0.0,0.0,0.0,0.0,0.0,0.0,0.0,0.0,0.0,0.0,0.0,0.0,0.0,0.0,1.0,1.0,3.0,3.0,3.0,7.0,7.0,7.0,9.0,9.0,10.0,12.0,12.0,16.0,16.0,16.0,18.0,18.0,22.0,22.0,22.0,22.0,27.0,30.0,30.0,30.0,41.0,41.0,135.0,135.0,118.0,118.0,247.0,288.0,333.0,510.0,510.0,510.0,1137.0,1407.0,1540.0,1540.0,1540.0,1540.0,2909.0,2909.0,3507.0,3730.0,4144.0,4528.0,4811.0,5033.0,5228.0,5408.0,5567.0,5828.0,6021.0,6325.0,6463.0,6598.0,6694.0,6776.0,6973.0,7117.0,7243.0,7368.0,7447.0,7534.0,7616.0,7757.0,7829.0,7937.0,8042.0,8114.0,8213.0,8277.0,8501.0,8635.0,8717.0,8764.0,8854.0,8922.0,9059.0,9072.0,9123.0,9183.0,9217.0,9283.0,9333.0,9419.0
166,Israel,AS,0.0,0.0,0.0,0.0,0.0,0.0,0.0,0.0,0.0,0.0,0.0,0.0,0.0,0.0,0.0,0.0,0.0,0.0,0.0,0.0,0.0,0.0,0.0,0.0,0.0,0.0,0.0,0.0,0.0,0.0,0.0,0.0,0.0,0.0,0.0,0.0,1.0,1.0,1.0,1.0,1.0,1.0,1.0,1.0,2.0,2.0,2.0,2.0,4.0,4.0,4.0,4.0,4.0,4.0,4.0,11.0,11.0,11.0,14.0,36.0,37.0,37.0,53.0,58.0,68.0,79.0,89.0,132.0,161.0,224.0,241.0,338.0,403.0,427.0,477.0,585.0,770.0,801.0,1011.0,1183.0,1341.0,1627.0,1855.0,2195.0,2563.0,2818.0,3126.0,3456.0,3754.0,4049.0,4507.0,5215.0,5611.0,6003.0,6435.0,6731.0,7200.0,7746.0,8233.0,8561.0,9156.0,9593.0,9749.0,10064.0,10465.0,10637.0
167,Chile,SA,0.0,0.0,0.0,0.0,0.0,0.0,0.0,0.0,0.0,0.0,0.0,0.0,0.0,0.0,0.0,0.0,0.0,0.0,0.0,0.0,0.0,0.0,0.0,0.0,0.0,0.0,0.0,0.0,0.0,0.0,0.0,0.0,0.0,0.0,0.0,0.0,0.0,0.0,0.0,0.0,0.0,0.0,0.0,0.0,0.0,0.0,0.0,0.0,0.0,0.0,0.0,0.0,0.0,0.0,0.0,0.0,0.0,0.0,6.0,6.0,8.0,8.0,17.0,22.0,22.0,43.0,61.0,75.0,156.0,156.0,234.0,335.0,427.0,528.0,618.0,728.0,898.0,1115.0,1274.0,1571.0,1864.0,2059.0,2367.0,2646.0,2937.0,3299.0,3621.0,4035.0,4338.0,4676.0,4969.0,5386.0,5804.0,6327.0,6746.0,7024.0,7327.0,7710.0,8057.0,8580.0,9018.0,9572.0,10041.0,10415.0,10710.0,11189.0
168,Belgium,EU,0.0,0.0,0.0,0.0,0.0,0.0,0.0,0.0,0.0,0.0,0.0,0.0,0.0,0.0,0.0,0.0,0.0,0.0,0.0,0.0,0.0,0.0,0.0,0.0,0.0,0.0,1.0,1.0,1.0,1.0,1.0,1.0,1.0,1.0,1.0,1.0,1.0,1.0,1.0,1.0,1.0,1.0,1.0,1.0,1.0,1.0,1.0,1.0,1.0,1.0,1.0,1.0,1.0,1.0,1.0,1.0,31.0,31.0,1.0,263.0,263.0,263.0,461.0,547.0,675.0,858.0,1063.0,1359.0,1527.0,1696.0,2132.0,2495.0,2872.0,3247.0,3751.0,3986.0,4157.0,4681.0,5164.0,5568.0,5986.0,6463.0,6707.0,6868.0,7107.0,7562.0,7961.0,8348.0,8757.0,8895.0,9002.0,9433.0,9800.0,10122.0,10417.0,10785.0,10878.0,10943.0,11283.0,11576.0,11892.0,12211.0,12309.0,12378.0,12441.0,12731.0
169,Austria,EU,0.0,0.0,0.0,0.0,0.0,0.0,0.0,0.0,0.0,0.0,0.0,0.0,0.0,0.0,0.0,0.0,0.0,0.0,0.0,0.0,0.0,0.0,0.0,0.0,0.0,0.0,0.0,0.0,0.0,0.0,0.0,0.0,0.0,0.0,0.0,0.0,0.0,0.0,0.0,0.0,0.0,0.0,0.0,0.0,0.0,0.0,0.0,2.0,4.0,4.0,4.0,6.0,6.0,6.0,6.0,1.0,9.0,9.0,9.0,9.0,9.0,9.0,9.0,9.0,112.0,225.0,225.0,479.0,636.0,1095.0,1436.0,1749.0,2022.0,2507.0,2998.0,3463.0,4046.0,4512.0,5240.0,6064.0,6604.0,6987.0,7343.0,7633.0,8098.0,8986.0,9704.0,10214.0,10501.0,10631.0,10971.0,11328.0,11694.0,11872.0,12103.0,12282.0,12362.0,12580.0,12779.0,12907.0,13110.0,13180.0,13228.0,13316.0,13462.0,13639.0
170,India,AS,0.0,0.0,0.0,0.0,0.0,0.0,0.0,0.0,0.0,0.0,0.0,0.0,0.0,0.0,0.0,0.0,0.0,0.0,0.0,0.0,0.0,0.0,0.0,0.0,0.0,3.0,3.0,3.0,3.0,3.0,3.0,3.0,3.0,3.0,3.0,3.0,3.0,3.0,3.0,3.0,3.0,3.0,3.0,3.0,3.0,3.0,3.0,3.0,4.0,4.0,4.0,4.0,4.0,13.0,13.0,14.0,14.0,15.0,20.0,23.0,27.0,27.0,40.0,43.0,45.0,73.0,84.0,95.0,102.0,123.0,148.0,191.0,192.0,229.0,229.0,375.0,421.0,506.0,620.0,774.0,969.0,1080.0,1181.0,1359.0,1432.0,1768.0,2041.0,2463.0,2854.0,3273.0,3975.0,4370.0,5012.0,5498.0,5939.0,6523.0,7137.0,7747.0,8437.0,9068.0,10007.0,10819.0,11775.0,12847.0,14142.0,15331.0
171,Ireland,EU,0.0,0.0,0.0,0.0,0.0,0.0,0.0,0.0,0.0,0.0,0.0,0.0,0.0,0.0,0.0,0.0,0.0,0.0,0.0,0.0,0.0,0.0,0.0,0.0,0.0,0.0,0.0,0.0,0.0,0.0,0.0,0.0,0.0,0.0,0.0,0.0,0.0,0.0,0.0,0.0,0.0,0.0,0.0,0.0,0.0,0.0,0.0,0.0,0.0,0.0,0.0,0.0,0.0,0.0,0.0,5.0,5.0,5.0,5.0,5.0,5.0,5.0,5.0,5.0,5.0,5.0,5.0,5.0,5.0,5.0,5.0,5.0,5.0,25.0,25.0,25.0,25.0,25.0,25.0,25.0,25.0,25.0,25.0,25.0,77.0,77.0,77.0,77.0,77.0,77.0,9233.0,9233.0,9233.0,9233.0,9233.0,9233.0,9233.0,9233.0,13386.0,13386.0,13386.0,13386.0,13386.0,13386.0,13386.0,17110.0
172,Peru,SA,0.0,0.0,0.0,0.0,0.0,0.0,0.0,0.0,0.0,0.0,0.0,0.0,0.0,0.0,0.0,0.0,0.0,0.0,0.0,0.0,0.0,0.0,0.0,0.0,0.0,0.0,0.0,0.0,0.0,0.0,0.0,0.0,0.0,0.0,0.0,0.0,0.0,0.0,0.0,0.0,0.0,0.0,0.0,0.0,0.0,0.0,0.0,0.0,0.0,0.0,0.0,0.0,0.0,0.0,0.0,1.0,1.0,1.0,1.0,1.0,1.0,1.0,1.0,1.0,14.0,16.0,16.0,16.0,53.0,394.0,394.0,537.0,537.0,914.0,989.0,997.0,1301.0,1333.0,1438.0,1569.0,1739.0,1798.0,2642.0,2869.0,3108.0,6120.0,6541.0,6684.0,6811.0,6968.0,6982.0,7027.0,7422.0,7496.0,7797.0,8088.0,8425.0,9179.0,10037.0,10405.0,11129.0,12434.0,13550.0,14427.0,15413.0,17527.0
173,Mexico,NA,0.0,0.0,0.0,0.0,0.0,0.0,0.0,0.0,0.0,0.0,0.0,0.0,0.0,0.0,0.0,0.0,0.0,0.0,0.0,0.0,0.0,0.0,0.0,0.0,0.0,0.0,0.0,0.0,0.0,0.0,0.0,0.0,0.0,0.0,0.0,0.0,0.0,0.0,0.0,0.0,0.0,1.0,1.0,1.0,1.0,1.0,1.0,1.0,4.0,4.0,4.0,4.0,4.0,4.0,4.0,4.0,4.0,4.0,4.0,4.0,4.0,4.0,4.0,4.0,4.0,4.0,4.0,4.0,35.0,35.0,35.0,35.0,633.0,633.0,633.0,633.0,633.0,633.0,633.0,633.0,633.0,1772.0,1843.0,1964.0,2125.0,2125.0,2125.0,2125.0,2627.0,2627.0,2627.0,2627.0,2627.0,2627.0,7149.0,8354.0,9086.0,11423.0,11423.0,11423.0,12377.0,12377.0,13447.0,13447.0,16810.0,17781.0
174,Russia,EU,0.0,0.0,0.0,0.0,0.0,0.0,0.0,0.0,0.0,0.0,0.0,0.0,0.0,0.0,0.0,0.0,0.0,0.0,0.0,0.0,0.0,2.0,2.0,2.0,2.0,2.0,2.0,2.0,2.0,2.0,2.0,2.0,2.0,2.0,2.0,2.0,2.0,2.0,2.0,2.0,2.0,2.0,2.0,2.0,2.0,2.0,3.0,3.0,3.0,3.0,3.0,3.0,8.0,8.0,8.0,8.0,8.0,9.0,9.0,12.0,16.0,16.0,22.0,29.0,38.0,45.0,49.0,64.0,66.0,121.0,190.0,235.0,281.0,333.0,355.0,406.0,494.0,580.0,698.0,795.0,1045.0,1291.0,1470.0,1694.0,1986.0,2304.0,2590.0,3057.0,3291.0,3446.0,3873.0,4420.0,4891.0,5568.0,6250.0,6767.0,7346.0,8456.0,10286.0,11619.0,13220.0,15013.0,16639.0,18095.0,19865.0,21327.0
175,Switzerland,EU,0.0,0.0,0.0,0.0,0.0,0.0,0.0,0.0,0.0,0.0,0.0,0.0,0.0,0.0,0.0,0.0,0.0,0.0,0.0,0.0,0.0,0.0,0.0,0.0,0.0,0.0,0.0,0.0,0.0,0.0,0.0,0.0,0.0,0.0,0.0,0.0,0.0,0.0,0.0,0.0,0.0,2.0,3.0,3.0,3.0,3.0,3.0,3.0,3.0,4.0,4.0,4.0,4.0,4.0,4.0,4.0,15.0,15.0,15.0,15.0,131.0,131.0,131.0,131.0,131.0,1530.0,1530.0,1595.0,1823.0,1823.0,2967.0,4013.0,4846.0,6415.0,6415.0,8056.0,8704.0,9800.0,10600.0,11100.0,12100.0,12700.0,13700.0,13700.0,15400.0,15900.0,16400.0,17100.0,17800.0,18600.0,19400.0,19900.0,20600.0,21000.0,21300.0,21800.0,22200.0,22600.0,22600.0,23400.0,23900.0,24200.0,24500.0,25200.0,25400.0,25700.0
176,Canada,NA,0.0,0.0,0.0,0.0,0.0,0.0,0.0,0.0,0.0,0.0,0.0,0.0,0.0,0.0,0.0,0.0,0.0,0.0,0.0,0.0,0.0,1.0,1.0,1.0,1.0,1.0,1.0,1.0,1.0,1.0,3.0,3.0,3.0,3.0,3.0,3.0,6.0,6.0,6.0,6.0,6.0,6.0,6.0,6.0,6.0,8.0,8.0,8.0,8.0,8.0,8.0,8.0,8.0,8.0,9.0,9.0,9.0,9.0,9.0,10.0,10.0,10.0,110.0,183.0,184.0,256.0,466.0,466.0,466.0,1592.0,1324.0,1735.0,2175.0,2577.0,3012.0,3256.0,3791.0,4154.0,5162.0,5855.0,6589.0,7123.0,7758.0,8210.0,8966.0,9698.0,10545.0,10964.0,11847.0,12543.0,13188.0,14454.0,14761.0,15149.0,16013.0,16883.0,18268.0,19231.0,20327.0,21424.0,22764.0,23814.0,24921.0,26030.0,27006.0,28184.0
177,Brazil,SA,0.0,0.0,0.0,0.0,0.0,0.0,0.0,0.0,0.0,0.0,0.0,0.0,0.0,0.0,0.0,0.0,0.0,0.0,0.0,0.0,0.0,0.0,0.0,0.0,0.0,0.0,0.0,0.0,0.0,0.0,0.0,0.0,0.0,0.0,0.0,0.0,0.0,0.0,0.0,0.0,0.0,0.0,0.0,0.0,0.0,0.0,0.0,0.0,0.0,0.0,0.0,0.0,0.0,0.0,1.0,2.0,2.0,2.0,2.0,2.0,2.0,2.0,2.0,2.0,6.0,6.0,6.0,6.0,120.0,127.0,127.0,127.0,127.0,127.0,127.0,127.0,127.0,127.0,173.0,173.0,173.0,173.0,173.0,3046.0,14026.0,14026.0,14026.0,14026.0,22130.0,22130.0,22991.0,25318.0,26573.0,27655.0,29160.0,30152.0,31142.0,32544.0,34132.0,35935.0,38039.0,40937.0,42991.0,45815.0,48221.0,51370.0
178,France,EU,0.0,0.0,0.0,0.0,0.0,0.0,0.0,0.0,0.0,0.0,0.0,0.0,0.0,0.0,0.0,0.0,0.0,0.0,0.0,0.0,0.0,2.0,2.0,2.0,4.0,4.0,4.0,4.0,4.0,4.0,4.0,4.0,4.0,4.0,11.0,11.0,11.0,11.0,12.0,12.0,12.0,12.0,12.0,12.0,12.0,12.0,12.0,12.0,12.0,12.0,12.0,12.0,12.0,12.0,12.0,12.0,12.0,12.0,12.0,12.0,2206.0,2206.0,3250.0,3907.0,4955.0,5707.0,5724.0,7226.0,7964.0,9513.0,11053.0,12548.0,14135.0,15572.0,16349.0,17428.0,19523.0,21452.0,23413.0,25195.0,26663.0,27469.0,28001.0,28805.0,30955.0,32812.0,34420.0,35983.0,36578.0,37409.0,39181.0,40657.0,42088.0,43493.0,44594.0,44903.0,45513.0,46886.0,48228.0,49476.0,50212.0,50663.0,50885.0,51476.0,52842.0,54079.0
179,Turkey,AS,0.0,0.0,0.0,0.0,0.0,0.0,0.0,0.0,0.0,0.0,0.0,0.0,0.0,0.0,0.0,0.0,0.0,0.0,0.0,0.0,0.0,0.0,0.0,0.0,0.0,0.0,0.0,0.0,0.0,0.0,0.0,0.0,0.0,0.0,0.0,0.0,0.0,0.0,0.0,0.0,0.0,0.0,0.0,0.0,0.0,0.0,0.0,0.0,0.0,0.0,0.0,0.0,0.0,0.0,0.0,0.0,0.0,0.0,0.0,0.0,0.0,0.0,0.0,26.0,26.0,42.0,70.0,105.0,162.0,243.0,333.0,415.0,484.0,786.0,1042.0,1326.0,1582.0,1846.0,2142.0,2423.0,2965.0,3446.0,3957.0,4799.0,5674.0,7089.0,8631.0,10453.0,11976.0,13430.0,14918.0,16477.0,18491.0,21737.0,25582.0,29140.0,33791.0,38809.0,44040.0,48886.0,53808.0,58259.0,63151.0,68166.0,73285.0,78202.0
180,China,AS,28.0,30.0,36.0,39.0,49.0,58.0,101.0,120.0,135.0,214.0,275.0,463.0,614.0,843.0,1115.0,1477.0,1999.0,2596.0,3219.0,3918.0,4636.0,5082.0,6217.0,7977.0,9298.0,10755.0,12462.0,14206.0,15962.0,18014.0,18704.0,22699.0,23187.0,25015.0,27676.0,30084.0,32930.0,36329.0,39320.0,42162.0,44854.0,47450.0,50001.0,52292.0,53944.0,55539.0,57388.0,58804.0,60181.0,61644.0,62901.0,64196.0,65660.0,67017.0,67910.0,68798.0,69755.0,70535.0,71266.0,71857.0,72362.0,72814.0,73280.0,73773.0,74181.0,74720.0,75100.0,75582.0,75923.0,76206.0,76405.0,76565.0,76760.0,76946.0,77207.0,77310.0,77410.0,77567.0,77679.0,77791.0,77877.0,77956.0,78039.0,78200.0,78311.0,78401.0,77552.0,77614.0,77690.0,77745.0,77799.0,77861.0,77983.0,78109.0,78175.0,78277.0,78374.0,78422.0,78474.0,78523.0,78573.0,78586.0,78684.0,78792.0,78870.0,78929.0
181,Iran,AS,0.0,0.0,0.0,0.0,0.0,0.0,0.0,0.0,0.0,0.0,0.0,0.0,0.0,0.0,0.0,0.0,0.0,0.0,0.0,0.0,0.0,0.0,0.0,0.0,0.0,0.0,0.0,0.0,0.0,0.0,0.0,0.0,0.0,0.0,0.0,49.0,49.0,73.0,123.0,175.0,291.0,291.0,552.0,739.0,913.0,1669.0,2134.0,2394.0,2731.0,2959.0,2959.0,2959.0,2959.0,4590.0,4590.0,5389.0,5389.0,5710.0,6745.0,7635.0,7931.0,7931.0,8913.0,9625.0,10457.0,11133.0,11679.0,12391.0,13911.0,14656.0,15473.0,16711.0,17935.0,19736.0,19736.0,24236.0,27039.0,29812.0,32309.0,35465.0,41947.0,43894.0,45983.0,48129.0,49933.0,52229.0,54064.0,55987.0,57023.0,59273.0,60965.0,63113.0,64843.0,66599.0,68193.0,69657.0,70933.0,72439.0,73791.0,75103.0,76318.0,77350.0,78422.0,79379.0,80475.0,81587.0
182,Italy,EU,0.0,0.0,0.0,0.0,0.0,0.0,0.0,0.0,0.0,0.0,0.0,0.0,0.0,0.0,0.0,0.0,0.0,0.0,0.0,0.0,0.0,0.0,0.0,0.0,0.0,0.0,0.0,0.0,0.0,0.0,0.0,1.0,2.0,1.0,1.0,3.0,45.0,46.0,46.0,83.0,149.0,160.0,276.0,414.0,523.0,589.0,622.0,724.0,724.0,1045.0,1045.0,1439.0,1966.0,2335.0,2749.0,2941.0,4025.0,4440.0,4440.0,6072.0,7024.0,7024.0,8326.0,9362.0,10361.0,10950.0,12384.0,13030.0,14620.0,15729.0,16847.0,18278.0,19758.0,20996.0,21815.0,22837.0,24392.0,26491.0,28470.0,30455.0,32534.0,34211.0,35435.0,37130.0,38092.0,40164.0,42727.0,44927.0,47055.0,48877.0,51600.0,54543.0,57576.0,60498.0,63120.0,64928.0,66624.0,68941.0,71252.0,75945.0,78249.0,79914.0,81654.0,82879.0,85231.0,93245.0
183,Spain,EU,0.0,0.0,0.0,0.0,0.0,0.0,0.0,0.0,0.0,0.0,0.0,0.0,0.0,0.0,0.0,0.0,0.0,0.0,0.0,0.0,0.0,0.0,0.0,0.0,2.0,2.0,2.0,2.0,2.0,2.0,2.0,2.0,2.0,2.0,2.0,2.0,2.0,2.0,2.0,2.0,2.0,2.0,2.0,2.0,2.0,30.0,30.0,32.0,32.0,183.0,183.0,193.0,517.0,517.0,530.0,1028.0,1081.0,1107.0,1588.0,2125.0,2575.0,2575.0,3794.0,5367.0,7015.0,9357.0,12285.0,14709.0,16780.0,19259.0,22647.0,26743.0,30513.0,34219.0,38080.0,40437.0,43208.0,48021.0,52165.0,55668.0,59109.0,62391.0,64727.0,67504.0,70853.0,74797.0,74797.0,74797.0,77357.0,80587.0,82514.0,85915.0,89250.0,92355.0,95708.0,98372.0,100875.0,102548.0,108947.0,112050.0,112050.0,117248.0,118902.0,121343.0,123486.0,126002.0
184,Germany,EU,0.0,0.0,0.0,0.0,0.0,0.0,0.0,0.0,0.0,0.0,0.0,0.0,0.0,0.0,0.0,0.0,0.0,0.0,0.0,0.0,0.0,0.0,1.0,1.0,1.0,1.0,1.0,12.0,12.0,12.0,14.0,14.0,14.0,14.0,14.0,15.0,16.0,16.0,16.0,16.0,16.0,16.0,16.0,16.0,17.0,18.0,18.0,18.0,18.0,25.0,25.0,46.0,46.0,46.0,67.0,67.0,105.0,113.0,180.0,233.0,266.0,266.0,3243.0,3547.0,5673.0,6658.0,8481.0,9211.0,13500.0,16100.0,18700.0,22440.0,24575.0,26400.0,28700.0,28700.0,36081.0,46300.0,52407.0,53913.0,57400.0,60300.0,64300.0,68200.0,72600.0,77000.0,83114.0,85400.0,88000.0,91500.0,95200.0,99400.0,103300.0,109800.0,109800.0,112000.0,114500.0,117400.0,120400.0,123500.0,126900.0,129000.0,130600.0,132700.0,135100.0,139900.0
185,US,NA,0.0,0.0,0.0,0.0,0.0,0.0,0.0,0.0,0.0,0.0,0.0,0.0,0.0,0.0,0.0,0.0,0.0,0.0,3.0,3.0,3.0,3.0,3.0,3.0,3.0,3.0,3.0,3.0,3.0,3.0,5.0,5.0,5.0,5.0,6.0,6.0,6.0,7.0,7.0,7.0,7.0,7.0,7.0,7.0,7.0,7.0,7.0,7.0,8.0,8.0,12.0,12.0,12.0,12.0,17.0,17.0,105.0,121.0,147.0,176.0,178.0,178.0,348.0,361.0,681.0,869.0,1072.0,2665.0,5644.0,7024.0,8474.0,9001.0,9707.0,14652.0,17448.0,19581.0,21763.0,23559.0,25410.0,28790.0,31270.0,32988.0,43482.0,47763.0,52096.0,54703.0,58545.0,64840.0,70337.0,72329.0,75204.0,77366.0,80203.0,99079.0,100372.0,106988.0,111424.0,115936.0,120720.0,153947.0,164015.0,175382.0,180152.0,187180.0,189791.0,189910.0
