Country/Region,region,1/22/20,1/23/20,1/24/20,1/25/20,1/26/20,1/27/20,1/28/20,1/29/20,1/30/20,1/31/20,2/1/20,2/2/20,2/3/20,2/4/20,2/5/20,2/6/20,2/7/20,2/8/20,2/9/20,2/10/20,2/11/20,2/12/20,2/13/20,2/14/20,2/15/20,2/16/20,2/17/20,2/18/20,2/19/20,2/20/20,2/21/20,2/22/20,2/23/20,2/24/20,2/25/20,2/26/20,2/27/20,2/28/20,2/29/20,3/1/20,3/2/20,3/3/20,3/4/20,3/5/20,3/6/20,3/7/20,3/8/20,3/9/20,3/10/20,3/11/20,3/12/20,3/13/20,3/14/20,3/15/20,3/16/20,3/17/20,3/18/20,3/19/20,3/20/20,3/21/20,3/22/20,3/23/20,3/24/20,3/25/20,3/26/20,3/27/20,3/28/20,3/29/20,3/30/20,3/31/20,4/1/20,4/2/20,4/3/20,4/4/20,4/5/20,4/6/20,4/7/20,4/8/20
Timor-Leste,,,0.0,0.0,0.0,0.0,0.0,0.0,0.0,0.0,0.0,0.0,0.0,0.0,0.0,0.0,0.0,0.0,0.0,0.0,0.0,0.0,0.0,0.0,0.0,0.0,0.0,0.0,0.0,0.0,0.0,0.0,0.0,0.0,0.0,0.0,0.0,0.0,0.0,0.0,0.0,0.0,0.0,0.0,0.0,0.0,0.0,0.0,0.0,0.0,0.0,0.0,0.0,0.0,0.0,0.0,0.0,0.0,0.0,0.0,0.0,1.0,0.0,0.0,0.0,0.0,0.0,0.0,0.0,0.0,0.0,0.0,0.0,0.0,0.0,0.0,0.0,0.0,0.0
Uruguay,SA,,0.0,0.0,0.0,0.0,0.0,0.0,0.0,0.0,0.0,0.0,0.0,0.0,0.0,0.0,0.0,0.0,0.0,0.0,0.0,0.0,0.0,0.0,0.0,0.0,0.0,0.0,0.0,0.0,0.0,0.0,0.0,0.0,0.0,0.0,0.0,0.0,0.0,0.0,0.0,0.0,0.0,0.0,0.0,0.0,0.0,0.0,0.0,0.0,0.0,0.0,0.0,4.0,0.0,4.0,21.0,21.0,29.0,15.0,16.0,48.0,4.0,0.0,27.0,28.0,21.0,36.0,30.0,6.0,28.0,0.0,12.0,19.0,31.0,0.0,6.0,18.0,0.0
Grenada,,,0.0,0.0,0.0,0.0,0.0,0.0,0.0,0.0,0.0,0.0,0.0,0.0,0.0,0.0,0.0,0.0,0.0,0.0,0.0,0.0,0.0,0.0,0.0,0.0,0.0,0.0,0.0,0.0,0.0,0.0,0.0,0.0,0.0,0.0,0.0,0.0,0.0,0.0,0.0,0.0,0.0,0.0,0.0,0.0,0.0,0.0,0.0,0.0,0.0,0.0,0.0,0.0,0.0,0.0,0.0,0.0,0.0,0.0,0.0,1.0,0.0,0.0,0.0,6.0,0.0,0.0,2.0,0.0,0.0,0.0,1.0,2.0,0.0,0.0,0.0,0.0,0.0
Barbados,,,0.0,0.0,0.0,0.0,0.0,0.0,0.0,0.0,0.0,0.0,0.0,0.0,0.0,0.0,0.0,0.0,0.0,0.0,0.0,0.0,0.0,0.0,0.0,0.0,0.0,0.0,0.0,0.0,0.0,0.0,0.0,0.0,0.0,0.0,0.0,0.0,0.0,0.0,0.0,0.0,0.0,0.0,0.0,0.0,0.0,0.0,0.0,0.0,0.0,0.0,0.0,0.0,0.0,0.0,2.0,0.0,3.0,0.0,1.0,8.0,3.0,1.0,0.0,0.0,6.0,2.0,7.0,0.0,1.0,0.0,12.0,5.0,1.0,4.0,4.0,3.0,0.0
Sudan,AF,,0.0,0.0,0.0,0.0,0.0,0.0,0.0,0.0,0.0,0.0,0.0,0.0,0.0,0.0,0.0,0.0,0.0,0.0,0.0,0.0,0.0,0.0,0.0,0.0,0.0,0.0,0.0,0.0,0.0,0.0,0.0,0.0,0.0,0.0,0.0,0.0,0.0,0.0,0.0,0.0,0.0,0.0,0.0,0.0,0.0,0.0,0.0,0.0,0.0,0.0,1.0,0.0,0.0,0.0,0.0,1.0,0.0,0.0,0.0,0.0,0.0,1.0,0.0,0.0,0.0,2.0,1.0,0.0,1.0,0.0,1.0,2.0,0.0,2.0,0.0,2.0,0.0
Dominica,,,0.0,0.0,0.0,0.0,0.0,0.0,0.0,0.0,0.0,0.0,0.0,0.0,0.0,0.0,0.0,0.0,0.0,0.0,0.0,0.0,0.0,0.0,0.0,0.0,0.0,0.0,0.0,0.0,0.0,0.0,0.0,0.0,0.0,0.0,0.0,0.0,0.0,0.0,0.0,0.0,0.0,0.0,0.0,0.0,0.0,0.0,0.0,0.0,0.0,0.0,0.0,0.0,0.0,0.0,0.0,0.0,0.0,0.0,0.0,1.0,1.0,0.0,5.0,4.0,0.0,0.0,0.0,0.0,1.0,0.0,0.0,0.0,2.0,0.0,1.0,0.0,0.0
Fiji,OC,,0.0,0.0,0.0,0.0,0.0,0.0,0.0,0.0,0.0,0.0,0.0,0.0,0.0,0.0,0.0,0.0,0.0,0.0,0.0,0.0,0.0,0.0,0.0,0.0,0.0,0.0,0.0,0.0,0.0,0.0,0.0,0.0,0.0,0.0,0.0,0.0,0.0,0.0,0.0,0.0,0.0,0.0,0.0,0.0,0.0,0.0,0.0,0.0,0.0,0.0,0.0,0.0,0.0,0.0,0.0,0.0,1.0,0.0,0.0,1.0,1.0,1.0,1.0,0.0,0.0,0.0,0.0,0.0,0.0,0.0,2.0,0.0,5.0,0.0,2.0,1.0,0.0
Namibia,AF,,0.0,0.0,0.0,0.0,0.0,0.0,0.0,0.0,0.0,0.0,0.0,0.0,0.0,0.0,0.0,0.0,0.0,0.0,0.0,0.0,0.0,0.0,0.0,0.0,0.0,0.0,0.0,0.0,0.0,0.0,0.0,0.0,0.0,0.0,0.0,0.0,0.0,0.0,0.0,0.0,0.0,0.0,0.0,0.0,0.0,0.0,0.0,0.0,0.0,0.0,0.0,2.0,0.0,0.0,0.0,0.0,1.0,0.0,0.0,0.0,1.0,3.0,0.0,1.0,0.0,0.0,3.0,0.0,0.0,3.0,0.0,0.0,0.0,2.0,0.0,0.0,0.0
San Marino,EU,,0.0,0.0,0.0,0.0,0.0,0.0,0.0,0.0,0.0,0.0,0.0,0.0,0.0,0.0,0.0,0.0,0.0,0.0,0.0,0.0,0.0,0.0,0.0,0.0,0.0,0.0,0.0,0.0,0.0,0.0,0.0,0.0,0.0,0.0,0.0,1.0,0.0,0.0,0.0,7.0,2.0,6.0,5.0,0.0,2.0,13.0,0.0,15.0,11.0,7.0,11.0,0.0,21.0,8.0,0.0,10.0,0.0,25.0,0.0,31.0,12.0,0.0,21.0,0.0,15.0,1.0,0.0,6.0,6.0,0.0,9.0,0.0,14.0,7.0,0.0,13.0,0.0
Maldives,AS,,0.0,0.0,0.0,0.0,0.0,0.0,0.0,0.0,0.0,0.0,0.0,0.0,0.0,0.0,0.0,0.0,0.0,0.0,0.0,0.0,0.0,0.0,0.0,0.0,0.0,0.0,0.0,0.0,0.0,0.0,0.0,0.0,0.0,0.0,0.0,0.0,0.0,0.0,0.0,0.0,0.0,0.0,0.0,0.0,0.0,4.0,0.0,2.0,2.0,0.0,1.0,1.0,3.0,0.0,0.0,0.0,0.0,0.0,0.0,0.0,0.0,0.0,0.0,0.0,3.0,0.0,1.0,0.0,1.0,1.0,0.0,0.0,0.0,0.0,0.0,0.0,0.0
Norway,EU,,0.0,0.0,0.0,0.0,0.0,0.0,0.0,0.0,0.0,0.0,0.0,0.0,0.0,0.0,0.0,0.0,0.0,0.0,0.0,0.0,0.0,0.0,0.0,0.0,0.0,0.0,0.0,0.0,0.0,0.0,0.0,0.0,0.0,0.0,1.0,0.0,5.0,9.0,4.0,6.0,7.0,24.0,31.0,21.0,39.0,29.0,29.0,195.0,198.0,104.0,294.0,94.0,131.0,112.0,130.0,87.0,196.0,168.0,204.0,267.0,236.0,242.0,221.0,285.0,386.0,260.0,269.0,161.0,196.0,222.0,284.0,223.0,180.0,137.0,178.0,221.0,0.0
Antigua and Barbuda,SA,,0.0,0.0,0.0,0.0,0.0,0.0,0.0,0.0,0.0,0.0,0.0,0.0,0.0,0.0,0.0,0.0,0.0,0.0,0.0,0.0,0.0,0.0,0.0,0.0,0.0,0.0,0.0,0.0,0.0,0.0,0.0,0.0,0.0,0.0,0.0,0.0,0.0,0.0,0.0,0.0,0.0,0.0,0.0,0.0,0.0,0.0,0.0,0.0,0.0,0.0,1.0,0.0,0.0,0.0,0.0,0.0,0.0,0.0,0.0,0.0,2.0,0.0,0.0,4.0,0.0,0.0,0.0,0.0,0.0,0.0,2.0,6.0,0.0,0.0,0.0,4.0,0.0
Burma,,,0.0,0.0,0.0,0.0,0.0,0.0,0.0,0.0,0.0,0.0,0.0,0.0,0.0,0.0,0.0,0.0,0.0,0.0,0.0,0.0,0.0,0.0,0.0,0.0,0.0,0.0,0.0,0.0,0.0,0.0,0.0,0.0,0.0,0.0,0.0,0.0,0.0,0.0,0.0,0.0,0.0,0.0,0.0,0.0,0.0,0.0,0.0,0.0,0.0,0.0,0.0,0.0,0.0,0.0,0.0,0.0,0.0,0.0,0.0,0.0,0.0,0.0,0.0,0.0,8.0,0.0,2.0,4.0,1.0,0.0,5.0,0.0,1.0,0.0,1.0,0.0,0.0
Benin,AF,,0.0,0.0,0.0,0.0,0.0,0.0,0.0,0.0,0.0,0.0,0.0,0.0,0.0,0.0,0.0,0.0,0.0,0.0,0.0,0.0,0.0,0.0,0.0,0.0,0.0,0.0,0.0,0.0,0.0,0.0,0.0,0.0,0.0,0.0,0.0,0.0,0.0,0.0,0.0,0.0,0.0,0.0,0.0,0.0,0.0,0.0,0.0,0.0,0.0,0.0,0.0,0.0,0.0,1.0,0.0,1.0,0.0,0.0,0.0,0.0,3.0,1.0,0.0,0.0,0.0,0.0,0.0,0.0,3.0,4.0,0.0,3.0,0.0,6.0,4.0,0.0,0.0
Congo (Kinshasa),AF,,0.0,0.0,0.0,0.0,0.0,0.0,0.0,0.0,0.0,0.0,0.0,0.0,0.0,0.0,0.0,0.0,0.0,0.0,0.0,0.0,0.0,0.0,0.0,0.0,0.0,0.0,0.0,0.0,0.0,0.0,0.0,0.0,0.0,0.0,0.0,0.0,0.0,0.0,0.0,0.0,0.0,0.0,0.0,0.0,0.0,0.0,0.0,0.0,1.0,0.0,1.0,0.0,0.0,0.0,1.0,1.0,10.0,4.0,5.0,7.0,6.0,9.0,3.0,3.0,0.0,14.0,0.0,16.0,17.0,11.0,25.0,0.0,20.0,0.0,7.0,19.0,0.0
Brunei,AS,,0.0,0.0,0.0,0.0,0.0,0.0,0.0,0.0,0.0,0.0,0.0,0.0,0.0,0.0,0.0,0.0,0.0,0.0,0.0,0.0,0.0,0.0,0.0,0.0,0.0,0.0,0.0,0.0,0.0,0.0,0.0,0.0,0.0,0.0,0.0,0.0,0.0,0.0,0.0,0.0,0.0,0.0,0.0,0.0,0.0,0.0,1.0,0.0,10.0,0.0,26.0,3.0,10.0,4.0,2.0,12.0,7.0,3.0,5.0,5.0,3.0,13.0,5.0,5.0,1.0,5.0,6.0,1.0,2.0,2.0,2.0,1.0,1.0,0.0,0.0,0.0,0.0
Guinea-Bissau,,,0.0,0.0,0.0,0.0,0.0,0.0,0.0,0.0,0.0,0.0,0.0,0.0,0.0,0.0,0.0,0.0,0.0,0.0,0.0,0.0,0.0,0.0,0.0,0.0,0.0,0.0,0.0,0.0,0.0,0.0,0.0,0.0,0.0,0.0,0.0,0.0,0.0,0.0,0.0,0.0,0.0,0.0,0.0,0.0,0.0,0.0,0.0,0.0,0.0,0.0,0.0,0.0,0.0,0.0,0.0,0.0,0.0,0.0,0.0,0.0,0.0,0.0,2.0,0.0,0.0,0.0,0.0,6.0,0.0,1.0,0.0,6.0,3.0,0.0,0.0,15.0,0.0
Trinidad and Tobago,SA,,0.0,0.0,0.0,0.0,0.0,0.0,0.0,0.0,0.0,0.0,0.0,0.0,0.0,0.0,0.0,0.0,0.0,0.0,0.0,0.0,0.0,0.0,0.0,0.0,0.0,0.0,0.0,0.0,0.0,0.0,0.0,0.0,0.0,0.0,0.0,0.0,0.0,0.0,0.0,0.0,0.0,0.0,0.0,0.0,0.0,0.0,0.0,0.0,0.0,0.0,0.0,2.0,0.0,2.0,1.0,2.0,2.0,0.0,40.0,1.0,1.0,6.0,3.0,5.0,1.0,8.0,4.0,4.0,5.0,3.0,4.0,4.0,5.0,1.0,1.0,2.0,0.0
Zambia,AF,,0.0,0.0,0.0,0.0,0.0,0.0,0.0,0.0,0.0,0.0,0.0,0.0,0.0,0.0,0.0,0.0,0.0,0.0,0.0,0.0,0.0,0.0,0.0,0.0,0.0,0.0,0.0,0.0,0.0,0.0,0.0,0.0,0.0,0.0,0.0,0.0,0.0,0.0,0.0,0.0,0.0,0.0,0.0,0.0,0.0,0.0,0.0,0.0,0.0,0.0,0.0,0.0,0.0,0.0,0.0,2.0,0.0,0.0,0.0,1.0,0.0,0.0,9.0,4.0,6.0,6.0,1.0,6.0,0.0,1.0,3.0,0.0,0.0,0.0,0.0,0.0,0.0
Liechtenstein,EU,,0.0,0.0,0.0,0.0,0.0,0.0,0.0,0.0,0.0,0.0,0.0,0.0,0.0,0.0,0.0,0.0,0.0,0.0,0.0,0.0,0.0,0.0,0.0,0.0,0.0,0.0,0.0,0.0,0.0,0.0,0.0,0.0,0.0,0.0,0.0,0.0,0.0,0.0,0.0,0.0,0.0,1.0,0.0,0.0,0.0,0.0,0.0,0.0,0.0,0.0,0.0,3.0,0.0,0.0,3.0,21.0,0.0,0.0,9.0,0.0,14.0,0.0,0.0,5.0,0.0,0.0,0.0,6.0,6.0,0.0,7.0,0.0,2.0,0.0,0.0,1.0,0.0
Congo (Brazzaville),AF,,0.0,0.0,0.0,0.0,0.0,0.0,0.0,0.0,0.0,0.0,0.0,0.0,0.0,0.0,0.0,0.0,0.0,0.0,0.0,0.0,0.0,0.0,0.0,0.0,0.0,0.0,0.0,0.0,0.0,0.0,0.0,0.0,0.0,0.0,0.0,0.0,0.0,0.0,0.0,0.0,0.0,0.0,0.0,0.0,0.0,0.0,0.0,0.0,0.0,0.0,0.0,0.0,1.0,0.0,0.0,0.0,2.0,0.0,0.0,0.0,1.0,0.0,0.0,0.0,0.0,0.0,15.0,0.0,0.0,0.0,3.0,0.0,0.0,23.0,0.0,0.0,0.0
Syria,AS,,0.0,0.0,0.0,0.0,0.0,0.0,0.0,0.0,0.0,0.0,0.0,0.0,0.0,0.0,0.0,0.0,0.0,0.0,0.0,0.0,0.0,0.0,0.0,0.0,0.0,0.0,0.0,0.0,0.0,0.0,0.0,0.0,0.0,0.0,0.0,0.0,0.0,0.0,0.0,0.0,0.0,0.0,0.0,0.0,0.0,0.0,0.0,0.0,0.0,0.0,0.0,0.0,0.0,0.0,0.0,0.0,0.0,0.0,0.0,1.0,0.0,0.0,4.0,0.0,0.0,0.0,4.0,1.0,0.0,0.0,6.0,0.0,0.0,3.0,0.0,0.0,0.0
Saint Kitts and Nevis,,,0.0,0.0,0.0,0.0,0.0,0.0,0.0,0.0,0.0,0.0,0.0,0.0,0.0,0.0,0.0,0.0,0.0,0.0,0.0,0.0,0.0,0.0,0.0,0.0,0.0,0.0,0.0,0.0,0.0,0.0,0.0,0.0,0.0,0.0,0.0,0.0,0.0,0.0,0.0,0.0,0.0,0.0,0.0,0.0,0.0,0.0,0.0,0.0,0.0,0.0,0.0,0.0,0.0,0.0,0.0,0.0,0.0,0.0,0.0,0.0,0.0,0.0,2.0,0.0,0.0,0.0,0.0,5.0,1.0,0.0,1.0,0.0,0.0,1.0,0.0,1.0,0.0
Saint Lucia,,,0.0,0.0,0.0,0.0,0.0,0.0,0.0,0.0,0.0,0.0,0.0,0.0,0.0,0.0,0.0,0.0,0.0,0.0,0.0,0.0,0.0,0.0,0.0,0.0,0.0,0.0,0.0,0.0,0.0,0.0,0.0,0.0,0.0,0.0,0.0,0.0,0.0,0.0,0.0,0.0,0.0,0.0,0.0,0.0,0.0,0.0,0.0,0.0,0.0,0.0,0.0,1.0,1.0,0.0,0.0,0.0,0.0,0.0,0.0,0.0,1.0,0.0,0.0,0.0,0.0,0.0,6.0,0.0,4.0,0.0,0.0,0.0,1.0,0.0,0.0,0.0,0.0
Seychelles,AF,,0.0,0.0,0.0,0.0,0.0,0.0,0.0,0.0,0.0,0.0,0.0,0.0,0.0,0.0,0.0,0.0,0.0,0.0,0.0,0.0,0.0,0.0,0.0,0.0,0.0,0.0,0.0,0.0,0.0,0.0,0.0,0.0,0.0,0.0,0.0,0.0,0.0,0.0,0.0,0.0,0.0,0.0,0.0,0.0,0.0,0.0,0.0,0.0,0.0,0.0,0.0,2.0,0.0,1.0,1.0,0.0,2.0,1.0,0.0,0.0,0.0,0.0,0.0,0.0,0.0,1.0,0.0,0.0,2.0,0.0,0.0,0.0,0.0,0.0,1.0,0.0,0.0
South Sudan,,,0.0,0.0,0.0,0.0,0.0,0.0,0.0,0.0,0.0,0.0,0.0,0.0,0.0,0.0,0.0,0.0,0.0,0.0,0.0,0.0,0.0,0.0,0.0,0.0,0.0,0.0,0.0,0.0,0.0,0.0,0.0,0.0,0.0,0.0,0.0,0.0,0.0,0.0,0.0,0.0,0.0,0.0,0.0,0.0,0.0,0.0,0.0,0.0,0.0,0.0,0.0,0.0,0.0,0.0,0.0,0.0,0.0,0.0,0.0,0.0,0.0,0.0,0.0,0.0,0.0,0.0,0.0,0.0,0.0,0.0,0.0,0.0,0.0,1.0,0.0,1.0,0.0
Papua New Guinea,AS,,0.0,0.0,0.0,0.0,0.0,0.0,0.0,0.0,0.0,0.0,0.0,0.0,0.0,0.0,0.0,0.0,0.0,0.0,0.0,0.0,0.0,0.0,0.0,0.0,0.0,0.0,0.0,0.0,0.0,0.0,0.0,0.0,0.0,0.0,0.0,0.0,0.0,0.0,0.0,0.0,0.0,0.0,0.0,0.0,0.0,0.0,0.0,0.0,0.0,0.0,0.0,0.0,0.0,0.0,0.0,0.0,0.0,1.0,0.0,0.0,0.0,0.0,0.0,0.0,0.0,0.0,0.0,0.0,0.0,0.0,0.0,0.0,0.0,0.0,1.0,0.0,0.0
Burundi,AF,,0.0,0.0,0.0,0.0,0.0,0.0,0.0,0.0,0.0,0.0,0.0,0.0,0.0,0.0,0.0,0.0,0.0,0.0,0.0,0.0,0.0,0.0,0.0,0.0,0.0,0.0,0.0,0.0,0.0,0.0,0.0,0.0,0.0,0.0,0.0,0.0,0.0,0.0,0.0,0.0,0.0,0.0,0.0,0.0,0.0,0.0,0.0,0.0,0.0,0.0,0.0,0.0,0.0,0.0,0.0,0.0,0.0,0.0,0.0,0.0,0.0,0.0,0.0,0.0,0.0,0.0,0.0,0.0,2.0,0.0,1.0,0.0,0.0,0.0,0.0,0.0,0.0
Western Sahara,,,0.0,0.0,0.0,0.0,0.0,0.0,0.0,0.0,0.0,0.0,0.0,0.0,0.0,0.0,0.0,0.0,0.0,0.0,0.0,0.0,0.0,0.0,0.0,0.0,0.0,0.0,0.0,0.0,0.0,0.0,0.0,0.0,0.0,0.0,0.0,0.0,0.0,0.0,0.0,0.0,0.0,0.0,0.0,0.0,0.0,0.0,0.0,0.0,0.0,0.0,0.0,0.0,0.0,0.0,0.0,0.0,0.0,0.0,0.0,0.0,0.0,0.0,0.0,0.0,0.0,0.0,0.0,0.0,0.0,0.0,0.0,0.0,0.0,4.0,0.0,0.0,0.0
Gambia,AF,,0.0,0.0,0.0,0.0,0.0,0.0,0.0,0.0,0.0,0.0,0.0,0.0,0.0,0.0,0.0,0.0,0.0,0.0,0.0,0.0,0.0,0.0,0.0,0.0,0.0,0.0,0.0,0.0,0.0,0.0,0.0,0.0,0.0,0.0,0.0,0.0,0.0,0.0,0.0,0.0,0.0,0.0,0.0,0.0,0.0,0.0,0.0,0.0,0.0,0.0,0.0,0.0,0.0,0.0,1.0,0.0,0.0,0.0,0.0,0.0,1.0,1.0,0.0,0.0,0.0,0.0,1.0,0.0,0.0,0.0,0.0,0.0,0.0,0.0,0.0,0.0,0.0
Sao Tome and Principe,,,0.0,0.0,0.0,0.0,0.0,0.0,0.0,0.0,0.0,0.0,0.0,0.0,0.0,0.0,0.0,0.0,0.0,0.0,0.0,0.0,0.0,0.0,0.0,0.0,0.0,0.0,0.0,0.0,0.0,0.0,0.0,0.0,0.0,0.0,0.0,0.0,0.0,0.0,0.0,0.0,0.0,0.0,0.0,0.0,0.0,0.0,0.0,0.0,0.0,0.0,0.0,0.0,0.0,0.0,0.0,0.0,0.0,0.0,0.0,0.0,0.0,0.0,0.0,0.0,0.0,0.0,0.0,0.0,0.0,0.0,0.0,0.0,0.0,0.0,4.0,0.0,0.0
Bhutan,AS,,0.0,0.0,0.0,0.0,0.0,0.0,0.0,0.0,0.0,0.0,0.0,0.0,0.0,0.0,0.0,0.0,0.0,0.0,0.0,0.0,0.0,0.0,0.0,0.0,0.0,0.0,0.0,0.0,0.0,0.0,0.0,0.0,0.0,0.0,0.0,0.0,0.0,0.0,0.0,0.0,0.0,0.0,0.0,1.0,0.0,0.0,0.0,0.0,0.0,0.0,0.0,0.0,0.0,0.0,0.0,0.0,0.0,1.0,0.0,0.0,0.0,0.0,0.0,0.0,1.0,0.0,1.0,0.0,0.0,0.0,1.0,0.0,0.0,0.0,0.0,0.0,0.0
Mauritania,AF,,0.0,0.0,0.0,0.0,0.0,0.0,0.0,0.0,0.0,0.0,0.0,0.0,0.0,0.0,0.0,0.0,0.0,0.0,0.0,0.0,0.0,0.0,0.0,0.0,0.0,0.0,0.0,0.0,0.0,0.0,0.0,0.0,0.0,0.0,0.0,0.0,0.0,0.0,0.0,0.0,0.0,0.0,0.0,0.0,0.0,0.0,0.0,0.0,0.0,0.0,0.0,1.0,0.0,0.0,0.0,0.0,1.0,0.0,0.0,0.0,0.0,0.0,0.0,1.0,0.0,2.0,0.0,0.0,1.0,0.0,0.0,0.0,0.0,0.0,0.0,0.0,0.0
Nicaragua,SA,,0.0,0.0,0.0,0.0,0.0,0.0,0.0,0.0,0.0,0.0,0.0,0.0,0.0,0.0,0.0,0.0,0.0,0.0,0.0,0.0,0.0,0.0,0.0,0.0,0.0,0.0,0.0,0.0,0.0,0.0,0.0,0.0,0.0,0.0,0.0,0.0,0.0,0.0,0.0,0.0,0.0,0.0,0.0,0.0,0.0,0.0,0.0,0.0,0.0,0.0,0.0,0.0,0.0,0.0,0.0,0.0,1.0,0.0,1.0,0.0,0.0,0.0,0.0,0.0,0.0,2.0,0.0,0.0,1.0,0.0,0.0,0.0,0.0,1.0,0.0,0.0,0.0
Zimbabwe,AF,,0.0,0.0,0.0,0.0,0.0,0.0,0.0,0.0,0.0,0.0,0.0,0.0,0.0,0.0,0.0,0.0,0.0,0.0,0.0,0.0,0.0,0.0,0.0,0.0,0.0,0.0,0.0,0.0,0.0,0.0,0.0,0.0,0.0,0.0,0.0,0.0,0.0,0.0,0.0,0.0,0.0,0.0,0.0,0.0,0.0,0.0,0.0,0.0,0.0,0.0,0.0,0.0,0.0,0.0,0.0,0.0,0.0,1.0,2.0,0.0,0.0,0.0,0.0,0.0,2.0,2.0,0.0,0.0,1.0,0.0,1.0,0.0,0.0,0.0,1.0,1.0,0.0
Cabo Verde,AF,,0.0,0.0,0.0,0.0,0.0,0.0,0.0,0.0,0.0,0.0,0.0,0.0,0.0,0.0,0.0,0.0,0.0,0.0,0.0,0.0,0.0,0.0,0.0,0.0,0.0,0.0,0.0,0.0,0.0,0.0,0.0,0.0,0.0,0.0,0.0,0.0,0.0,0.0,0.0,0.0,0.0,0.0,0.0,0.0,0.0,0.0,0.0,0.0,0.0,0.0,0.0,0.0,0.0,0.0,0.0,0.0,0.0,1.0,2.0,0.0,0.0,0.0,1.0,0.0,1.0,0.0,1.0,0.0,0.0,0.0,0.0,0.0,1.0,0.0,0.0,0.0,0.0
Botswana,,,0.0,0.0,0.0,0.0,0.0,0.0,0.0,0.0,0.0,0.0,0.0,0.0,0.0,0.0,0.0,0.0,0.0,0.0,0.0,0.0,0.0,0.0,0.0,0.0,0.0,0.0,0.0,0.0,0.0,0.0,0.0,0.0,0.0,0.0,0.0,0.0,0.0,0.0,0.0,0.0,0.0,0.0,0.0,0.0,0.0,0.0,0.0,0.0,0.0,0.0,0.0,0.0,0.0,0.0,0.0,0.0,0.0,0.0,0.0,0.0,0.0,0.0,0.0,0.0,0.0,0.0,0.0,3.0,1.0,0.0,0.0,0.0,0.0,2.0,0.0,0.0,0.0
Jamaica,SA,,0.0,0.0,0.0,0.0,0.0,0.0,0.0,0.0,0.0,0.0,0.0,0.0,0.0,0.0,0.0,0.0,0.0,0.0,0.0,0.0,0.0,0.0,0.0,0.0,0.0,0.0,0.0,0.0,0.0,0.0,0.0,0.0,0.0,0.0,0.0,0.0,0.0,0.0,0.0,0.0,0.0,0.0,0.0,0.0,0.0,0.0,0.0,0.0,1.0,1.0,6.0,0.0,2.0,0.0,2.0,1.0,2.0,1.0,0.0,3.0,0.0,2.0,5.0,0.0,0.0,4.0,2.0,4.0,0.0,8.0,3.0,0.0,6.0,5.0,0.0,5.0,0.0
Chad,AF,,0.0,0.0,0.0,0.0,0.0,0.0,0.0,0.0,0.0,0.0,0.0,0.0,0.0,0.0,0.0,0.0,0.0,0.0,0.0,0.0,0.0,0.0,0.0,0.0,0.0,0.0,0.0,0.0,0.0,0.0,0.0,0.0,0.0,0.0,0.0,0.0,0.0,0.0,0.0,0.0,0.0,0.0,0.0,0.0,0.0,0.0,0.0,0.0,0.0,0.0,0.0,0.0,0.0,0.0,0.0,0.0,1.0,0.0,0.0,0.0,0.0,2.0,0.0,0.0,0.0,0.0,0.0,2.0,2.0,0.0,1.0,0.0,1.0,0.0,0.0,1.0,0.0
Suriname,SA,,0.0,0.0,0.0,0.0,0.0,0.0,0.0,0.0,0.0,0.0,0.0,0.0,0.0,0.0,0.0,0.0,0.0,0.0,0.0,0.0,0.0,0.0,0.0,0.0,0.0,0.0,0.0,0.0,0.0,0.0,0.0,0.0,0.0,0.0,0.0,0.0,0.0,0.0,0.0,0.0,0.0,0.0,0.0,0.0,0.0,0.0,0.0,0.0,0.0,0.0,0.0,1.0,0.0,0.0,0.0,0.0,0.0,3.0,0.0,1.0,0.0,2.0,1.0,0.0,0.0,0.0,0.0,0.0,1.0,1.0,0.0,0.0,0.0,0.0,0.0,0.0,0.0
MS Zaandam,,,0.0,0.0,0.0,0.0,0.0,0.0,0.0,0.0,0.0,0.0,0.0,0.0,0.0,0.0,0.0,0.0,0.0,0.0,0.0,0.0,0.0,0.0,0.0,0.0,0.0,0.0,0.0,0.0,0.0,0.0,0.0,0.0,0.0,0.0,0.0,0.0,0.0,0.0,0.0,0.0,0.0,0.0,0.0,0.0,0.0,0.0,0.0,0.0,0.0,0.0,0.0,0.0,0.0,0.0,0.0,0.0,0.0,0.0,0.0,0.0,0.0,0.0,0.0,0.0,0.0,2.0,0.0,0.0,0.0,7.0,0.0,0.0,0.0,0.0,0.0,0.0,0.0
Saint Vincent and the Grenadines,,,0.0,0.0,0.0,0.0,0.0,0.0,0.0,0.0,0.0,0.0,0.0,0.0,0.0,0.0,0.0,0.0,0.0,0.0,0.0,0.0,0.0,0.0,0.0,0.0,0.0,0.0,0.0,0.0,0.0,0.0,0.0,0.0,0.0,0.0,0.0,0.0,0.0,0.0,0.0,0.0,0.0,0.0,0.0,0.0,0.0,0.0,0.0,0.0,0.0,0.0,0.0,1.0,0.0,0.0,0.0,0.0,0.0,0.0,0.0,0.0,0.0,0.0,0.0,0.0,0.0,0.0,0.0,0.0,0.0,0.0,1.0,1.0,4.0,0.0,0.0,1.0,0.0
Nepal,AS,,0.0,0.0,1.0,0.0,0.0,0.0,0.0,0.0,0.0,0.0,0.0,0.0,0.0,0.0,0.0,0.0,0.0,0.0,0.0,0.0,0.0,0.0,0.0,0.0,0.0,0.0,0.0,0.0,0.0,0.0,0.0,0.0,0.0,0.0,0.0,0.0,0.0,0.0,0.0,0.0,0.0,0.0,0.0,0.0,0.0,0.0,0.0,0.0,0.0,0.0,0.0,0.0,0.0,0.0,0.0,0.0,0.0,0.0,0.0,0.0,1.0,0.0,1.0,0.0,1.0,1.0,0.0,0.0,0.0,0.0,1.0,0.0,3.0,0.0,0.0,0.0,0.0
Malawi,AF,,0.0,0.0,0.0,0.0,0.0,0.0,0.0,0.0,0.0,0.0,0.0,0.0,0.0,0.0,0.0,0.0,0.0,0.0,0.0,0.0,0.0,0.0,0.0,0.0,0.0,0.0,0.0,0.0,0.0,0.0,0.0,0.0,0.0,0.0,0.0,0.0,0.0,0.0,0.0,0.0,0.0,0.0,0.0,0.0,0.0,0.0,0.0,0.0,0.0,0.0,0.0,0.0,0.0,0.0,0.0,0.0,0.0,0.0,0.0,0.0,0.0,0.0,0.0,0.0,0.0,0.0,0.0,0.0,0.0,0.0,3.0,0.0,1.0,0.0,1.0,3.0,0.0
Central African Republic,AF,,0.0,0.0,0.0,0.0,0.0,0.0,0.0,0.0,0.0,0.0,0.0,0.0,0.0,0.0,0.0,0.0,0.0,0.0,0.0,0.0,0.0,0.0,0.0,0.0,0.0,0.0,0.0,0.0,0.0,0.0,0.0,0.0,0.0,0.0,0.0,0.0,0.0,0.0,0.0,0.0,0.0,0.0,0.0,0.0,0.0,0.0,0.0,0.0,0.0,0.0,0.0,0.0,1.0,0.0,0.0,0.0,0.0,2.0,0.0,0.0,0.0,0.0,0.0,0.0,0.0,0.0,0.0,0.0,0.0,0.0,0.0,5.0,0.0,0.0,0.0,0.0,0.0
Uganda,AF,,0.0,0.0,0.0,0.0,0.0,0.0,0.0,0.0,0.0,0.0,0.0,0.0,0.0,0.0,0.0,0.0,0.0,0.0,0.0,0.0,0.0,0.0,0.0,0.0,0.0,0.0,0.0,0.0,0.0,0.0,0.0,0.0,0.0,0.0,0.0,0.0,0.0,0.0,0.0,0.0,0.0,0.0,0.0,0.0,0.0,0.0,0.0,0.0,0.0,0.0,0.0,0.0,0.0,0.0,0.0,0.0,0.0,0.0,1.0,0.0,8.0,0.0,5.0,0.0,9.0,7.0,3.0,0.0,11.0,0.0,1.0,3.0,0.0,4.0,0.0,0.0,1.0
Laos,,,0.0,0.0,0.0,0.0,0.0,0.0,0.0,0.0,0.0,0.0,0.0,0.0,0.0,0.0,0.0,0.0,0.0,0.0,0.0,0.0,0.0,0.0,0.0,0.0,0.0,0.0,0.0,0.0,0.0,0.0,0.0,0.0,0.0,0.0,0.0,0.0,0.0,0.0,0.0,0.0,0.0,0.0,0.0,0.0,0.0,0.0,0.0,0.0,0.0,0.0,0.0,0.0,0.0,0.0,0.0,0.0,0.0,0.0,0.0,0.0,0.0,2.0,1.0,3.0,0.0,2.0,0.0,0.0,1.0,1.0,0.0,0.0,0.0,1.0,1.0,2.0,1.0
Sierra Leone,AF,,0.0,0.0,0.0,0.0,0.0,0.0,0.0,0.0,0.0,0.0,0.0,0.0,0.0,0.0,0.0,0.0,0.0,0.0,0.0,0.0,0.0,0.0,0.0,0.0,0.0,0.0,0.0,0.0,0.0,0.0,0.0,0.0,0.0,0.0,0.0,0.0,0.0,0.0,0.0,0.0,0.0,0.0,0.0,0.0,0.0,0.0,0.0,0.0,0.0,0.0,0.0,0.0,0.0,0.0,0.0,0.0,0.0,0.0,0.0,0.0,0.0,0.0,0.0,0.0,0.0,0.0,0.0,0.0,1.0,1.0,0.0,0.0,2.0,2.0,0.0,0.0,1.0
Holy See,,,0.0,0.0,0.0,0.0,0.0,0.0,0.0,0.0,0.0,0.0,0.0,0.0,0.0,0.0,0.0,0.0,0.0,0.0,0.0,0.0,0.0,0.0,0.0,0.0,0.0,0.0,0.0,0.0,0.0,0.0,0.0,0.0,0.0,0.0,0.0,0.0,0.0,0.0,0.0,0.0,0.0,0.0,0.0,1.0,0.0,0.0,0.0,0.0,0.0,0.0,0.0,0.0,0.0,0.0,0.0,0.0,0.0,0.0,0.0,0.0,0.0,3.0,0.0,0.0,0.0,2.0,0.0,0.0,0.0,0.0,1.0,0.0,0.0,0.0,0.0,0.0,1.0
Tanzania,AF,,0.0,0.0,0.0,0.0,0.0,0.0,0.0,0.0,0.0,0.0,0.0,0.0,0.0,0.0,0.0,0.0,0.0,0.0,0.0,0.0,0.0,0.0,0.0,0.0,0.0,0.0,0.0,0.0,0.0,0.0,0.0,0.0,0.0,0.0,0.0,0.0,0.0,0.0,0.0,0.0,0.0,0.0,0.0,0.0,0.0,0.0,0.0,0.0,0.0,0.0,0.0,0.0,0.0,1.0,0.0,2.0,3.0,0.0,0.0,6.0,0.0,0.0,0.0,1.0,0.0,1.0,0.0,5.0,0.0,1.0,0.0,0.0,0.0,2.0,2.0,0.0,1.0
Libya,AF,,0.0,0.0,0.0,0.0,0.0,0.0,0.0,0.0,0.0,0.0,0.0,0.0,0.0,0.0,0.0,0.0,0.0,0.0,0.0,0.0,0.0,0.0,0.0,0.0,0.0,0.0,0.0,0.0,0.0,0.0,0.0,0.0,0.0,0.0,0.0,0.0,0.0,0.0,0.0,0.0,0.0,0.0,0.0,0.0,0.0,0.0,0.0,0.0,0.0,0.0,0.0,0.0,0.0,0.0,0.0,0.0,0.0,0.0,0.0,0.0,0.0,1.0,0.0,0.0,0.0,2.0,5.0,0.0,2.0,0.0,1.0,0.0,7.0,0.0,1.0,1.0,1.0
Mongolia,AS,,0.0,0.0,0.0,0.0,0.0,0.0,0.0,0.0,0.0,0.0,0.0,0.0,0.0,0.0,0.0,0.0,0.0,0.0,0.0,0.0,0.0,0.0,0.0,0.0,0.0,0.0,0.0,0.0,0.0,0.0,0.0,0.0,0.0,0.0,0.0,0.0,0.0,0.0,0.0,0.0,0.0,0.0,0.0,0.0,0.0,0.0,0.0,1.0,0.0,0.0,0.0,0.0,0.0,0.0,4.0,1.0,0.0,0.0,4.0,0.0,0.0,0.0,0.0,1.0,0.0,1.0,0.0,0.0,0.0,2.0,0.0,0.0,0.0,0.0,1.0,0.0,1.0
Belize,NA,,0.0,0.0,0.0,0.0,0.0,0.0,0.0,0.0,0.0,0.0,0.0,0.0,0.0,0.0,0.0,0.0,0.0,0.0,0.0,0.0,0.0,0.0,0.0,0.0,0.0,0.0,0.0,0.0,0.0,0.0,0.0,0.0,0.0,0.0,0.0,0.0,0.0,0.0,0.0,0.0,0.0,0.0,0.0,0.0,0.0,0.0,0.0,0.0,0.0,0.0,0.0,0.0,0.0,0.0,0.0,0.0,0.0,0.0,0.0,0.0,1.0,0.0,1.0,0.0,0.0,0.0,0.0,1.0,0.0,0.0,0.0,1.0,0.0,1.0,2.0,0.0,1.0
Cambodia,AS,,0.0,0.0,0.0,0.0,1.0,0.0,0.0,0.0,0.0,0.0,0.0,0.0,0.0,0.0,0.0,0.0,0.0,0.0,0.0,0.0,0.0,0.0,0.0,0.0,0.0,0.0,0.0,0.0,0.0,0.0,0.0,0.0,0.0,0.0,0.0,0.0,0.0,0.0,0.0,0.0,0.0,0.0,0.0,0.0,0.0,1.0,0.0,0.0,1.0,0.0,2.0,2.0,0.0,0.0,26.0,2.0,2.0,14.0,2.0,31.0,3.0,4.0,5.0,0.0,3.0,0.0,4.0,4.0,2.0,0.0,1.0,4.0,0.0,0.0,0.0,1.0,2.0
Vietnam,AS,,2.0,0.0,0.0,0.0,0.0,0.0,0.0,0.0,0.0,4.0,0.0,2.0,0.0,0.0,2.0,0.0,3.0,0.0,1.0,1.0,0.0,1.0,0.0,0.0,0.0,0.0,0.0,0.0,0.0,0.0,0.0,0.0,0.0,0.0,0.0,0.0,0.0,0.0,0.0,0.0,0.0,0.0,0.0,0.0,2.0,12.0,0.0,1.0,7.0,1.0,8.0,6.0,3.0,5.0,5.0,9.0,10.0,6.0,3.0,19.0,10.0,11.0,7.0,12.0,10.0,11.0,14.0,15.0,9.0,6.0,15.0,4.0,3.0,1.0,4.0,4.0,2.0
West Bank and Gaza,,,0.0,0.0,0.0,0.0,0.0,0.0,0.0,0.0,0.0,0.0,0.0,0.0,0.0,0.0,0.0,0.0,0.0,0.0,0.0,0.0,0.0,0.0,0.0,0.0,0.0,0.0,0.0,0.0,0.0,0.0,0.0,0.0,0.0,0.0,0.0,0.0,0.0,0.0,0.0,0.0,0.0,0.0,4.0,3.0,9.0,0.0,3.0,7.0,4.0,0.0,1.0,4.0,3.0,0.0,1.0,2.0,3.0,3.0,1.0,4.0,7.0,0.0,0.0,25.0,7.0,7.0,11.0,7.0,3.0,15.0,27.0,33.0,23.0,20.0,17.0,7.0,2.0
Venezuela,SA,,0.0,0.0,0.0,0.0,0.0,0.0,0.0,0.0,0.0,0.0,0.0,0.0,0.0,0.0,0.0,0.0,0.0,0.0,0.0,0.0,0.0,0.0,0.0,0.0,0.0,0.0,0.0,0.0,0.0,0.0,0.0,0.0,0.0,0.0,0.0,0.0,0.0,0.0,0.0,0.0,0.0,0.0,0.0,0.0,0.0,0.0,0.0,0.0,0.0,0.0,0.0,2.0,8.0,7.0,16.0,3.0,6.0,0.0,28.0,0.0,7.0,7.0,7.0,16.0,0.0,12.0,0.0,16.0,0.0,8.0,3.0,7.0,2.0,4.0,6.0,0.0,2.0
Monaco,EU,,0.0,0.0,0.0,0.0,0.0,0.0,0.0,0.0,0.0,0.0,0.0,0.0,0.0,0.0,0.0,0.0,0.0,0.0,0.0,0.0,0.0,0.0,0.0,0.0,0.0,0.0,0.0,0.0,0.0,0.0,0.0,0.0,0.0,0.0,0.0,0.0,0.0,1.0,0.0,0.0,0.0,0.0,0.0,0.0,0.0,0.0,0.0,0.0,0.0,1.0,0.0,0.0,0.0,5.0,0.0,0.0,0.0,4.0,0.0,12.0,0.0,0.0,8.0,2.0,9.0,0.0,4.0,3.0,3.0,3.0,5.0,4.0,2.0,7.0,4.0,2.0,2.0
Equatorial Guinea,AF,,0.0,0.0,0.0,0.0,0.0,0.0,0.0,0.0,0.0,0.0,0.0,0.0,0.0,0.0,0.0,0.0,0.0,0.0,0.0,0.0,0.0,0.0,0.0,0.0,0.0,0.0,0.0,0.0,0.0,0.0,0.0,0.0,0.0,0.0,0.0,0.0,0.0,0.0,0.0,0.0,0.0,0.0,0.0,0.0,0.0,0.0,0.0,0.0,0.0,0.0,0.0,0.0,1.0,0.0,0.0,3.0,2.0,0.0,0.0,0.0,3.0,0.0,0.0,3.0,0.0,0.0,0.0,0.0,0.0,3.0,0.0,1.0,0.0,0.0,0.0,0.0,2.0
Angola,AF,,0.0,0.0,0.0,0.0,0.0,0.0,0.0,0.0,0.0,0.0,0.0,0.0,0.0,0.0,0.0,0.0,0.0,0.0,0.0,0.0,0.0,0.0,0.0,0.0,0.0,0.0,0.0,0.0,0.0,0.0,0.0,0.0,0.0,0.0,0.0,0.0,0.0,0.0,0.0,0.0,0.0,0.0,0.0,0.0,0.0,0.0,0.0,0.0,0.0,0.0,0.0,0.0,0.0,0.0,0.0,0.0,0.0,1.0,1.0,0.0,1.0,0.0,0.0,1.0,0.0,1.0,2.0,0.0,0.0,1.0,0.0,0.0,2.0,4.0,2.0,1.0,2.0
Haiti,SA,,0.0,0.0,0.0,0.0,0.0,0.0,0.0,0.0,0.0,0.0,0.0,0.0,0.0,0.0,0.0,0.0,0.0,0.0,0.0,0.0,0.0,0.0,0.0,0.0,0.0,0.0,0.0,0.0,0.0,0.0,0.0,0.0,0.0,0.0,0.0,0.0,0.0,0.0,0.0,0.0,0.0,0.0,0.0,0.0,0.0,0.0,0.0,0.0,0.0,0.0,0.0,0.0,0.0,0.0,0.0,0.0,0.0,2.0,0.0,0.0,4.0,1.0,1.0,0.0,0.0,0.0,7.0,0.0,0.0,1.0,0.0,2.0,2.0,1.0,3.0,1.0,2.0
Eritrea,,,0.0,0.0,0.0,0.0,0.0,0.0,0.0,0.0,0.0,0.0,0.0,0.0,0.0,0.0,0.0,0.0,0.0,0.0,0.0,0.0,0.0,0.0,0.0,0.0,0.0,0.0,0.0,0.0,0.0,0.0,0.0,0.0,0.0,0.0,0.0,0.0,0.0,0.0,0.0,0.0,0.0,0.0,0.0,0.0,0.0,0.0,0.0,0.0,0.0,0.0,0.0,0.0,0.0,0.0,0.0,0.0,0.0,0.0,1.0,0.0,0.0,0.0,3.0,2.0,0.0,0.0,6.0,0.0,3.0,0.0,7.0,0.0,7.0,0.0,2.0,0.0,2.0
Eswatini,AF,,0.0,0.0,0.0,0.0,0.0,0.0,0.0,0.0,0.0,0.0,0.0,0.0,0.0,0.0,0.0,0.0,0.0,0.0,0.0,0.0,0.0,0.0,0.0,0.0,0.0,0.0,0.0,0.0,0.0,0.0,0.0,0.0,0.0,0.0,0.0,0.0,0.0,0.0,0.0,0.0,0.0,0.0,0.0,0.0,0.0,0.0,0.0,0.0,0.0,0.0,0.0,1.0,0.0,0.0,0.0,0.0,0.0,0.0,0.0,3.0,0.0,0.0,0.0,2.0,3.0,0.0,0.0,0.0,0.0,0.0,0.0,0.0,0.0,0.0,1.0,0.0,2.0
Ethiopia,AF,,0.0,0.0,0.0,0.0,0.0,0.0,0.0,0.0,0.0,0.0,0.0,0.0,0.0,0.0,0.0,0.0,0.0,0.0,0.0,0.0,0.0,0.0,0.0,0.0,0.0,0.0,0.0,0.0,0.0,0.0,0.0,0.0,0.0,0.0,0.0,0.0,0.0,0.0,0.0,0.0,0.0,0.0,0.0,0.0,0.0,0.0,0.0,0.0,0.0,0.0,1.0,0.0,0.0,4.0,0.0,1.0,0.0,3.0,0.0,2.0,0.0,1.0,0.0,0.0,4.0,0.0,5.0,2.0,3.0,3.0,0.0,6.0,3.0,5.0,1.0,8.0,3.0
Mali,AF,,0.0,0.0,0.0,0.0,0.0,0.0,0.0,0.0,0.0,0.0,0.0,0.0,0.0,0.0,0.0,0.0,0.0,0.0,0.0,0.0,0.0,0.0,0.0,0.0,0.0,0.0,0.0,0.0,0.0,0.0,0.0,0.0,0.0,0.0,0.0,0.0,0.0,0.0,0.0,0.0,0.0,0.0,0.0,0.0,0.0,0.0,0.0,0.0,0.0,0.0,0.0,0.0,0.0,0.0,0.0,0.0,0.0,0.0,0.0,0.0,0.0,0.0,2.0,2.0,7.0,7.0,0.0,7.0,3.0,3.0,5.0,3.0,2.0,4.0,2.0,9.0,3.0
Taiwan*,AS,,0.0,2.0,0.0,1.0,1.0,3.0,0.0,1.0,1.0,0.0,0.0,0.0,1.0,0.0,5.0,0.0,1.0,1.0,0.0,0.0,0.0,0.0,0.0,0.0,2.0,2.0,0.0,1.0,1.0,2.0,0.0,2.0,2.0,1.0,1.0,0.0,2.0,5.0,1.0,1.0,1.0,0.0,2.0,1.0,0.0,0.0,0.0,2.0,1.0,1.0,1.0,3.0,6.0,8.0,10.0,23.0,8.0,27.0,18.0,16.0,26.0,20.0,20.0,17.0,15.0,16.0,15.0,8.0,16.0,7.0,10.0,9.0,7.0,8.0,10.0,3.0,3.0
Guyana,SA,,0.0,0.0,0.0,0.0,0.0,0.0,0.0,0.0,0.0,0.0,0.0,0.0,0.0,0.0,0.0,0.0,0.0,0.0,0.0,0.0,0.0,0.0,0.0,0.0,0.0,0.0,0.0,0.0,0.0,0.0,0.0,0.0,0.0,0.0,0.0,0.0,0.0,0.0,0.0,0.0,0.0,0.0,0.0,0.0,0.0,0.0,0.0,0.0,0.0,1.0,0.0,0.0,3.0,0.0,3.0,0.0,0.0,0.0,0.0,12.0,1.0,-15.0,0.0,0.0,0.0,3.0,0.0,0.0,4.0,7.0,0.0,4.0,0.0,1.0,7.0,2.0,4.0
Gabon,AF,,0.0,0.0,0.0,0.0,0.0,0.0,0.0,0.0,0.0,0.0,0.0,0.0,0.0,0.0,0.0,0.0,0.0,0.0,0.0,0.0,0.0,0.0,0.0,0.0,0.0,0.0,0.0,0.0,0.0,0.0,0.0,0.0,0.0,0.0,0.0,0.0,0.0,0.0,0.0,0.0,0.0,0.0,0.0,0.0,0.0,0.0,0.0,0.0,0.0,0.0,0.0,1.0,0.0,0.0,0.0,0.0,0.0,2.0,1.0,1.0,0.0,1.0,0.0,1.0,0.0,0.0,0.0,0.0,9.0,2.0,3.0,0.0,0.0,0.0,3.0,6.0,4.0
Paraguay,SA,,0.0,0.0,0.0,0.0,0.0,0.0,0.0,0.0,0.0,0.0,0.0,0.0,0.0,0.0,0.0,0.0,0.0,0.0,0.0,0.0,0.0,0.0,0.0,0.0,0.0,0.0,0.0,0.0,0.0,0.0,0.0,0.0,0.0,0.0,0.0,0.0,0.0,0.0,0.0,0.0,0.0,0.0,0.0,0.0,0.0,1.0,0.0,0.0,4.0,0.0,1.0,0.0,0.0,2.0,1.0,2.0,0.0,2.0,5.0,4.0,0.0,5.0,10.0,4.0,11.0,4.0,3.0,5.0,1.0,4.0,8.0,15.0,4.0,8.0,9.0,2.0,4.0
Sri Lanka,AS,,0.0,0.0,0.0,0.0,1.0,0.0,0.0,0.0,0.0,0.0,0.0,0.0,0.0,0.0,0.0,0.0,0.0,0.0,0.0,0.0,0.0,0.0,0.0,0.0,0.0,0.0,0.0,0.0,0.0,0.0,0.0,0.0,0.0,0.0,0.0,0.0,0.0,0.0,0.0,0.0,0.0,0.0,0.0,0.0,0.0,0.0,0.0,0.0,1.0,0.0,4.0,4.0,8.0,10.0,16.0,7.0,9.0,13.0,4.0,5.0,15.0,5.0,0.0,4.0,0.0,7.0,4.0,5.0,21.0,3.0,5.0,8.0,7.0,10.0,2.0,7.0,4.0
Somalia,AF,,0.0,0.0,0.0,0.0,0.0,0.0,0.0,0.0,0.0,0.0,0.0,0.0,0.0,0.0,0.0,0.0,0.0,0.0,0.0,0.0,0.0,0.0,0.0,0.0,0.0,0.0,0.0,0.0,0.0,0.0,0.0,0.0,0.0,0.0,0.0,0.0,0.0,0.0,0.0,0.0,0.0,0.0,0.0,0.0,0.0,0.0,0.0,0.0,0.0,0.0,0.0,0.0,0.0,1.0,0.0,0.0,0.0,0.0,0.0,0.0,0.0,0.0,0.0,1.0,1.0,0.0,0.0,0.0,2.0,0.0,0.0,2.0,0.0,0.0,0.0,1.0,4.0
Rwanda,AF,,0.0,0.0,0.0,0.0,0.0,0.0,0.0,0.0,0.0,0.0,0.0,0.0,0.0,0.0,0.0,0.0,0.0,0.0,0.0,0.0,0.0,0.0,0.0,0.0,0.0,0.0,0.0,0.0,0.0,0.0,0.0,0.0,0.0,0.0,0.0,0.0,0.0,0.0,0.0,0.0,0.0,0.0,0.0,0.0,0.0,0.0,0.0,0.0,0.0,0.0,0.0,1.0,0.0,4.0,2.0,1.0,0.0,9.0,0.0,2.0,17.0,4.0,1.0,9.0,4.0,6.0,10.0,0.0,5.0,7.0,2.0,5.0,13.0,2.0,1.0,0.0,5.0
Jordan,AS,,0.0,0.0,0.0,0.0,0.0,0.0,0.0,0.0,0.0,0.0,0.0,0.0,0.0,0.0,0.0,0.0,0.0,0.0,0.0,0.0,0.0,0.0,0.0,0.0,0.0,0.0,0.0,0.0,0.0,0.0,0.0,0.0,0.0,0.0,0.0,0.0,0.0,0.0,0.0,0.0,1.0,0.0,0.0,0.0,0.0,0.0,0.0,0.0,0.0,0.0,0.0,0.0,7.0,9.0,17.0,18.0,17.0,16.0,0.0,27.0,15.0,27.0,18.0,40.0,23.0,11.0,13.0,9.0,6.0,4.0,21.0,11.0,13.0,22.0,4.0,4.0,5.0
Mauritius,AF,,0.0,0.0,0.0,0.0,0.0,0.0,0.0,0.0,0.0,0.0,0.0,0.0,0.0,0.0,0.0,0.0,0.0,0.0,0.0,0.0,0.0,0.0,0.0,0.0,0.0,0.0,0.0,0.0,0.0,0.0,0.0,0.0,0.0,0.0,0.0,0.0,0.0,0.0,0.0,0.0,0.0,0.0,0.0,0.0,0.0,0.0,0.0,0.0,0.0,0.0,0.0,0.0,0.0,0.0,0.0,3.0,0.0,9.0,2.0,14.0,8.0,6.0,6.0,33.0,13.0,8.0,5.0,21.0,15.0,18.0,8.0,17.0,10.0,31.0,17.0,24.0,5.0
Togo,AF,,0.0,0.0,0.0,0.0,0.0,0.0,0.0,0.0,0.0,0.0,0.0,0.0,0.0,0.0,0.0,0.0,0.0,0.0,0.0,0.0,0.0,0.0,0.0,0.0,0.0,0.0,0.0,0.0,0.0,0.0,0.0,0.0,0.0,0.0,0.0,0.0,0.0,0.0,0.0,0.0,0.0,0.0,0.0,1.0,0.0,0.0,0.0,0.0,0.0,0.0,0.0,0.0,0.0,0.0,0.0,0.0,0.0,8.0,7.0,0.0,2.0,2.0,3.0,0.0,2.0,0.0,0.0,5.0,4.0,2.0,3.0,1.0,1.0,3.0,14.0,7.0,5.0
Madagascar,AF,,0.0,0.0,0.0,0.0,0.0,0.0,0.0,0.0,0.0,0.0,0.0,0.0,0.0,0.0,0.0,0.0,0.0,0.0,0.0,0.0,0.0,0.0,0.0,0.0,0.0,0.0,0.0,0.0,0.0,0.0,0.0,0.0,0.0,0.0,0.0,0.0,0.0,0.0,0.0,0.0,0.0,0.0,0.0,0.0,0.0,0.0,0.0,0.0,0.0,0.0,0.0,0.0,0.0,0.0,0.0,0.0,0.0,3.0,0.0,0.0,9.0,5.0,2.0,4.0,3.0,0.0,13.0,4.0,14.0,0.0,2.0,11.0,0.0,2.0,10.0,6.0,5.0
Tunisia,AF,,0.0,0.0,0.0,0.0,0.0,0.0,0.0,0.0,0.0,0.0,0.0,0.0,0.0,0.0,0.0,0.0,0.0,0.0,0.0,0.0,0.0,0.0,0.0,0.0,0.0,0.0,0.0,0.0,0.0,0.0,0.0,0.0,0.0,0.0,0.0,0.0,0.0,0.0,0.0,0.0,0.0,1.0,0.0,0.0,0.0,1.0,0.0,3.0,2.0,0.0,9.0,2.0,0.0,2.0,4.0,5.0,10.0,15.0,6.0,15.0,14.0,25.0,59.0,24.0,30.0,51.0,34.0,0.0,82.0,29.0,32.0,40.0,58.0,21.0,22.0,27.0,5.0
Malta,EU,,0.0,0.0,0.0,0.0,0.0,0.0,0.0,0.0,0.0,0.0,0.0,0.0,0.0,0.0,0.0,0.0,0.0,0.0,0.0,0.0,0.0,0.0,0.0,0.0,0.0,0.0,0.0,0.0,0.0,0.0,0.0,0.0,0.0,0.0,0.0,0.0,0.0,0.0,0.0,0.0,0.0,0.0,0.0,0.0,3.0,0.0,0.0,2.0,1.0,0.0,6.0,6.0,3.0,9.0,8.0,0.0,15.0,11.0,9.0,17.0,17.0,3.0,19.0,5.0,5.0,10.0,2.0,5.0,13.0,19.0,8.0,6.0,11.0,14.0,14.0,52.0,6.0
Bahamas,,,0.0,0.0,0.0,0.0,0.0,0.0,0.0,0.0,0.0,0.0,0.0,0.0,0.0,0.0,0.0,0.0,0.0,0.0,0.0,0.0,0.0,0.0,0.0,0.0,0.0,0.0,0.0,0.0,0.0,0.0,0.0,0.0,0.0,0.0,0.0,0.0,0.0,0.0,0.0,0.0,0.0,0.0,0.0,0.0,0.0,0.0,0.0,0.0,0.0,0.0,0.0,0.0,0.0,1.0,0.0,0.0,2.0,0.0,1.0,0.0,0.0,1.0,0.0,4.0,1.0,0.0,1.0,3.0,0.0,7.0,3.0,0.0,4.0,0.0,1.0,4.0,7.0
Montenegro,EU,,0.0,0.0,0.0,0.0,0.0,0.0,0.0,0.0,0.0,0.0,0.0,0.0,0.0,0.0,0.0,0.0,0.0,0.0,0.0,0.0,0.0,0.0,0.0,0.0,0.0,0.0,0.0,0.0,0.0,0.0,0.0,0.0,0.0,0.0,0.0,0.0,0.0,0.0,0.0,0.0,0.0,0.0,0.0,0.0,0.0,0.0,0.0,0.0,0.0,0.0,0.0,0.0,0.0,0.0,2.0,0.0,1.0,11.0,0.0,7.0,6.0,20.0,5.0,17.0,13.0,2.0,1.0,6.0,18.0,14.0,21.0,30.0,27.0,13.0,19.0,8.0,7.0
Mozambique,AF,,0.0,0.0,0.0,0.0,0.0,0.0,0.0,0.0,0.0,0.0,0.0,0.0,0.0,0.0,0.0,0.0,0.0,0.0,0.0,0.0,0.0,0.0,0.0,0.0,0.0,0.0,0.0,0.0,0.0,0.0,0.0,0.0,0.0,0.0,0.0,0.0,0.0,0.0,0.0,0.0,0.0,0.0,0.0,0.0,0.0,0.0,0.0,0.0,0.0,0.0,0.0,0.0,0.0,0.0,0.0,0.0,0.0,0.0,0.0,1.0,0.0,2.0,2.0,2.0,0.0,1.0,0.0,0.0,0.0,2.0,0.0,0.0,0.0,0.0,0.0,0.0,7.0
Honduras,NA,,0.0,0.0,0.0,0.0,0.0,0.0,0.0,0.0,0.0,0.0,0.0,0.0,0.0,0.0,0.0,0.0,0.0,0.0,0.0,0.0,0.0,0.0,0.0,0.0,0.0,0.0,0.0,0.0,0.0,0.0,0.0,0.0,0.0,0.0,0.0,0.0,0.0,0.0,0.0,0.0,0.0,0.0,0.0,0.0,0.0,0.0,0.0,0.0,2.0,0.0,0.0,0.0,1.0,3.0,2.0,1.0,3.0,12.0,0.0,2.0,4.0,0.0,6.0,16.0,16.0,27.0,15.0,29.0,2.0,31.0,47.0,3.0,42.0,4.0,30.0,7.0,7.0
Kenya,AF,,0.0,0.0,0.0,0.0,0.0,0.0,0.0,0.0,0.0,0.0,0.0,0.0,0.0,0.0,0.0,0.0,0.0,0.0,0.0,0.0,0.0,0.0,0.0,0.0,0.0,0.0,0.0,0.0,0.0,0.0,0.0,0.0,0.0,0.0,0.0,0.0,0.0,0.0,0.0,0.0,0.0,0.0,0.0,0.0,0.0,0.0,0.0,0.0,0.0,0.0,1.0,0.0,2.0,0.0,0.0,0.0,4.0,0.0,0.0,8.0,1.0,9.0,3.0,3.0,0.0,7.0,4.0,8.0,9.0,22.0,29.0,12.0,4.0,16.0,16.0,14.0,7.0
Senegal,AF,,0.0,0.0,0.0,0.0,0.0,0.0,0.0,0.0,0.0,0.0,0.0,0.0,0.0,0.0,0.0,0.0,0.0,0.0,0.0,0.0,0.0,0.0,0.0,0.0,0.0,0.0,0.0,0.0,0.0,0.0,0.0,0.0,0.0,0.0,0.0,0.0,0.0,0.0,0.0,1.0,1.0,2.0,0.0,0.0,0.0,0.0,0.0,0.0,0.0,0.0,6.0,0.0,14.0,0.0,2.0,5.0,0.0,7.0,9.0,20.0,12.0,7.0,13.0,6.0,14.0,11.0,12.0,20.0,13.0,15.0,5.0,12.0,12.0,3.0,4.0,11.0,7.0
Guatemala,NA,,0.0,0.0,0.0,0.0,0.0,0.0,0.0,0.0,0.0,0.0,0.0,0.0,0.0,0.0,0.0,0.0,0.0,0.0,0.0,0.0,0.0,0.0,0.0,0.0,0.0,0.0,0.0,0.0,0.0,0.0,0.0,0.0,0.0,0.0,0.0,0.0,0.0,0.0,0.0,0.0,0.0,0.0,0.0,0.0,0.0,0.0,0.0,0.0,0.0,0.0,0.0,1.0,0.0,1.0,4.0,0.0,3.0,3.0,5.0,2.0,1.0,1.0,3.0,1.0,3.0,6.0,0.0,2.0,2.0,1.0,8.0,3.0,11.0,0.0,9.0,7.0,10.0
Bahrain,AS,,0.0,0.0,0.0,0.0,0.0,0.0,0.0,0.0,0.0,0.0,0.0,0.0,0.0,0.0,0.0,0.0,0.0,0.0,0.0,0.0,0.0,0.0,0.0,0.0,0.0,0.0,0.0,0.0,0.0,0.0,0.0,0.0,1.0,22.0,10.0,0.0,3.0,5.0,6.0,2.0,0.0,3.0,3.0,5.0,25.0,0.0,10.0,15.0,85.0,0.0,0.0,15.0,4.0,0.0,14.0,28.0,22.0,7.0,20.0,29.0,43.0,15.0,27.0,39.0,8.0,10.0,23.0,16.0,52.0,2.0,74.0,29.0,16.0,12.0,56.0,55.0,12.0
Kosovo,EU,,0.0,0.0,0.0,0.0,0.0,0.0,0.0,0.0,0.0,0.0,0.0,0.0,0.0,0.0,0.0,0.0,0.0,0.0,0.0,0.0,0.0,0.0,0.0,0.0,0.0,0.0,0.0,0.0,0.0,0.0,0.0,0.0,0.0,0.0,0.0,0.0,0.0,0.0,0.0,0.0,0.0,0.0,0.0,0.0,0.0,0.0,0.0,0.0,0.0,0.0,0.0,0.0,0.0,0.0,0.0,0.0,0.0,0.0,0.0,0.0,0.0,0.0,0.0,71.0,15.0,5.0,3.0,0.0,18.0,13.0,0.0,1.0,9.0,10.0,0.0,25.0,14.0
Georgia,AS,,0.0,0.0,0.0,0.0,0.0,0.0,0.0,0.0,0.0,0.0,0.0,0.0,0.0,0.0,0.0,0.0,0.0,0.0,0.0,0.0,0.0,0.0,0.0,0.0,0.0,0.0,0.0,0.0,0.0,0.0,0.0,0.0,0.0,0.0,1.0,0.0,0.0,0.0,2.0,0.0,0.0,0.0,1.0,0.0,0.0,9.0,2.0,0.0,9.0,0.0,1.0,5.0,3.0,0.0,1.0,4.0,2.0,3.0,6.0,5.0,7.0,9.0,5.0,4.0,4.0,7.0,1.0,12.0,7.0,7.0,17.0,21.0,7.0,12.0,14.0,8.0,15.0
El Salvador,SA,,0.0,0.0,0.0,0.0,0.0,0.0,0.0,0.0,0.0,0.0,0.0,0.0,0.0,0.0,0.0,0.0,0.0,0.0,0.0,0.0,0.0,0.0,0.0,0.0,0.0,0.0,0.0,0.0,0.0,0.0,0.0,0.0,0.0,0.0,0.0,0.0,0.0,0.0,0.0,0.0,0.0,0.0,0.0,0.0,0.0,0.0,0.0,0.0,0.0,0.0,0.0,0.0,0.0,0.0,0.0,0.0,1.0,0.0,2.0,0.0,0.0,2.0,4.0,4.0,0.0,6.0,5.0,6.0,2.0,0.0,9.0,5.0,10.0,6.0,7.0,9.0,15.0
Bolivia,SA,,0.0,0.0,0.0,0.0,0.0,0.0,0.0,0.0,0.0,0.0,0.0,0.0,0.0,0.0,0.0,0.0,0.0,0.0,0.0,0.0,0.0,0.0,0.0,0.0,0.0,0.0,0.0,0.0,0.0,0.0,0.0,0.0,0.0,0.0,0.0,0.0,0.0,0.0,0.0,0.0,0.0,0.0,0.0,0.0,0.0,0.0,0.0,0.0,2.0,0.0,1.0,7.0,0.0,1.0,0.0,1.0,0.0,3.0,4.0,5.0,3.0,2.0,3.0,11.0,18.0,13.0,7.0,16.0,10.0,8.0,8.0,9.0,7.0,18.0,26.0,11.0,16.0
Bulgaria,EU,,0.0,0.0,0.0,0.0,0.0,0.0,0.0,0.0,0.0,0.0,0.0,0.0,0.0,0.0,0.0,0.0,0.0,0.0,0.0,0.0,0.0,0.0,0.0,0.0,0.0,0.0,0.0,0.0,0.0,0.0,0.0,0.0,0.0,0.0,0.0,0.0,0.0,0.0,0.0,0.0,0.0,0.0,0.0,0.0,0.0,4.0,0.0,0.0,3.0,0.0,16.0,18.0,10.0,1.0,15.0,25.0,2.0,33.0,36.0,24.0,14.0,17.0,24.0,22.0,29.0,38.0,15.0,13.0,40.0,23.0,35.0,28.0,18.0,28.0,18.0,28.0,16.0
Liberia,AF,,0.0,0.0,0.0,0.0,0.0,0.0,0.0,0.0,0.0,0.0,0.0,0.0,0.0,0.0,0.0,0.0,0.0,0.0,0.0,0.0,0.0,0.0,0.0,0.0,0.0,0.0,0.0,0.0,0.0,0.0,0.0,0.0,0.0,0.0,0.0,0.0,0.0,0.0,0.0,0.0,0.0,0.0,0.0,0.0,0.0,0.0,0.0,0.0,0.0,0.0,0.0,0.0,0.0,1.0,0.0,1.0,0.0,0.0,1.0,0.0,0.0,0.0,0.0,0.0,0.0,0.0,0.0,0.0,0.0,3.0,0.0,1.0,3.0,3.0,1.0,0.0,17.0
Albania,EU,,0.0,0.0,0.0,0.0,0.0,0.0,0.0,0.0,0.0,0.0,0.0,0.0,0.0,0.0,0.0,0.0,0.0,0.0,0.0,0.0,0.0,0.0,0.0,0.0,0.0,0.0,0.0,0.0,0.0,0.0,0.0,0.0,0.0,0.0,0.0,0.0,0.0,0.0,0.0,0.0,0.0,0.0,0.0,0.0,0.0,0.0,2.0,8.0,2.0,11.0,10.0,5.0,4.0,9.0,4.0,4.0,5.0,6.0,6.0,13.0,15.0,19.0,23.0,28.0,12.0,11.0,15.0,11.0,20.0,16.0,18.0,27.0,29.0,28.0,16.0,6.0,17.0
North Macedonia,EU,,0.0,0.0,0.0,0.0,0.0,0.0,0.0,0.0,0.0,0.0,0.0,0.0,0.0,0.0,0.0,0.0,0.0,0.0,0.0,0.0,0.0,0.0,0.0,0.0,0.0,0.0,0.0,0.0,0.0,0.0,0.0,0.0,0.0,0.0,1.0,0.0,0.0,0.0,0.0,0.0,0.0,0.0,0.0,2.0,0.0,0.0,0.0,4.0,0.0,0.0,7.0,0.0,0.0,4.0,8.0,9.0,13.0,19.0,18.0,30.0,21.0,12.0,29.0,24.0,18.0,22.0,18.0,26.0,44.0,25.0,30.0,46.0,53.0,72.0,15.0,29.0,18.0
Andorra,EU,,0.0,0.0,0.0,0.0,0.0,0.0,0.0,0.0,0.0,0.0,0.0,0.0,0.0,0.0,0.0,0.0,0.0,0.0,0.0,0.0,0.0,0.0,0.0,0.0,0.0,0.0,0.0,0.0,0.0,0.0,0.0,0.0,0.0,0.0,0.0,0.0,0.0,0.0,0.0,1.0,0.0,0.0,0.0,0.0,0.0,0.0,0.0,0.0,0.0,0.0,0.0,0.0,0.0,1.0,37.0,0.0,14.0,22.0,13.0,25.0,20.0,31.0,24.0,36.0,43.0,41.0,26.0,36.0,6.0,14.0,38.0,11.0,27.0,35.0,24.0,20.0,19.0
Costa Rica,SA,,0.0,0.0,0.0,0.0,0.0,0.0,0.0,0.0,0.0,0.0,0.0,0.0,0.0,0.0,0.0,0.0,0.0,0.0,0.0,0.0,0.0,0.0,0.0,0.0,0.0,0.0,0.0,0.0,0.0,0.0,0.0,0.0,0.0,0.0,0.0,0.0,0.0,0.0,0.0,0.0,0.0,0.0,0.0,1.0,0.0,4.0,4.0,0.0,4.0,9.0,1.0,3.0,1.0,8.0,6.0,9.0,19.0,20.0,28.0,17.0,24.0,19.0,24.0,30.0,32.0,32.0,19.0,16.0,17.0,28.0,21.0,20.0,19.0,19.0,13.0,16.0,19.0
Guinea,AF,,0.0,0.0,0.0,0.0,0.0,0.0,0.0,0.0,0.0,0.0,0.0,0.0,0.0,0.0,0.0,0.0,0.0,0.0,0.0,0.0,0.0,0.0,0.0,0.0,0.0,0.0,0.0,0.0,0.0,0.0,0.0,0.0,0.0,0.0,0.0,0.0,0.0,0.0,0.0,0.0,0.0,0.0,0.0,0.0,0.0,0.0,0.0,0.0,0.0,0.0,1.0,0.0,0.0,0.0,0.0,0.0,0.0,0.0,1.0,0.0,2.0,0.0,0.0,0.0,4.0,0.0,8.0,6.0,0.0,8.0,22.0,21.0,38.0,10.0,7.0,16.0,20.0
Afghanistan,AS,,0.0,0.0,0.0,0.0,0.0,0.0,0.0,0.0,0.0,0.0,0.0,0.0,0.0,0.0,0.0,0.0,0.0,0.0,0.0,0.0,0.0,0.0,0.0,0.0,0.0,0.0,0.0,0.0,0.0,0.0,0.0,0.0,1.0,0.0,0.0,0.0,0.0,0.0,0.0,0.0,0.0,0.0,0.0,0.0,0.0,3.0,0.0,1.0,2.0,0.0,0.0,4.0,5.0,5.0,1.0,0.0,0.0,2.0,0.0,16.0,0.0,34.0,10.0,10.0,16.0,0.0,10.0,50.0,4.0,63.0,36.0,8.0,18.0,50.0,18.0,56.0,21.0
Nigeria,AF,,0.0,0.0,0.0,0.0,0.0,0.0,0.0,0.0,0.0,0.0,0.0,0.0,0.0,0.0,0.0,0.0,0.0,0.0,0.0,0.0,0.0,0.0,0.0,0.0,0.0,0.0,0.0,0.0,0.0,0.0,0.0,0.0,0.0,0.0,0.0,0.0,1.0,0.0,0.0,0.0,0.0,0.0,0.0,0.0,0.0,0.0,1.0,0.0,0.0,0.0,0.0,0.0,0.0,0.0,1.0,5.0,0.0,4.0,10.0,8.0,10.0,4.0,7.0,14.0,5.0,19.0,22.0,20.0,4.0,39.0,10.0,26.0,4.0,18.0,6.0,16.0,22.0
Uzbekistan,AS,,0.0,0.0,0.0,0.0,0.0,0.0,0.0,0.0,0.0,0.0,0.0,0.0,0.0,0.0,0.0,0.0,0.0,0.0,0.0,0.0,0.0,0.0,0.0,0.0,0.0,0.0,0.0,0.0,0.0,0.0,0.0,0.0,0.0,0.0,0.0,0.0,0.0,0.0,0.0,0.0,0.0,0.0,0.0,0.0,0.0,0.0,0.0,0.0,0.0,0.0,0.0,0.0,1.0,5.0,4.0,5.0,8.0,10.0,10.0,0.0,3.0,4.0,10.0,15.0,13.0,16.0,40.0,5.0,23.0,9.0,24.0,22.0,39.0,76.0,115.0,63.0,25.0
Ghana,AF,,0.0,0.0,0.0,0.0,0.0,0.0,0.0,0.0,0.0,0.0,0.0,0.0,0.0,0.0,0.0,0.0,0.0,0.0,0.0,0.0,0.0,0.0,0.0,0.0,0.0,0.0,0.0,0.0,0.0,0.0,0.0,0.0,0.0,0.0,0.0,0.0,0.0,0.0,0.0,0.0,0.0,0.0,0.0,0.0,0.0,0.0,0.0,0.0,0.0,0.0,0.0,3.0,3.0,0.0,1.0,0.0,4.0,5.0,3.0,4.0,4.0,26.0,40.0,39.0,5.0,4.0,11.0,0.0,9.0,34.0,9.0,1.0,0.0,9.0,0.0,73.0,26.0
Lebanon,AS,,0.0,0.0,0.0,0.0,0.0,0.0,0.0,0.0,0.0,0.0,0.0,0.0,0.0,0.0,0.0,0.0,0.0,0.0,0.0,0.0,0.0,0.0,0.0,0.0,0.0,0.0,0.0,0.0,0.0,1.0,0.0,0.0,0.0,0.0,1.0,0.0,0.0,2.0,6.0,3.0,0.0,0.0,3.0,6.0,0.0,10.0,0.0,9.0,20.0,0.0,16.0,16.0,17.0,0.0,10.0,13.0,24.0,6.0,24.0,61.0,19.0,51.0,15.0,35.0,23.0,21.0,26.0,8.0,24.0,9.0,15.0,14.0,12.0,7.0,14.0,7.0,28.0
Armenia,AS,,0.0,0.0,0.0,0.0,0.0,0.0,0.0,0.0,0.0,0.0,0.0,0.0,0.0,0.0,0.0,0.0,0.0,0.0,0.0,0.0,0.0,0.0,0.0,0.0,0.0,0.0,0.0,0.0,0.0,0.0,0.0,0.0,0.0,0.0,0.0,0.0,0.0,0.0,1.0,0.0,0.0,0.0,0.0,0.0,0.0,0.0,0.0,0.0,0.0,3.0,4.0,10.0,8.0,26.0,26.0,6.0,31.0,21.0,24.0,34.0,41.0,14.0,16.0,25.0,39.0,78.0,17.0,58.0,50.0,39.0,92.0,73.0,34.0,52.0,11.0,20.0,28.0
Latvia,EU,,0.0,0.0,0.0,0.0,0.0,0.0,0.0,0.0,0.0,0.0,0.0,0.0,0.0,0.0,0.0,0.0,0.0,0.0,0.0,0.0,0.0,0.0,0.0,0.0,0.0,0.0,0.0,0.0,0.0,0.0,0.0,0.0,0.0,0.0,0.0,0.0,0.0,0.0,0.0,1.0,0.0,0.0,0.0,0.0,0.0,1.0,4.0,2.0,2.0,0.0,7.0,9.0,4.0,4.0,15.0,22.0,15.0,25.0,13.0,15.0,41.0,17.0,24.0,23.0,36.0,25.0,42.0,29.0,22.0,48.0,12.0,35.0,16.0,24.0,9.0,6.0,29.0
Kazakhstan,AS,,0.0,0.0,0.0,0.0,0.0,0.0,0.0,0.0,0.0,0.0,0.0,0.0,0.0,0.0,0.0,0.0,0.0,0.0,0.0,0.0,0.0,0.0,0.0,0.0,0.0,0.0,0.0,0.0,0.0,0.0,0.0,0.0,0.0,0.0,0.0,0.0,0.0,0.0,0.0,0.0,0.0,0.0,0.0,0.0,0.0,0.0,0.0,0.0,0.0,0.0,4.0,2.0,3.0,1.0,23.0,2.0,9.0,5.0,4.0,7.0,2.0,10.0,9.0,30.0,39.0,78.0,56.0,18.0,41.0,37.0,55.0,29.0,67.0,53.0,78.0,35.0,30.0
Burkina Faso,AF,,0.0,0.0,0.0,0.0,0.0,0.0,0.0,0.0,0.0,0.0,0.0,0.0,0.0,0.0,0.0,0.0,0.0,0.0,0.0,0.0,0.0,0.0,0.0,0.0,0.0,0.0,0.0,0.0,0.0,0.0,0.0,0.0,0.0,0.0,0.0,0.0,0.0,0.0,0.0,0.0,0.0,0.0,0.0,0.0,0.0,0.0,0.0,1.0,1.0,0.0,0.0,0.0,1.0,12.0,0.0,5.0,13.0,7.0,24.0,11.0,24.0,15.0,32.0,6.0,28.0,27.0,15.0,24.0,15.0,21.0,6.0,14.0,16.0,27.0,19.0,20.0,30.0
Iceland,EU,,0.0,0.0,0.0,0.0,0.0,0.0,0.0,0.0,0.0,0.0,0.0,0.0,0.0,0.0,0.0,0.0,0.0,0.0,0.0,0.0,0.0,0.0,0.0,0.0,0.0,0.0,0.0,0.0,0.0,0.0,0.0,0.0,0.0,0.0,0.0,0.0,1.0,0.0,2.0,3.0,5.0,15.0,8.0,9.0,7.0,0.0,8.0,11.0,16.0,18.0,31.0,22.0,15.0,9.0,40.0,30.0,80.0,79.0,64.0,95.0,20.0,60.0,89.0,65.0,88.0,73.0,57.0,66.0,49.0,85.0,99.0,45.0,53.0,69.0,76.0,24.0,30.0
Cyprus,EU,,0.0,0.0,0.0,0.0,0.0,0.0,0.0,0.0,0.0,0.0,0.0,0.0,0.0,0.0,0.0,0.0,0.0,0.0,0.0,0.0,0.0,0.0,0.0,0.0,0.0,0.0,0.0,0.0,0.0,0.0,0.0,0.0,0.0,0.0,0.0,0.0,0.0,0.0,0.0,0.0,0.0,0.0,0.0,0.0,0.0,0.0,2.0,1.0,3.0,0.0,8.0,12.0,0.0,7.0,13.0,3.0,18.0,0.0,17.0,11.0,21.0,8.0,8.0,14.0,16.0,17.0,35.0,16.0,32.0,58.0,36.0,40.0,30.0,20.0,19.0,29.0,32.0
Lithuania,EU,,0.0,0.0,0.0,0.0,0.0,0.0,0.0,0.0,0.0,0.0,0.0,0.0,0.0,0.0,0.0,0.0,0.0,0.0,0.0,0.0,0.0,0.0,0.0,0.0,0.0,0.0,0.0,0.0,0.0,0.0,0.0,0.0,0.0,0.0,0.0,0.0,1.0,0.0,0.0,0.0,0.0,0.0,0.0,0.0,0.0,0.0,0.0,0.0,2.0,0.0,3.0,2.0,4.0,5.0,8.0,2.0,9.0,13.0,34.0,60.0,36.0,30.0,65.0,25.0,59.0,36.0,66.0,31.0,46.0,44.0,68.0,47.0,75.0,40.0,32.0,37.0,32.0
Slovenia,EU,,0.0,0.0,0.0,0.0,0.0,0.0,0.0,0.0,0.0,0.0,0.0,0.0,0.0,0.0,0.0,0.0,0.0,0.0,0.0,0.0,0.0,0.0,0.0,0.0,0.0,0.0,0.0,0.0,0.0,0.0,0.0,0.0,0.0,0.0,0.0,0.0,0.0,0.0,0.0,0.0,0.0,0.0,2.0,5.0,0.0,9.0,0.0,15.0,26.0,32.0,52.0,40.0,38.0,34.0,22.0,0.0,11.0,55.0,42.0,31.0,28.0,38.0,48.0,34.0,70.0,52.0,46.0,26.0,46.0,39.0,56.0,37.0,43.0,20.0,24.0,38.0,32.0
Cote d'Ivoire,AF,,0.0,0.0,0.0,0.0,0.0,0.0,0.0,0.0,0.0,0.0,0.0,0.0,0.0,0.0,0.0,0.0,0.0,0.0,0.0,0.0,0.0,0.0,0.0,0.0,0.0,0.0,0.0,0.0,0.0,0.0,0.0,0.0,0.0,0.0,0.0,0.0,0.0,0.0,0.0,0.0,0.0,0.0,0.0,0.0,0.0,0.0,0.0,0.0,1.0,0.0,0.0,0.0,0.0,0.0,4.0,1.0,3.0,0.0,5.0,0.0,11.0,48.0,7.0,16.0,5.0,0.0,64.0,3.0,11.0,11.0,4.0,24.0,27.0,16.0,62.0,26.0,35.0
Estonia,EU,,0.0,0.0,0.0,0.0,0.0,0.0,0.0,0.0,0.0,0.0,0.0,0.0,0.0,0.0,0.0,0.0,0.0,0.0,0.0,0.0,0.0,0.0,0.0,0.0,0.0,0.0,0.0,0.0,0.0,0.0,0.0,0.0,0.0,0.0,0.0,1.0,0.0,0.0,0.0,0.0,1.0,0.0,1.0,7.0,0.0,0.0,0.0,2.0,4.0,0.0,63.0,36.0,56.0,34.0,20.0,33.0,9.0,16.0,23.0,20.0,26.0,17.0,35.0,134.0,37.0,70.0,34.0,36.0,30.0,34.0,79.0,103.0,78.0,58.0,11.0,41.0,36.0
Bosnia and Herzegovina,EU,,0.0,0.0,0.0,0.0,0.0,0.0,0.0,0.0,0.0,0.0,0.0,0.0,0.0,0.0,0.0,0.0,0.0,0.0,0.0,0.0,0.0,0.0,0.0,0.0,0.0,0.0,0.0,0.0,0.0,0.0,0.0,0.0,0.0,0.0,0.0,0.0,0.0,0.0,0.0,0.0,0.0,0.0,2.0,0.0,1.0,0.0,0.0,2.0,2.0,4.0,2.0,5.0,6.0,1.0,1.0,12.0,25.0,26.0,4.0,33.0,10.0,30.0,10.0,15.0,46.0,21.0,65.0,45.0,52.0,39.0,74.0,46.0,45.0,30.0,20.0,90.0,40.0
Kyrgyzstan,AS,,0.0,0.0,0.0,0.0,0.0,0.0,0.0,0.0,0.0,0.0,0.0,0.0,0.0,0.0,0.0,0.0,0.0,0.0,0.0,0.0,0.0,0.0,0.0,0.0,0.0,0.0,0.0,0.0,0.0,0.0,0.0,0.0,0.0,0.0,0.0,0.0,0.0,0.0,0.0,0.0,0.0,0.0,0.0,0.0,0.0,0.0,0.0,0.0,0.0,0.0,0.0,0.0,0.0,0.0,0.0,3.0,0.0,3.0,8.0,0.0,2.0,26.0,2.0,0.0,14.0,0.0,26.0,10.0,13.0,4.0,5.0,14.0,14.0,3.0,69.0,12.0,42.0
Djibouti,AF,,0.0,0.0,0.0,0.0,0.0,0.0,0.0,0.0,0.0,0.0,0.0,0.0,0.0,0.0,0.0,0.0,0.0,0.0,0.0,0.0,0.0,0.0,0.0,0.0,0.0,0.0,0.0,0.0,0.0,0.0,0.0,0.0,0.0,0.0,0.0,0.0,0.0,0.0,0.0,0.0,0.0,0.0,0.0,0.0,0.0,0.0,0.0,0.0,0.0,0.0,0.0,0.0,0.0,0.0,0.0,1.0,0.0,0.0,0.0,0.0,2.0,0.0,8.0,0.0,1.0,2.0,4.0,0.0,12.0,3.0,7.0,9.0,1.0,9.0,31.0,0.0,45.0
Oman,AS,,0.0,0.0,0.0,0.0,0.0,0.0,0.0,0.0,0.0,0.0,0.0,0.0,0.0,0.0,0.0,0.0,0.0,0.0,0.0,0.0,0.0,0.0,0.0,0.0,0.0,0.0,0.0,0.0,0.0,0.0,0.0,0.0,2.0,0.0,2.0,0.0,0.0,2.0,0.0,0.0,6.0,3.0,1.0,0.0,0.0,0.0,0.0,2.0,0.0,0.0,1.0,0.0,3.0,0.0,2.0,15.0,9.0,0.0,4.0,3.0,11.0,18.0,15.0,10.0,22.0,21.0,15.0,12.0,13.0,18.0,21.0,21.0,25.0,21.0,33.0,40.0,48.0
New Zealand,AU,,0.0,0.0,0.0,0.0,0.0,0.0,0.0,0.0,0.0,0.0,0.0,0.0,0.0,0.0,0.0,0.0,0.0,0.0,0.0,0.0,0.0,0.0,0.0,0.0,0.0,0.0,0.0,0.0,0.0,0.0,0.0,0.0,0.0,0.0,0.0,0.0,1.0,0.0,0.0,0.0,0.0,2.0,0.0,1.0,1.0,0.0,0.0,0.0,0.0,0.0,0.0,1.0,2.0,0.0,4.0,8.0,8.0,11.0,13.0,50.0,0.0,53.0,50.0,78.0,85.0,83.0,63.0,75.0,58.0,61.0,89.0,71.0,82.0,89.0,67.0,54.0,50.0
Greece,EU,,0.0,0.0,0.0,0.0,0.0,0.0,0.0,0.0,0.0,0.0,0.0,0.0,0.0,0.0,0.0,0.0,0.0,0.0,0.0,0.0,0.0,0.0,0.0,0.0,0.0,0.0,0.0,0.0,0.0,0.0,0.0,0.0,0.0,0.0,1.0,2.0,1.0,0.0,3.0,0.0,0.0,2.0,22.0,14.0,1.0,27.0,0.0,16.0,10.0,0.0,91.0,38.0,103.0,0.0,56.0,31.0,0.0,77.0,35.0,94.0,71.0,48.0,78.0,71.0,74.0,95.0,95.0,56.0,102.0,101.0,129.0,69.0,60.0,62.0,20.0,77.0,52.0
South Korea,AS,,0.0,1.0,0.0,1.0,1.0,0.0,0.0,0.0,7.0,1.0,3.0,0.0,1.0,3.0,4.0,1.0,0.0,1.0,2.0,1.0,0.0,0.0,0.0,0.0,1.0,1.0,1.0,0.0,73.0,100.0,229.0,169.0,231.0,144.0,284.0,505.0,571.0,813.0,586.0,599.0,851.0,435.0,467.0,505.0,448.0,273.0,164.0,35.0,242.0,114.0,110.0,107.0,76.0,74.0,84.0,93.0,152.0,87.0,147.0,162.0,0.0,76.0,100.0,104.0,91.0,146.0,105.0,78.0,125.0,101.0,89.0,86.0,94.0,81.0,47.0,47.0,53.0
Bangladesh,AS,,0.0,0.0,0.0,0.0,0.0,0.0,0.0,0.0,0.0,0.0,0.0,0.0,0.0,0.0,0.0,0.0,0.0,0.0,0.0,0.0,0.0,0.0,0.0,0.0,0.0,0.0,0.0,0.0,0.0,0.0,0.0,0.0,0.0,0.0,0.0,0.0,0.0,0.0,0.0,0.0,0.0,0.0,0.0,0.0,0.0,3.0,0.0,0.0,0.0,0.0,0.0,0.0,2.0,3.0,2.0,4.0,3.0,3.0,5.0,2.0,6.0,6.0,0.0,5.0,4.0,0.0,0.0,1.0,2.0,3.0,2.0,5.0,9.0,18.0,35.0,41.0,54.0
Croatia,EU,,0.0,0.0,0.0,0.0,0.0,0.0,0.0,0.0,0.0,0.0,0.0,0.0,0.0,0.0,0.0,0.0,0.0,0.0,0.0,0.0,0.0,0.0,0.0,0.0,0.0,0.0,0.0,0.0,0.0,0.0,0.0,0.0,0.0,1.0,2.0,0.0,2.0,1.0,1.0,0.0,2.0,1.0,0.0,1.0,1.0,0.0,0.0,2.0,5.0,0.0,13.0,6.0,11.0,8.0,8.0,16.0,24.0,23.0,78.0,48.0,61.0,67.0,60.0,53.0,91.0,71.0,56.0,77.0,77.0,96.0,48.0,68.0,47.0,56.0,40.0,60.0,61.0
Cuba,SA,,0.0,0.0,0.0,0.0,0.0,0.0,0.0,0.0,0.0,0.0,0.0,0.0,0.0,0.0,0.0,0.0,0.0,0.0,0.0,0.0,0.0,0.0,0.0,0.0,0.0,0.0,0.0,0.0,0.0,0.0,0.0,0.0,0.0,0.0,0.0,0.0,0.0,0.0,0.0,0.0,0.0,0.0,0.0,0.0,0.0,0.0,0.0,0.0,0.0,3.0,1.0,0.0,0.0,0.0,1.0,2.0,4.0,5.0,5.0,14.0,5.0,8.0,9.0,10.0,13.0,39.0,20.0,31.0,16.0,26.0,21.0,36.0,19.0,32.0,30.0,46.0,61.0
Luxembourg,EU,,0.0,0.0,0.0,0.0,0.0,0.0,0.0,0.0,0.0,0.0,0.0,0.0,0.0,0.0,0.0,0.0,0.0,0.0,0.0,0.0,0.0,0.0,0.0,0.0,0.0,0.0,0.0,0.0,0.0,0.0,0.0,0.0,0.0,0.0,0.0,0.0,0.0,1.0,0.0,0.0,0.0,0.0,0.0,1.0,0.0,1.0,0.0,2.0,2.0,12.0,15.0,17.0,8.0,18.0,63.0,63.0,132.0,149.0,186.0,128.0,77.0,224.0,234.0,120.0,152.0,226.0,119.0,38.0,190.0,141.0,168.0,125.0,117.0,75.0,39.0,127.0,64.0
Niger,AF,,0.0,0.0,0.0,0.0,0.0,0.0,0.0,0.0,0.0,0.0,0.0,0.0,0.0,0.0,0.0,0.0,0.0,0.0,0.0,0.0,0.0,0.0,0.0,0.0,0.0,0.0,0.0,0.0,0.0,0.0,0.0,0.0,0.0,0.0,0.0,0.0,0.0,0.0,0.0,0.0,0.0,0.0,0.0,0.0,0.0,0.0,0.0,0.0,0.0,0.0,0.0,0.0,0.0,0.0,0.0,0.0,0.0,1.0,0.0,1.0,1.0,0.0,4.0,3.0,0.0,0.0,8.0,9.0,0.0,47.0,24.0,22.0,24.0,40.0,69.0,25.0,64.0
Cameroon,AF,,0.0,0.0,0.0,0.0,0.0,0.0,0.0,0.0,0.0,0.0,0.0,0.0,0.0,0.0,0.0,0.0,0.0,0.0,0.0,0.0,0.0,0.0,0.0,0.0,0.0,0.0,0.0,0.0,0.0,0.0,0.0,0.0,0.0,0.0,0.0,0.0,0.0,0.0,0.0,0.0,0.0,0.0,0.0,1.0,0.0,1.0,0.0,0.0,0.0,0.0,0.0,0.0,0.0,2.0,6.0,0.0,3.0,7.0,7.0,13.0,16.0,10.0,9.0,0.0,16.0,0.0,48.0,0.0,54.0,40.0,73.0,203.0,46.0,95.0,8.0,0.0,72.0
Hungary,EU,,0.0,0.0,0.0,0.0,0.0,0.0,0.0,0.0,0.0,0.0,0.0,0.0,0.0,0.0,0.0,0.0,0.0,0.0,0.0,0.0,0.0,0.0,0.0,0.0,0.0,0.0,0.0,0.0,0.0,0.0,0.0,0.0,0.0,0.0,0.0,0.0,0.0,0.0,0.0,0.0,0.0,2.0,0.0,0.0,2.0,3.0,2.0,0.0,4.0,0.0,6.0,11.0,2.0,7.0,11.0,8.0,15.0,12.0,18.0,28.0,36.0,20.0,39.0,35.0,39.0,43.0,65.0,39.0,45.0,33.0,60.0,38.0,55.0,55.0,11.0,73.0,78.0
Iraq,AS,,0.0,0.0,0.0,0.0,0.0,0.0,0.0,0.0,0.0,0.0,0.0,0.0,0.0,0.0,0.0,0.0,0.0,0.0,0.0,0.0,0.0,0.0,0.0,0.0,0.0,0.0,0.0,0.0,0.0,0.0,0.0,0.0,1.0,0.0,4.0,2.0,0.0,6.0,6.0,7.0,6.0,3.0,0.0,5.0,14.0,6.0,0.0,11.0,0.0,0.0,30.0,9.0,6.0,8.0,30.0,10.0,28.0,16.0,6.0,19.0,33.0,50.0,30.0,36.0,76.0,48.0,41.0,83.0,64.0,34.0,44.0,48.0,58.0,83.0,70.0,91.0,80.0
Argentina,SA,,0.0,0.0,0.0,0.0,0.0,0.0,0.0,0.0,0.0,0.0,0.0,0.0,0.0,0.0,0.0,0.0,0.0,0.0,0.0,0.0,0.0,0.0,0.0,0.0,0.0,0.0,0.0,0.0,0.0,0.0,0.0,0.0,0.0,0.0,0.0,0.0,0.0,0.0,0.0,0.0,1.0,0.0,0.0,1.0,6.0,4.0,0.0,5.0,2.0,0.0,12.0,3.0,11.0,11.0,12.0,11.0,18.0,31.0,30.0,108.0,35.0,86.0,0.0,115.0,87.0,101.0,55.0,75.0,234.0,0.0,79.0,132.0,186.0,0.0,103.0,74.0,87.0
China,AS,,95.0,277.0,486.0,669.0,802.0,2632.0,578.0,2054.0,1661.0,2089.0,4739.0,3086.0,3991.0,3733.0,3147.0,3523.0,2704.0,3015.0,2525.0,2032.0,373.0,15136.0,6463.0,2055.0,2100.0,1921.0,1777.0,408.0,458.0,473.0,1451.0,21.0,219.0,513.0,412.0,434.0,328.0,428.0,576.0,204.0,125.0,125.0,151.0,153.0,80.0,53.0,37.0,27.0,34.0,11.0,13.0,32.0,26.0,30.0,25.0,44.0,54.0,94.0,55.0,130.0,63.0,93.0,70.0,121.0,115.0,102.0,123.0,76.0,81.0,82.0,71.0,79.0,32.0,59.0,63.0,53.0,91.0
Morocco,AF,,0.0,0.0,0.0,0.0,0.0,0.0,0.0,0.0,0.0,0.0,0.0,0.0,0.0,0.0,0.0,0.0,0.0,0.0,0.0,0.0,0.0,0.0,0.0,0.0,0.0,0.0,0.0,0.0,0.0,0.0,0.0,0.0,0.0,0.0,0.0,0.0,0.0,0.0,0.0,1.0,0.0,0.0,1.0,0.0,0.0,0.0,0.0,1.0,2.0,1.0,1.0,10.0,11.0,1.0,9.0,11.0,14.0,14.0,19.0,19.0,28.0,27.0,55.0,50.0,70.0,57.0,77.0,77.0,61.0,37.0,54.0,83.0,128.0,102.0,99.0,64.0,91.0
South Africa,AF,,0.0,0.0,0.0,0.0,0.0,0.0,0.0,0.0,0.0,0.0,0.0,0.0,0.0,0.0,0.0,0.0,0.0,0.0,0.0,0.0,0.0,0.0,0.0,0.0,0.0,0.0,0.0,0.0,0.0,0.0,0.0,0.0,0.0,0.0,0.0,0.0,0.0,0.0,0.0,0.0,0.0,0.0,1.0,0.0,0.0,2.0,0.0,4.0,6.0,4.0,7.0,14.0,13.0,11.0,0.0,54.0,34.0,52.0,38.0,34.0,128.0,152.0,155.0,218.0,243.0,17.0,93.0,46.0,27.0,27.0,82.0,43.0,80.0,70.0,31.0,63.0,96.0
Slovakia,EU,,0.0,0.0,0.0,0.0,0.0,0.0,0.0,0.0,0.0,0.0,0.0,0.0,0.0,0.0,0.0,0.0,0.0,0.0,0.0,0.0,0.0,0.0,0.0,0.0,0.0,0.0,0.0,0.0,0.0,0.0,0.0,0.0,0.0,0.0,0.0,0.0,0.0,0.0,0.0,0.0,0.0,0.0,0.0,1.0,0.0,2.0,0.0,4.0,3.0,6.0,16.0,12.0,10.0,9.0,9.0,33.0,18.0,14.0,41.0,7.0,1.0,18.0,12.0,10.0,43.0,23.0,22.0,22.0,27.0,37.0,26.0,24.0,21.0,14.0,49.0,47.0,101.0
Algeria,AF,,0.0,0.0,0.0,0.0,0.0,0.0,0.0,0.0,0.0,0.0,0.0,0.0,0.0,0.0,0.0,0.0,0.0,0.0,0.0,0.0,0.0,0.0,0.0,0.0,0.0,0.0,0.0,0.0,0.0,0.0,0.0,0.0,0.0,1.0,0.0,0.0,0.0,0.0,0.0,2.0,2.0,7.0,0.0,5.0,0.0,2.0,1.0,0.0,0.0,4.0,2.0,11.0,11.0,6.0,6.0,14.0,13.0,3.0,49.0,62.0,29.0,34.0,38.0,65.0,42.0,45.0,57.0,73.0,132.0,131.0,139.0,185.0,80.0,69.0,103.0,45.0,104.0
Azerbaijan,AS,,0.0,0.0,0.0,0.0,0.0,0.0,0.0,0.0,0.0,0.0,0.0,0.0,0.0,0.0,0.0,0.0,0.0,0.0,0.0,0.0,0.0,0.0,0.0,0.0,0.0,0.0,0.0,0.0,0.0,0.0,0.0,0.0,0.0,0.0,0.0,0.0,0.0,0.0,3.0,0.0,0.0,0.0,3.0,0.0,3.0,0.0,0.0,2.0,0.0,0.0,4.0,0.0,8.0,5.0,0.0,0.0,16.0,0.0,9.0,12.0,7.0,15.0,6.0,29.0,43.0,17.0,27.0,64.0,25.0,61.0,41.0,43.0,78.0,63.0,57.0,76.0,105.0
Philippines,AS,,0.0,0.0,0.0,0.0,0.0,0.0,0.0,1.0,0.0,0.0,1.0,0.0,0.0,0.0,0.0,1.0,0.0,0.0,0.0,0.0,0.0,0.0,0.0,0.0,0.0,0.0,0.0,0.0,0.0,0.0,0.0,0.0,0.0,0.0,0.0,0.0,0.0,0.0,0.0,0.0,0.0,0.0,0.0,2.0,1.0,4.0,10.0,13.0,16.0,3.0,12.0,47.0,29.0,2.0,45.0,15.0,15.0,13.0,77.0,73.0,82.0,90.0,84.0,71.0,96.0,272.0,343.0,128.0,538.0,227.0,322.0,385.0,76.0,152.0,414.0,104.0,106.0
Egypt,AF,,0.0,0.0,0.0,0.0,0.0,0.0,0.0,0.0,0.0,0.0,0.0,0.0,0.0,0.0,0.0,0.0,0.0,0.0,0.0,0.0,0.0,0.0,1.0,0.0,0.0,0.0,0.0,0.0,0.0,0.0,0.0,0.0,0.0,0.0,0.0,0.0,0.0,0.0,1.0,0.0,0.0,0.0,1.0,12.0,0.0,34.0,6.0,4.0,1.0,7.0,13.0,29.0,1.0,40.0,46.0,0.0,60.0,29.0,9.0,33.0,39.0,36.0,54.0,39.0,41.0,40.0,33.0,47.0,54.0,69.0,86.0,120.0,85.0,103.0,149.0,128.0,110.0
Thailand,AS,,1.0,2.0,2.0,1.0,0.0,6.0,0.0,0.0,5.0,0.0,0.0,0.0,6.0,0.0,0.0,0.0,7.0,0.0,0.0,1.0,0.0,0.0,0.0,0.0,1.0,1.0,0.0,0.0,0.0,0.0,0.0,0.0,0.0,2.0,3.0,0.0,1.0,1.0,0.0,1.0,0.0,0.0,4.0,1.0,2.0,0.0,0.0,3.0,6.0,11.0,5.0,7.0,32.0,33.0,30.0,35.0,60.0,50.0,89.0,188.0,122.0,106.0,107.0,111.0,91.0,109.0,143.0,136.0,127.0,120.0,104.0,103.0,89.0,102.0,51.0,38.0,111.0
Kuwait,AS,,0.0,0.0,0.0,0.0,0.0,0.0,0.0,0.0,0.0,0.0,0.0,0.0,0.0,0.0,0.0,0.0,0.0,0.0,0.0,0.0,0.0,0.0,0.0,0.0,0.0,0.0,0.0,0.0,0.0,0.0,0.0,0.0,1.0,10.0,15.0,17.0,2.0,0.0,0.0,11.0,0.0,0.0,2.0,0.0,3.0,3.0,0.0,5.0,3.0,8.0,0.0,24.0,8.0,11.0,7.0,12.0,6.0,11.0,17.0,12.0,1.0,2.0,4.0,13.0,17.0,10.0,20.0,11.0,23.0,28.0,25.0,75.0,62.0,77.0,109.0,78.0,112.0
Australia,AU,,0.0,0.0,0.0,4.0,1.0,0.0,1.0,3.0,0.0,3.0,0.0,0.0,1.0,0.0,1.0,1.0,0.0,0.0,0.0,0.0,0.0,0.0,0.0,0.0,0.0,0.0,0.0,0.0,0.0,0.0,0.0,0.0,0.0,0.0,0.0,0.0,0.0,10.0,2.0,3.0,9.0,13.0,3.0,5.0,3.0,13.0,15.0,16.0,21.0,0.0,72.0,50.0,47.0,80.0,75.0,116.0,113.0,110.0,280.0,478.0,133.0,362.0,320.0,446.0,333.0,497.0,344.0,377.0,198.0,303.0,254.0,214.0,220.0,137.0,110.0,98.0,115.0
Moldova,EU,,0.0,0.0,0.0,0.0,0.0,0.0,0.0,0.0,0.0,0.0,0.0,0.0,0.0,0.0,0.0,0.0,0.0,0.0,0.0,0.0,0.0,0.0,0.0,0.0,0.0,0.0,0.0,0.0,0.0,0.0,0.0,0.0,0.0,0.0,0.0,0.0,0.0,0.0,0.0,0.0,0.0,0.0,0.0,0.0,0.0,1.0,0.0,2.0,0.0,0.0,3.0,6.0,11.0,0.0,7.0,0.0,19.0,17.0,14.0,14.0,15.0,16.0,24.0,28.0,22.0,32.0,32.0,35.0,55.0,70.0,82.0,86.0,161.0,112.0,101.0,91.0,118.0
Saudi Arabia,AS,,0.0,0.0,0.0,0.0,0.0,0.0,0.0,0.0,0.0,0.0,0.0,0.0,0.0,0.0,0.0,0.0,0.0,0.0,0.0,0.0,0.0,0.0,0.0,0.0,0.0,0.0,0.0,0.0,0.0,0.0,0.0,0.0,0.0,0.0,0.0,0.0,0.0,0.0,0.0,1.0,0.0,0.0,4.0,0.0,0.0,6.0,4.0,5.0,1.0,24.0,41.0,17.0,0.0,15.0,53.0,0.0,103.0,70.0,48.0,119.0,51.0,205.0,133.0,112.0,92.0,99.0,96.0,154.0,110.0,157.0,165.0,154.0,140.0,223.0,203.0,190.0,137.0
Singapore,AS,,1.0,2.0,0.0,1.0,1.0,2.0,0.0,3.0,3.0,3.0,2.0,0.0,6.0,4.0,0.0,2.0,3.0,7.0,5.0,2.0,3.0,8.0,9.0,5.0,3.0,2.0,4.0,3.0,0.0,1.0,0.0,4.0,0.0,2.0,2.0,0.0,0.0,9.0,4.0,2.0,2.0,0.0,7.0,13.0,8.0,12.0,0.0,10.0,18.0,0.0,22.0,12.0,14.0,17.0,23.0,47.0,32.0,40.0,47.0,23.0,54.0,49.0,73.0,52.0,49.0,70.0,42.0,35.0,47.0,74.0,49.0,65.0,75.0,120.0,66.0,106.0,142.0
Panama,SA,,0.0,0.0,0.0,0.0,0.0,0.0,0.0,0.0,0.0,0.0,0.0,0.0,0.0,0.0,0.0,0.0,0.0,0.0,0.0,0.0,0.0,0.0,0.0,0.0,0.0,0.0,0.0,0.0,0.0,0.0,0.0,0.0,0.0,0.0,0.0,0.0,0.0,0.0,0.0,0.0,0.0,0.0,0.0,0.0,0.0,0.0,0.0,1.0,7.0,3.0,16.0,9.0,7.0,12.0,14.0,17.0,23.0,28.0,63.0,113.0,32.0,0.0,98.0,115.0,116.0,112.0,115.0,88.0,192.0,0.0,136.0,158.0,198.0,128.0,187.0,112.0,149.0
Qatar,AS,,0.0,0.0,0.0,0.0,0.0,0.0,0.0,0.0,0.0,0.0,0.0,0.0,0.0,0.0,0.0,0.0,0.0,0.0,0.0,0.0,0.0,0.0,0.0,0.0,0.0,0.0,0.0,0.0,0.0,0.0,0.0,0.0,0.0,0.0,0.0,0.0,0.0,1.0,2.0,0.0,4.0,1.0,0.0,0.0,0.0,7.0,3.0,6.0,238.0,0.0,58.0,17.0,64.0,38.0,0.0,13.0,8.0,10.0,11.0,13.0,7.0,25.0,11.0,12.0,13.0,28.0,44.0,59.0,88.0,54.0,114.0,126.0,250.0,279.0,228.0,225.0,153.0
Dominican Republic,SA,,0.0,0.0,0.0,0.0,0.0,0.0,0.0,0.0,0.0,0.0,0.0,0.0,0.0,0.0,0.0,0.0,0.0,0.0,0.0,0.0,0.0,0.0,0.0,0.0,0.0,0.0,0.0,0.0,0.0,0.0,0.0,0.0,0.0,0.0,0.0,0.0,0.0,0.0,1.0,0.0,0.0,0.0,0.0,1.0,0.0,3.0,0.0,0.0,0.0,0.0,0.0,6.0,0.0,0.0,10.0,0.0,13.0,38.0,40.0,90.0,43.0,67.0,80.0,96.0,93.0,138.0,140.0,42.0,208.0,175.0,96.0,108.0,0.0,257.0,83.0,128.0,155.0
Malaysia,AS,,0.0,0.0,3.0,1.0,0.0,0.0,3.0,1.0,0.0,0.0,0.0,0.0,2.0,2.0,0.0,0.0,4.0,0.0,2.0,0.0,0.0,1.0,0.0,3.0,0.0,0.0,0.0,0.0,0.0,0.0,0.0,0.0,0.0,0.0,0.0,1.0,0.0,2.0,4.0,0.0,7.0,14.0,0.0,33.0,10.0,6.0,18.0,12.0,20.0,0.0,48.0,41.0,190.0,138.0,107.0,117.0,110.0,130.0,153.0,123.0,212.0,106.0,172.0,235.0,130.0,159.0,150.0,156.0,140.0,142.0,208.0,217.0,150.0,179.0,131.0,170.0,156.0
Israel,AS,,0.0,0.0,0.0,0.0,0.0,0.0,0.0,0.0,0.0,0.0,0.0,0.0,0.0,0.0,0.0,0.0,0.0,0.0,0.0,0.0,0.0,0.0,0.0,0.0,0.0,0.0,0.0,0.0,0.0,1.0,0.0,0.0,0.0,0.0,1.0,1.0,1.0,3.0,3.0,0.0,2.0,3.0,5.0,17.0,6.0,18.0,0.0,14.0,4.0,21.0,26.0,29.0,58.0,5.0,32.0,54.0,123.0,102.0,183.0,171.0,188.0,167.0,1131.0,324.0,342.0,584.0,628.0,448.0,663.0,734.0,765.0,571.0,423.0,579.0,474.0,344.0,156.0
Finland,EU,,0.0,0.0,0.0,0.0,0.0,0.0,1.0,0.0,0.0,0.0,0.0,0.0,0.0,0.0,0.0,0.0,0.0,0.0,0.0,0.0,0.0,0.0,0.0,0.0,0.0,0.0,0.0,0.0,0.0,0.0,0.0,0.0,0.0,0.0,1.0,0.0,0.0,1.0,3.0,0.0,0.0,0.0,6.0,3.0,0.0,8.0,7.0,10.0,19.0,0.0,96.0,70.0,19.0,33.0,44.0,15.0,64.0,50.0,73.0,103.0,74.0,92.0,88.0,78.0,83.0,126.0,73.0,112.0,66.0,28.0,72.0,97.0,267.0,45.0,249.0,132.0,179.0
Belarus,EU,,0.0,0.0,0.0,0.0,0.0,0.0,0.0,0.0,0.0,0.0,0.0,0.0,0.0,0.0,0.0,0.0,0.0,0.0,0.0,0.0,0.0,0.0,0.0,0.0,0.0,0.0,0.0,0.0,0.0,0.0,0.0,0.0,0.0,0.0,0.0,0.0,1.0,0.0,0.0,0.0,0.0,5.0,0.0,0.0,0.0,0.0,0.0,3.0,0.0,3.0,15.0,0.0,0.0,9.0,0.0,15.0,0.0,18.0,7.0,0.0,5.0,0.0,5.0,0.0,8.0,0.0,0.0,58.0,0.0,11.0,141.0,47.0,89.0,122.0,138.0,161.0,205.0
Ukraine,EU,,0.0,0.0,0.0,0.0,0.0,0.0,0.0,0.0,0.0,0.0,0.0,0.0,0.0,0.0,0.0,0.0,0.0,0.0,0.0,0.0,0.0,0.0,0.0,0.0,0.0,0.0,0.0,0.0,0.0,0.0,0.0,0.0,0.0,0.0,0.0,0.0,0.0,0.0,0.0,0.0,1.0,0.0,0.0,0.0,0.0,0.0,0.0,0.0,0.0,0.0,2.0,0.0,0.0,4.0,7.0,0.0,2.0,13.0,18.0,26.0,0.0,24.0,48.0,51.0,114.0,46.0,119.0,73.0,97.0,149.0,103.0,175.0,153.0,83.0,11.0,143.0,206.0
Indonesia,AS,,0.0,0.0,0.0,0.0,0.0,0.0,0.0,0.0,0.0,0.0,0.0,0.0,0.0,0.0,0.0,0.0,0.0,0.0,0.0,0.0,0.0,0.0,0.0,0.0,0.0,0.0,0.0,0.0,0.0,0.0,0.0,0.0,0.0,0.0,0.0,0.0,0.0,0.0,0.0,2.0,0.0,0.0,0.0,2.0,0.0,2.0,13.0,8.0,7.0,0.0,35.0,27.0,21.0,17.0,38.0,55.0,84.0,58.0,81.0,64.0,65.0,107.0,104.0,103.0,153.0,109.0,130.0,129.0,114.0,149.0,113.0,196.0,106.0,181.0,218.0,247.0,218.0
Serbia,EU,,0.0,0.0,0.0,0.0,0.0,0.0,0.0,0.0,0.0,0.0,0.0,0.0,0.0,0.0,0.0,0.0,0.0,0.0,0.0,0.0,0.0,0.0,0.0,0.0,0.0,0.0,0.0,0.0,0.0,0.0,0.0,0.0,0.0,0.0,0.0,0.0,0.0,0.0,0.0,0.0,0.0,0.0,0.0,1.0,0.0,0.0,0.0,4.0,7.0,7.0,16.0,11.0,2.0,7.0,10.0,18.0,20.0,32.0,36.0,51.0,27.0,54.0,81.0,0.0,73.0,202.0,82.0,44.0,115.0,160.0,111.0,305.0,148.0,284.0,292.0,247.0,219.0
Pakistan,AS,,0.0,0.0,0.0,0.0,0.0,0.0,0.0,0.0,0.0,0.0,0.0,0.0,0.0,0.0,0.0,0.0,0.0,0.0,0.0,0.0,0.0,0.0,0.0,0.0,0.0,0.0,0.0,0.0,0.0,0.0,0.0,0.0,0.0,0.0,2.0,0.0,0.0,2.0,0.0,0.0,1.0,0.0,0.0,1.0,0.0,0.0,0.0,10.0,3.0,1.0,8.0,3.0,22.0,83.0,100.0,63.0,155.0,47.0,229.0,46.0,99.0,97.0,91.0,138.0,172.0,122.0,102.0,120.0,221.0,180.0,303.0,265.0,132.0,339.0,609.0,269.0,228.0
Colombia,SA,,0.0,0.0,0.0,0.0,0.0,0.0,0.0,0.0,0.0,0.0,0.0,0.0,0.0,0.0,0.0,0.0,0.0,0.0,0.0,0.0,0.0,0.0,0.0,0.0,0.0,0.0,0.0,0.0,0.0,0.0,0.0,0.0,0.0,0.0,0.0,0.0,0.0,0.0,0.0,0.0,0.0,0.0,0.0,1.0,0.0,0.0,0.0,2.0,6.0,0.0,4.0,9.0,12.0,20.0,11.0,28.0,9.0,26.0,68.0,35.0,46.0,101.0,92.0,21.0,48.0,69.0,94.0,96.0,108.0,159.0,96.0,106.0,139.0,79.0,94.0,201.0,274.0
Czechia,EU,,0.0,0.0,0.0,0.0,0.0,0.0,0.0,0.0,0.0,0.0,0.0,0.0,0.0,0.0,0.0,0.0,0.0,0.0,0.0,0.0,0.0,0.0,0.0,0.0,0.0,0.0,0.0,0.0,0.0,0.0,0.0,0.0,0.0,0.0,0.0,0.0,0.0,0.0,3.0,0.0,2.0,3.0,4.0,6.0,1.0,12.0,0.0,10.0,50.0,3.0,47.0,48.0,64.0,45.0,98.0,68.0,230.0,139.0,162.0,125.0,116.0,158.0,260.0,271.0,354.0,352.0,186.0,184.0,307.0,200.0,350.0,233.0,381.0,115.0,235.0,195.0,295.0
United Arab Emirates,AS,,0.0,0.0,0.0,0.0,0.0,0.0,4.0,0.0,0.0,0.0,1.0,0.0,0.0,0.0,0.0,0.0,2.0,0.0,1.0,0.0,0.0,0.0,0.0,0.0,1.0,0.0,0.0,0.0,0.0,0.0,4.0,0.0,0.0,0.0,0.0,0.0,6.0,2.0,0.0,0.0,6.0,0.0,2.0,0.0,16.0,0.0,0.0,29.0,0.0,11.0,0.0,0.0,13.0,0.0,0.0,15.0,27.0,0.0,13.0,0.0,45.0,50.0,85.0,0.0,72.0,63.0,102.0,41.0,53.0,150.0,210.0,240.0,241.0,294.0,277.0,283.0,300.0
Austria,EU,,0.0,0.0,0.0,0.0,0.0,0.0,0.0,0.0,0.0,0.0,0.0,0.0,0.0,0.0,0.0,0.0,0.0,0.0,0.0,0.0,0.0,0.0,0.0,0.0,0.0,0.0,0.0,0.0,0.0,0.0,0.0,0.0,0.0,2.0,0.0,1.0,0.0,6.0,5.0,4.0,3.0,8.0,12.0,14.0,24.0,25.0,27.0,51.0,64.0,56.0,202.0,151.0,205.0,158.0,314.0,314.0,367.0,375.0,426.0,768.0,892.0,809.0,305.0,1321.0,748.0,614.0,517.0,830.0,562.0,531.0,418.0,395.0,257.0,270.0,246.0,342.0,303.0
Denmark,EU,,0.0,0.0,0.0,0.0,0.0,0.0,0.0,0.0,0.0,0.0,0.0,0.0,0.0,0.0,0.0,0.0,0.0,0.0,0.0,0.0,0.0,0.0,0.0,0.0,0.0,0.0,0.0,0.0,0.0,0.0,0.0,0.0,0.0,0.0,0.0,1.0,0.0,2.0,1.0,0.0,2.0,5.0,0.0,13.0,0.0,13.0,55.0,172.0,180.0,173.0,187.0,32.0,39.0,58.0,92.0,91.0,109.0,112.0,83.0,94.0,58.0,146.0,144.0,161.0,177.0,166.0,198.0,191.0,284.0,251.0,283.0,373.0,323.0,292.0,314.0,391.0,331.0
Romania,EU,,0.0,0.0,0.0,0.0,0.0,0.0,0.0,0.0,0.0,0.0,0.0,0.0,0.0,0.0,0.0,0.0,0.0,0.0,0.0,0.0,0.0,0.0,0.0,0.0,0.0,0.0,0.0,0.0,0.0,0.0,0.0,0.0,0.0,0.0,1.0,0.0,2.0,0.0,0.0,0.0,0.0,1.0,2.0,3.0,0.0,6.0,0.0,10.0,20.0,4.0,40.0,34.0,8.0,27.0,26.0,76.0,17.0,31.0,59.0,66.0,143.0,218.0,112.0,123.0,263.0,160.0,363.0,294.0,136.0,215.0,278.0,445.0,430.0,251.0,193.0,360.0,344.0
Mexico,NA,,0.0,0.0,0.0,0.0,0.0,0.0,0.0,0.0,0.0,0.0,0.0,0.0,0.0,0.0,0.0,0.0,0.0,0.0,0.0,0.0,0.0,0.0,0.0,0.0,0.0,0.0,0.0,0.0,0.0,0.0,0.0,0.0,0.0,0.0,0.0,0.0,1.0,3.0,1.0,0.0,0.0,0.0,0.0,1.0,0.0,1.0,0.0,0.0,1.0,4.0,0.0,14.0,15.0,12.0,29.0,11.0,25.0,46.0,39.0,48.0,65.0,51.0,38.0,70.0,110.0,132.0,131.0,145.0,101.0,121.0,163.0,132.0,178.0,202.0,253.0,296.0,346.0
Japan,AS,,0.0,0.0,0.0,2.0,0.0,3.0,0.0,4.0,4.0,5.0,0.0,0.0,2.0,0.0,0.0,3.0,0.0,1.0,0.0,0.0,2.0,0.0,1.0,14.0,16.0,7.0,8.0,10.0,10.0,11.0,17.0,25.0,12.0,11.0,19.0,25.0,14.0,13.0,15.0,18.0,19.0,38.0,29.0,60.0,41.0,41.0,9.0,70.0,58.0,0.0,62.0,72.0,66.0,0.0,39.0,11.0,35.0,39.0,44.0,94.0,27.0,65.0,114.0,80.0,81.0,225.0,173.0,0.0,87.0,225.0,317.0,122.0,522.0,0.0,515.0,252.0,351.0
Poland,EU,,0.0,0.0,0.0,0.0,0.0,0.0,0.0,0.0,0.0,0.0,0.0,0.0,0.0,0.0,0.0,0.0,0.0,0.0,0.0,0.0,0.0,0.0,0.0,0.0,0.0,0.0,0.0,0.0,0.0,0.0,0.0,0.0,0.0,0.0,0.0,0.0,0.0,0.0,0.0,0.0,0.0,1.0,0.0,4.0,0.0,6.0,5.0,6.0,9.0,18.0,19.0,35.0,16.0,58.0,61.0,13.0,104.0,70.0,111.0,98.0,115.0,152.0,150.0,170.0,168.0,249.0,224.0,193.0,256.0,243.0,392.0,437.0,244.0,475.0,311.0,435.0,357.0
Ireland,EU,,0.0,0.0,0.0,0.0,0.0,0.0,0.0,0.0,0.0,0.0,0.0,0.0,0.0,0.0,0.0,0.0,0.0,0.0,0.0,0.0,0.0,0.0,0.0,0.0,0.0,0.0,0.0,0.0,0.0,0.0,0.0,0.0,0.0,0.0,0.0,0.0,0.0,1.0,0.0,0.0,1.0,4.0,0.0,12.0,0.0,1.0,2.0,13.0,9.0,0.0,47.0,39.0,0.0,40.0,54.0,69.0,265.0,126.0,102.0,121.0,219.0,204.0,235.0,255.0,302.0,294.0,200.0,295.0,325.0,212.0,402.0,424.0,331.0,390.0,370.0,345.0,365.0
Chile,SA,,0.0,0.0,0.0,0.0,0.0,0.0,0.0,0.0,0.0,0.0,0.0,0.0,0.0,0.0,0.0,0.0,0.0,0.0,0.0,0.0,0.0,0.0,0.0,0.0,0.0,0.0,0.0,0.0,0.0,0.0,0.0,0.0,0.0,0.0,0.0,0.0,0.0,0.0,0.0,0.0,1.0,0.0,3.0,0.0,0.0,4.0,0.0,5.0,10.0,0.0,20.0,18.0,13.0,81.0,46.0,37.0,0.0,196.0,103.0,95.0,114.0,176.0,220.0,164.0,304.0,299.0,230.0,310.0,289.0,293.0,373.0,333.0,424.0,310.0,344.0,301.0,430.0
India,AS,,0.0,0.0,0.0,0.0,0.0,0.0,0.0,1.0,0.0,0.0,1.0,1.0,0.0,0.0,0.0,0.0,0.0,0.0,0.0,0.0,0.0,0.0,0.0,0.0,0.0,0.0,0.0,0.0,0.0,0.0,0.0,0.0,0.0,0.0,0.0,0.0,0.0,0.0,0.0,2.0,0.0,23.0,2.0,1.0,3.0,5.0,4.0,13.0,6.0,11.0,9.0,20.0,11.0,6.0,23.0,14.0,38.0,50.0,86.0,66.0,103.0,37.0,121.0,70.0,160.0,100.0,37.0,227.0,146.0,601.0,545.0,24.0,515.0,506.0,1190.0,533.0,605.0
Portugal,EU,,0.0,0.0,0.0,0.0,0.0,0.0,0.0,0.0,0.0,0.0,0.0,0.0,0.0,0.0,0.0,0.0,0.0,0.0,0.0,0.0,0.0,0.0,0.0,0.0,0.0,0.0,0.0,0.0,0.0,0.0,0.0,0.0,0.0,0.0,0.0,0.0,0.0,0.0,0.0,2.0,0.0,3.0,3.0,5.0,7.0,10.0,0.0,11.0,18.0,0.0,53.0,57.0,76.0,86.0,117.0,0.0,337.0,235.0,260.0,320.0,460.0,302.0,633.0,549.0,724.0,902.0,792.0,446.0,1035.0,808.0,783.0,852.0,638.0,754.0,452.0,712.0,699.0
Ecuador,SA,,0.0,0.0,0.0,0.0,0.0,0.0,0.0,0.0,0.0,0.0,0.0,0.0,0.0,0.0,0.0,0.0,0.0,0.0,0.0,0.0,0.0,0.0,0.0,0.0,0.0,0.0,0.0,0.0,0.0,0.0,0.0,0.0,0.0,0.0,0.0,0.0,0.0,0.0,6.0,0.0,1.0,3.0,3.0,0.0,0.0,1.0,1.0,0.0,2.0,0.0,0.0,11.0,0.0,9.0,21.0,53.0,88.0,168.0,139.0,283.0,192.0,101.0,91.0,230.0,192.0,228.0,101.0,38.0,278.0,508.0,415.0,205.0,97.0,181.0,101.0,0.0,703.0
Sweden,EU,,0.0,0.0,0.0,0.0,0.0,0.0,0.0,0.0,1.0,0.0,0.0,0.0,0.0,0.0,0.0,0.0,0.0,0.0,0.0,0.0,0.0,0.0,0.0,0.0,0.0,0.0,0.0,0.0,0.0,0.0,0.0,0.0,0.0,0.0,1.0,5.0,0.0,5.0,2.0,1.0,6.0,14.0,59.0,7.0,60.0,42.0,45.0,107.0,145.0,99.0,215.0,147.0,61.0,81.0,87.0,89.0,160.0,200.0,124.0,171.0,112.0,240.0,240.0,314.0,229.0,378.0,253.0,328.0,407.0,512.0,621.0,563.0,312.0,387.0,376.0,487.0,726.0
Netherlands,EU,,0.0,0.0,0.0,0.0,0.0,0.0,0.0,0.0,0.0,0.0,0.0,0.0,0.0,0.0,0.0,0.0,0.0,0.0,0.0,0.0,0.0,0.0,0.0,0.0,0.0,0.0,0.0,0.0,0.0,0.0,0.0,0.0,0.0,0.0,0.0,1.0,0.0,5.0,4.0,8.0,6.0,14.0,44.0,46.0,60.0,77.0,56.0,61.0,121.0,0.0,303.0,156.0,176.0,278.0,295.0,347.0,409.0,536.0,637.0,577.0,547.0,816.0,858.0,1030.0,1179.0,1172.0,1111.0,887.0,850.0,1029.0,1092.0,1033.0,906.0,1226.0,973.0,783.0,973.0
Switzerland,EU,,0.0,0.0,0.0,0.0,0.0,0.0,0.0,0.0,0.0,0.0,0.0,0.0,0.0,0.0,0.0,0.0,0.0,0.0,0.0,0.0,0.0,0.0,0.0,0.0,0.0,0.0,0.0,0.0,0.0,0.0,0.0,0.0,0.0,1.0,0.0,7.0,0.0,10.0,9.0,15.0,14.0,34.0,24.0,100.0,54.0,69.0,37.0,117.0,161.0,0.0,487.0,220.0,841.0,0.0,500.0,328.0,1047.0,1219.0,1281.0,899.0,1321.0,1082.0,1020.0,914.0,1117.0,1148.0,753.0,1093.0,683.0,1163.0,1059.0,779.0,899.0,595.0,557.0,596.0,1027.0
Russia,EU,,0.0,0.0,0.0,0.0,0.0,0.0,0.0,0.0,2.0,0.0,0.0,0.0,0.0,0.0,0.0,0.0,0.0,0.0,0.0,0.0,0.0,0.0,0.0,0.0,0.0,0.0,0.0,0.0,0.0,0.0,0.0,0.0,0.0,0.0,0.0,0.0,0.0,0.0,0.0,1.0,0.0,0.0,1.0,9.0,0.0,4.0,0.0,3.0,0.0,8.0,17.0,14.0,4.0,27.0,24.0,33.0,52.0,54.0,53.0,61.0,71.0,57.0,163.0,182.0,196.0,228.0,270.0,302.0,501.0,440.0,771.0,601.0,582.0,658.0,954.0,1154.0,1175.0
Belgium,EU,,0.0,0.0,0.0,0.0,0.0,0.0,0.0,0.0,0.0,0.0,0.0,0.0,1.0,0.0,0.0,0.0,0.0,0.0,0.0,0.0,0.0,0.0,0.0,0.0,0.0,0.0,0.0,0.0,0.0,0.0,0.0,0.0,0.0,0.0,0.0,0.0,0.0,0.0,1.0,6.0,5.0,10.0,27.0,59.0,60.0,31.0,39.0,28.0,47.0,0.0,245.0,130.0,197.0,172.0,185.0,243.0,309.0,462.0,558.0,586.0,342.0,526.0,668.0,1298.0,1049.0,1850.0,1702.0,1063.0,876.0,1189.0,1384.0,1422.0,1661.0,1260.0,1123.0,1380.0,1209.0
Canada,NA,,0.0,0.0,0.0,1.0,0.0,1.0,0.0,0.0,2.0,0.0,0.0,0.0,0.0,1.0,0.0,2.0,0.0,0.0,0.0,0.0,0.0,0.0,0.0,0.0,0.0,1.0,0.0,0.0,0.0,1.0,0.0,0.0,1.0,1.0,0.0,2.0,1.0,6.0,4.0,3.0,3.0,3.0,4.0,12.0,5.0,10.0,13.0,2.0,29.0,9.0,76.0,5.0,54.0,163.0,63.0,179.0,143.0,143.0,334.0,192.0,619.0,702.0,461.0,791.0,640.0,894.0,704.0,1118.0,1129.0,1033.0,1724.0,1153.0,541.0,2778.0,807.0,1309.0,1269.0
Peru,SA,,0.0,0.0,0.0,0.0,0.0,0.0,0.0,0.0,0.0,0.0,0.0,0.0,0.0,0.0,0.0,0.0,0.0,0.0,0.0,0.0,0.0,0.0,0.0,0.0,0.0,0.0,0.0,0.0,0.0,0.0,0.0,0.0,0.0,0.0,0.0,0.0,0.0,0.0,0.0,0.0,0.0,0.0,0.0,1.0,0.0,5.0,1.0,4.0,0.0,4.0,13.0,10.0,5.0,43.0,31.0,28.0,89.0,0.0,84.0,45.0,32.0,21.0,64.0,100.0,55.0,36.0,181.0,98.0,115.0,258.0,91.0,181.0,151.0,535.0,280.0,393.0,1388.0
Iran,AS,,0.0,0.0,0.0,0.0,0.0,0.0,0.0,0.0,0.0,0.0,0.0,0.0,0.0,0.0,0.0,0.0,0.0,0.0,0.0,0.0,0.0,0.0,0.0,0.0,0.0,0.0,0.0,2.0,3.0,13.0,10.0,15.0,18.0,34.0,44.0,106.0,143.0,205.0,385.0,523.0,835.0,586.0,591.0,1234.0,1076.0,743.0,595.0,881.0,958.0,1075.0,1289.0,1365.0,1209.0,1053.0,1178.0,1192.0,1046.0,1237.0,966.0,1028.0,1411.0,1762.0,2206.0,2389.0,2926.0,3076.0,2901.0,3186.0,3110.0,2988.0,2875.0,2715.0,2560.0,2483.0,2274.0,2089.0,1997.0
Brazil,SA,,0.0,0.0,0.0,0.0,0.0,0.0,0.0,0.0,0.0,0.0,0.0,0.0,0.0,0.0,0.0,0.0,0.0,0.0,0.0,0.0,0.0,0.0,0.0,0.0,0.0,0.0,0.0,0.0,0.0,0.0,0.0,0.0,0.0,0.0,1.0,0.0,0.0,1.0,0.0,0.0,0.0,2.0,0.0,9.0,0.0,7.0,5.0,6.0,7.0,14.0,99.0,0.0,11.0,38.0,121.0,51.0,249.0,172.0,228.0,525.0,378.0,323.0,307.0,431.0,432.0,487.0,352.0,323.0,1138.0,1119.0,1208.0,1012.0,1304.0,770.0,1031.0,1873.0,2136.0
Italy,EU,,0.0,0.0,0.0,0.0,0.0,0.0,0.0,0.0,2.0,0.0,0.0,0.0,0.0,0.0,0.0,1.0,0.0,0.0,0.0,0.0,0.0,0.0,0.0,0.0,0.0,0.0,0.0,0.0,0.0,17.0,42.0,93.0,74.0,93.0,131.0,202.0,233.0,240.0,566.0,342.0,466.0,587.0,769.0,778.0,1247.0,1492.0,1797.0,977.0,2313.0,0.0,5198.0,3497.0,3590.0,3233.0,3526.0,4207.0,5322.0,5986.0,6557.0,5560.0,4789.0,5249.0,5210.0,6203.0,5909.0,5974.0,5217.0,4050.0,4053.0,4782.0,4668.0,4585.0,4805.0,4316.0,3599.0,3039.0,3836.0
France,EU,,0.0,2.0,1.0,0.0,0.0,1.0,1.0,0.0,0.0,1.0,0.0,0.0,0.0,0.0,0.0,0.0,5.0,0.0,0.0,0.0,0.0,0.0,0.0,1.0,0.0,0.0,0.0,0.0,0.0,0.0,0.0,0.0,0.0,2.0,4.0,20.0,19.0,43.0,30.0,61.0,13.0,84.0,92.0,276.0,303.0,177.0,83.0,575.0,499.0,0.0,1388.0,815.0,36.0,2151.0,1032.0,1409.0,1846.0,1788.0,1705.0,1780.0,3880.0,2499.0,2978.0,3951.0,3851.0,4703.0,2603.0,4462.0,7657.0,4922.0,2180.0,5273.0,25646.0,2925.0,5190.0,11102.0,3894.0
Turkey,AS,,0.0,0.0,0.0,0.0,0.0,0.0,0.0,0.0,0.0,0.0,0.0,0.0,0.0,0.0,0.0,0.0,0.0,0.0,0.0,0.0,0.0,0.0,0.0,0.0,0.0,0.0,0.0,0.0,0.0,0.0,0.0,0.0,0.0,0.0,0.0,0.0,0.0,0.0,0.0,0.0,0.0,0.0,0.0,0.0,0.0,0.0,0.0,0.0,1.0,0.0,4.0,0.0,1.0,12.0,29.0,51.0,94.0,167.0,311.0,566.0,293.0,343.0,561.0,1196.0,2069.0,1704.0,1815.0,1610.0,2704.0,2148.0,2456.0,2786.0,3013.0,3135.0,3148.0,3892.0,4117.0
United Kingdom,EU,,0.0,0.0,0.0,0.0,0.0,0.0,0.0,0.0,2.0,0.0,0.0,0.0,0.0,0.0,0.0,1.0,0.0,0.0,5.0,0.0,1.0,0.0,0.0,0.0,0.0,0.0,0.0,0.0,0.0,0.0,0.0,0.0,4.0,0.0,0.0,2.0,5.0,3.0,13.0,4.0,11.0,35.0,30.0,48.0,43.0,67.0,48.0,62.0,75.0,0.0,343.0,342.0,1.0,406.0,409.0,682.0,74.0,1298.0,1053.0,678.0,981.0,1438.0,1476.0,2172.0,2933.0,2567.0,2468.0,2673.0,3028.0,4384.0,4308.0,4516.0,3788.0,5959.0,3843.0,3670.0,5525.0
Germany,EU,,0.0,0.0,0.0,0.0,1.0,3.0,0.0,0.0,1.0,3.0,2.0,2.0,0.0,0.0,0.0,1.0,0.0,1.0,0.0,2.0,0.0,0.0,0.0,0.0,0.0,0.0,0.0,0.0,0.0,0.0,0.0,0.0,0.0,1.0,10.0,19.0,2.0,31.0,51.0,29.0,37.0,66.0,220.0,188.0,129.0,241.0,136.0,281.0,451.0,170.0,1597.0,910.0,1210.0,1477.0,1985.0,3070.0,2993.0,4528.0,2365.0,2660.0,4183.0,3930.0,4337.0,6615.0,6933.0,6824.0,4400.0,4790.0,4923.0,6064.0,6922.0,6365.0,4933.0,4031.0,3251.0,4289.0,5633.0
Spain,EU,,0.0,0.0,0.0,0.0,0.0,0.0,0.0,0.0,0.0,1.0,0.0,0.0,0.0,0.0,0.0,0.0,0.0,1.0,0.0,0.0,0.0,0.0,0.0,0.0,0.0,0.0,0.0,0.0,0.0,0.0,0.0,0.0,0.0,4.0,7.0,2.0,17.0,13.0,39.0,36.0,45.0,57.0,37.0,141.0,100.0,173.0,400.0,622.0,582.0,0.0,2955.0,1159.0,1407.0,2144.0,1806.0,2162.0,4053.0,2447.0,4964.0,3394.0,6368.0,4749.0,9630.0,8271.0,7933.0,7516.0,6875.0,7846.0,7967.0,8195.0,7947.0,7134.0,6969.0,5478.0,5029.0,5267.0,6278.0
US,NA,,0.0,1.0,0.0,3.0,0.0,0.0,0.0,0.0,2.0,1.0,0.0,3.0,0.0,0.0,0.0,0.0,0.0,0.0,0.0,1.0,0.0,1.0,0.0,0.0,0.0,0.0,0.0,0.0,0.0,2.0,0.0,0.0,36.0,0.0,6.0,1.0,2.0,8.0,6.0,24.0,20.0,31.0,68.0,45.0,140.0,116.0,65.0,376.0,322.0,382.0,516.0,548.0,772.0,1133.0,1789.0,1362.0,5964.0,5526.0,6327.0,7676.0,10571.0,9893.0,12038.0,18058.0,17821.0,19821.0,19431.0,20928.0,26335.0,25200.0,30244.0,31970.0,33264.0,28222.0,29595.0,29556.0,32829.0
